PESOS ENTRADA OCULTA (W)
[0.147578, -0.017432, 0.157019, 0.161649, 0.160282, -0.112151, 0.048897, -0.017486, -0.06681, 0.086459, -0.061003, 0.00068, -0.096187, -0.093954, 0.152884, -0.000493, -0.046007, -0.010976, 0.124253, -0.116362, 0.088735, -0.092336, -0.121281, -0.130662, -0.079506, -0.054602, -0.048414, -0.10453, 0.019101, -0.022431, 0.051696, -0.111608, -0.128277, 0.063211, 0.128879, 0.000104, -0.025844, -0.151141, 0.041144, 0.073569, 0.083496, 0.138033, 0.092639, 0.151032, -0.047272, 0.143879, -0.110724, 0.130888, -0.05631, -0.043013, 0.136882, 0.019943, -0.024931, -0.073707, -0.158663, -0.144754, -0.102205, 0.05867, -0.05594, 0.128235, -0.050775, -0.062257, -0.099508, 0.134398, -0.154448, -0.162435, -0.005106, -0.156525, 0.127535, 0.015646, 0.022403, 0.106806, -0.113995, -0.145142, 0.038307, 0.137556, 0.13529, 0.04603, -0.167074, 0.045407, -0.052923, -0.053982, 0.06042, 0.027666, 0.033397, -0.036995, 0.128486, -0.034584, 0.08559, 0.003596]
[-0.011604, 0.061215, -0.061468, 0.065818, -0.168128, 0.037672, 0.091563, 0.151478, 0.027364, -0.00045, 0.08506, -0.080368, -0.111144, -0.10311, -0.065341, 0.077188, -0.0876, 0.005368, -0.141286, 0.059915, 0.062105, 0.113972, 0.014257, -0.097639, 0.115775, -0.053428, 0.096123, -0.126371, -0.04721, 0.160483, -0.149685, -0.058841, -0.08151, -0.030381, 0.119857, 0.069793, 0.124341, 0.139663, 0.051546, -0.10219, -0.134522, -0.164166, -0.071705, -0.152305, 0.02583, 0.139787, -0.115374, 0.057909, 0.073858, 0.006779, -0.15002, -0.07984, -0.110042, -0.119067, 0.105319, -0.030509, -0.128152, 0.118077, 0.052756, 0.132198, -0.011913, 0.068175, -0.053883, 0.161448, 0.146151, 0.137955, 0.136731, 0.150563, -0.079086, 0.05259, 0.04831, -0.002895, 0.0539, -0.0726, 0.145924, 0.120146, 0.161039, -0.088374, 0.14835, 0.146472, -0.129938, -0.035749, -0.0572, 0.129947, -0.110425, 0.069821, -0.073755, 0.162192, -0.035542, -0.061204]
[-0.13339, -0.136007, 0.094407, 0.151249, -0.04651, 0.160923, -0.07319, -0.089763, 0.075228, -0.105287, 0.116082, 0.099358, 0.133159, -0.02477, 0.071954, 0.046275, -0.016123, 0.026411, 0.011804, 0.056438, 0.100859, -0.118932, 0.073456, 0.095994, 0.121287, 0.068177, 0.11972, -0.120661, -0.046011, -0.088224, 0.06982, -0.053544, -0.04546, 0.025858, 0.156909, 0.149322, 0.131162, -0.162215, -0.128101, -0.106016, -0.041055, -0.008808, -0.121803, 0.051485, 0.097553, 0.070195, 0.144235, -0.042811, -0.01219, 0.006738, -0.05644, -0.161037, 0.096121, 0.047423, -0.028946, 0.08367, -0.112363, 0.0419, -0.138509, -0.047981, 0.167912, -0.018226, -0.103754, -0.081513, -0.000791, -0.041797, 0.025844, -0.122017, 0.043226, -0.079925, -0.054343, 0.051803, 0.125897, 0.116265, -0.134742, -0.130174, -0.004302, -0.041634, 0.098864, -0.163597, -0.085288, -0.029189, -0.125432, 0.112569, 0.027613, 0.073758, 0.147471, 0.151678, -0.092564, 0.102157]
[0.072839, -0.087313, 0.020207, 0.110147, -0.007324, -0.057276, -0.106468, -0.127781, -0.111234, 0.14118, 0.10259, -0.071422, -0.084321, 0.099104, 0.004442, -0.045109, 0.162725, 0.05589, -0.105802, -0.096445, 0.114517, 0.035257, 0.062812, -0.128056, 0.142144, 0.111694, 0.117552, -0.051253, -0.018913, 0.017949, -0.025932, -0.078191, -0.126393, 0.002824, -0.051027, 0.056706, -0.008251, -0.106672, 0.053925, 0.165247, 0.099288, 0.106828, 0.012034, 0.15735, 0.106477, -0.152254, 0.024882, 0.104982, 0.082118, -0.005983, -0.122639, 0.162203, 0.004129, -0.121002, -0.098318, 0.037427, 0.031517, 0.011584, 0.132593, -0.019614, 0.010859, -0.023213, -0.018522, 0.109566, -0.023983, 0.000754, -0.126733, 0.090895, 0.048091, -0.125289, 0.041729, 0.107821, -0.139946, -0.157744, 0.146359, -0.112406, 0.00807, -0.0995, -0.139086, 0.077563, 0.159018, -0.015378, -0.142367, -0.157911, 0.146514, -0.165472, -0.137339, -0.16287, 0.10755, 0.079691]
[0.006373, 0.060313, 0.099316, 0.08043, 0.01732, -0.022716, 0.086291, -0.070717, 0.059724, 0.08135, 0.069568, -0.09884, -0.165289, 0.058535, -0.044141, 0.066415, -0.066457, -0.047167, -0.049698, -0.003778, 0.092184, 0.042267, -0.143161, 0.064216, 0.103233, -0.025815, 0.094598, 0.166285, -0.028312, -0.010317, -0.165244, 0.16277, 0.154241, 0.120493, 0.154502, -0.120147, -0.148071, 0.045133, -0.129412, 0.068689, 0.022407, 0.163068, 0.126596, 0.007, 0.028832, -0.071325, -0.070113, -0.064583, 0.104562, -0.035751, 0.14121, -0.147942, -0.020332, -0.108638, 0.023508, 0.099365, 0.105768, -0.002397, 0.14299, 0.049197, 0.1101, 0.085285, -0.007604, -0.061168, 0.022652, -0.083166, -0.104986, 0.082078, -0.156388, -0.141427, 0.083195, -0.000802, -0.0656, -0.091756, 0.021672, -0.140097, 0.11193, 0.00565, 0.063164, -0.151352, 0.092076, -0.165526, -0.096165, 0.071351, -0.118084, 0.092826, 0.073895, 0.151747, -0.116303, -0.091579]
[0.090399, 0.133695, -0.014487, -0.014878, -0.091538, -0.104943, 0.050993, -0.099564, 0.05958, -0.105062, -0.057293, -0.078686, 0.111192, 0.139383, -0.102205, -0.116441, 0.0219, 0.096321, 0.124185, -0.14071, -0.117695, 0.136863, 0.136596, 0.128534, -0.138257, -0.054179, -0.014434, -0.044991, -0.015047, 0.039925, 0.12422, -0.000741, 0.061471, -0.058832, 0.154388, 0.125557, 0.104193, -0.046253, 0.114174, 0.131417, 0.117138, -0.070001, -0.012405, 0.076319, 0.117726, 0.049763, -0.028244, -0.041743, 0.005537, 0.153417, 0.026337, 0.116061, -0.114633, -0.036157, -0.08532, -0.095183, -0.103744, -0.104784, -0.065204, -0.132697, 0.093915, -0.106778, 0.164028, 0.156444, -0.0289, -0.010332, -0.123893, -0.039167, -0.091348, -0.154386, -0.01484, -0.164322, 0.142246, 0.024696, 0.005223, 0.094439, -0.102582, 0.092577, -0.065198, -0.140592, -0.026588, -0.02886, -0.128684, 0.098672, 0.125313, 0.150454, -0.058854, -0.146944, 0.005937, 0.0405]
[-0.032749, -0.128379, -0.023604, -0.012166, -0.031513, -0.122193, -0.039506, -0.037191, 0.110653, 0.133309, -0.120912, -0.018834, -0.113069, -0.122494, -0.139341, 0.009552, -0.110019, 0.077835, -0.087484, -0.128305, 0.084679, -0.002507, 0.010745, 0.060861, -0.043526, -0.128678, -0.038429, -0.152099, -0.105702, 0.012564, 0.014075, -0.007146, -0.069236, 0.148438, -0.125019, -0.16188, -0.07757, -0.15196, 0.026438, 0.132342, 0.112258, 0.086407, 0.000704, 0.00361, 0.142818, 0.023641, -0.000958, 0.097829, 0.136148, 0.086101, 0.005332, 0.045599, -0.035915, -0.052251, -0.088655, 0.109338, -0.153108, 0.082781, -0.030831, 0.009111, -0.060667, 0.049556, -0.045846, -0.159339, -0.127167, 0.040073, 0.093099, 0.000726, 0.04602, -0.039527, -0.165237, 0.119274, -0.122431, -0.007251, 0.133222, -0.138032, -0.167389, 0.077831, 0.11845, 0.107036, -0.00601, -0.116539, -0.07506, 0.09176, -0.070627, -0.039216, -0.120847, 0.058764, -0.087125, -0.000793]
[0.060462, -0.047184, 0.125255, -0.017902, 0.010301, 0.050749, 0.098735, -0.064124, -0.111376, 0.075344, 0.154812, -0.150248, 0.066793, -0.029216, -0.127325, -0.161892, 0.070055, 0.02426, 0.130362, -0.042919, 0.1189, -0.019903, -0.082714, 0.014841, -0.119827, -0.10309, -0.018853, 0.105108, -0.084806, -0.076998, -0.041337, 0.121258, 0.122559, -0.021382, 0.126492, -0.044301, -0.067858, -0.045379, 0.099225, -0.129676, 0.061605, 0.106772, 0.068913, 0.086045, -0.00138, 0.043007, -0.106767, -0.037638, 0.063117, -0.054054, -0.135733, -0.051824, -0.026899, -0.021392, -0.120836, 0.11517, 0.107835, 0.138527, -0.080212, -0.079845, -0.081788, 0.152233, 0.043716, -0.166587, 0.158746, 0.040049, -0.072401, 0.072068, -0.160496, -0.015442, -0.137792, -0.136399, -0.137195, 0.037313, -0.005407, -0.017649, 0.118784, -0.083646, -0.131499, -0.096894, 0.149066, -0.00512, -0.057374, 0.044429, 0.140503, -0.158061, -0.050776, 0.163356, -0.035472, 0.056664]
[0.040429, -0.057322, 0.123814, 0.032628, -0.127953, 0.023324, 0.079607, -0.076989, 0.030701, -0.071597, 0.130882, 0.021559, -0.145111, -0.11765, 0.07703, 0.135108, -0.14791, -0.042852, 0.147631, 0.136874, 0.025756, 0.146868, 0.139623, -0.126591, -0.115814, -0.139454, -0.002235, -0.064768, -0.132774, 0.068081, -0.112419, -0.109317, 0.084021, -0.061772, -0.121062, 0.148498, 0.071006, -0.042054, 0.018243, -0.095691, -0.08222, 0.110929, 0.035648, -0.042262, 0.112169, 0.051075, -0.150946, 0.130345, 0.026294, -0.122531, -0.102833, -0.101627, -0.038725, -0.013202, -0.013296, 0.12293, 0.133574, 0.023789, -0.14288, -0.023809, -0.123417, -0.119033, 0.104795, 0.139915, 0.074509, -0.112639, 0.046429, -0.088177, 0.063146, 0.110453, -0.059449, 0.048586, 0.042427, 0.015127, -0.012952, -0.159226, 0.102308, -0.063315, -0.002141, -0.156664, 0.003429, -0.096219, -0.090524, 0.018593, -0.14918, 0.082652, -0.12098, 0.008922, -0.130531, -0.160443]
[0.118169, -0.05885, 0.120239, -0.022766, -0.063159, 0.160378, 0.030124, 0.140331, 0.038704, 0.105007, 0.095429, 0.149793, 0.092747, 0.147307, -0.035964, -0.018446, -0.061676, 0.077691, -0.063877, -0.023535, -0.153851, 0.131799, 0.00922, -0.071583, -0.007974, -0.097135, 0.13968, -0.050704, 0.04269, -0.145793, 0.114335, 0.073027, 0.007126, -0.107207, -0.024236, 0.010565, -0.126679, 0.048206, -0.051562, -0.031666, 0.06877, 0.14787, 0.126834, -0.158401, 0.160582, 0.13805, -0.110109, -0.004953, -0.160538, 0.063866, 0.033748, 0.105653, 0.031781, 0.108309, -0.07096, 0.064236, 0.166616, -0.103599, -0.022383, -0.020357, 0.098474, 0.168237, 0.066933, 0.14111, 0.072186, -0.158394, -0.036803, 0.004446, -0.016618, 0.014848, 0.155088, 0.166995, -0.124283, -0.100823, 0.072563, -0.022978, 0.115353, -0.093357, -0.111206, 0.144237, 0.108807, -0.101514, 0.132394, -0.113349, 0.067038, -0.016232, 0.090384, -0.134267, -0.155495, -0.047627]
[0.130939, -0.143451, 0.148243, 0.15648, -0.128359, 0.037545, -0.107388, 0.087176, 0.069116, 0.058577, -0.039586, -0.145557, -0.143722, -0.064076, 0.147307, -0.040348, 0.164665, -0.153853, 0.099699, -0.001923, -0.143334, -0.066975, 0.127999, 0.082693, 0.004875, -0.162243, -0.05691, -0.126743, 0.111194, -0.105225, -0.162555, 0.107143, -0.139717, 0.14807, -0.038084, 0.004247, 0.153935, -0.08435, 0.152375, 0.054461, -0.142762, -6.1e-05, 0.158203, -0.149064, 0.052993, 0.089355, -0.046944, 0.055338, -0.050133, 0.103041, 0.048066, -0.151122, -0.113388, 0.144141, -0.130945, 0.148467, -0.14534, -0.021316, -0.07112, 0.112966, -0.074712, 0.037343, 0.081953, 0.062863, 0.033751, -0.063489, -0.10492, -0.0942, -0.009677, 0.032278, 0.090542, -0.099269, 0.112348, -0.066236, -0.008071, -0.090688, -0.065112, 0.109205, 0.00219, 0.128543, -0.123006, 0.093567, -0.011344, -0.130619, 0.106226, -0.109186, 0.152148, 0.05282, 0.107113, -0.10165]
[0.074374, 0.118498, 0.015735, 0.0362, 0.005481, -0.033637, -0.073035, -0.039903, 0.042518, -0.004194, -0.014143, 0.122907, 0.066174, 0.129979, -0.028171, -0.045281, -0.085483, -0.09446, -0.028458, 0.004466, 0.036515, -0.036803, 0.022266, 0.096387, 0.128849, -0.054046, -0.065558, 0.125257, 0.021457, -0.129626, 0.04306, -0.086614, 0.028987, -0.063618, 0.071138, -0.037528, 0.105677, 0.120734, -0.087379, -0.136052, -0.132396, 0.004901, -0.015234, -0.139881, 0.040195, -0.0083, -0.143973, 0.03626, -0.044276, -0.032912, 0.132461, 0.162792, -0.070411, 0.019912, 0.058514, -0.062833, -0.14119, -0.067016, 0.04412, -0.08183, -0.00348, 0.099865, 0.051872, 0.072067, 0.167791, -0.03081, -0.122477, -0.002013, -0.087996, 0.007189, -0.159536, 0.077936, 0.035176, 0.069637, -0.129765, 0.094923, -0.091155, 0.123589, -0.070856, -0.104053, 0.040472, 0.067367, -0.106363, 0.076667, 0.068628, -0.144141, 0.002197, 0.083114, -0.082205, 0.028033]
[0.062651, -0.045662, 0.166873, -0.048874, 0.152578, 0.08723, 0.036095, 0.024105, -0.119066, 0.136226, -0.029906, -0.01372, -0.064116, -0.001517, 0.022216, 0.095671, 0.086692, -0.007478, 0.16691, -0.04099, -0.163415, 0.128553, 0.045511, -0.019242, 0.054751, 0.070287, 0.077747, -0.119947, -0.094137, -0.144856, -0.102781, -0.014603, -0.14955, 0.112991, 0.131331, 0.056708, 0.167217, 0.128455, -0.091208, 0.096914, -0.101661, 0.153518, -0.101516, -0.098751, -0.132279, -0.109806, 0.088348, -0.141154, 0.103966, -0.122718, -0.092323, -0.008581, -0.000457, -0.042887, -0.093414, -0.015336, 0.03969, 0.017342, -0.082554, -0.017031, 0.042873, 0.154916, 0.0848, 0.051783, 0.069027, 0.059797, 0.038354, -0.142816, 0.107281, -0.108383, -0.14718, 0.011438, -0.147402, -0.167759, 0.09625, -0.133975, -0.136784, 0.07589, 0.062922, -0.063275, 0.037131, 0.163502, -0.134314, 0.109328, 0.09797, 0.16313, -0.122983, -0.16788, 0.007364, -0.099908]
[0.043847, 0.027649, 0.113002, 0.000102, -0.00335, -0.096367, 0.012483, 0.152855, 0.095057, -0.124945, 0.151219, -0.111046, -0.082358, 0.053006, -0.106096, 0.054313, 0.140845, -0.071192, -0.093853, -0.119812, -0.16899, 0.133942, -0.035698, -0.161687, 0.162195, 0.149482, 0.096752, -0.166524, -0.159012, -0.148059, -0.094168, 0.155614, -0.027836, -0.018775, 0.094009, 0.016287, -0.066025, -0.101277, -0.070918, 0.088439, 0.157979, 0.038935, 0.098369, 0.042913, -0.07118, 0.142073, 0.083452, 0.110034, -0.001988, 0.143648, -0.013492, 0.100099, -0.088839, 0.028606, 0.102033, -0.132384, -0.031242, 0.093165, 0.067387, 0.154269, -0.137237, -0.039424, 0.064957, 0.069652, 0.108693, -0.07864, -0.129385, -0.033661, 0.075073, -0.10504, 0.010497, -0.069629, 0.054478, 0.15609, -0.049288, -0.089068, 0.030726, -0.148886, -0.119458, 0.051251, -0.157639, 0.108363, 0.121144, 0.128207, -0.135495, -0.105421, 0.160158, 0.152202, -0.105867, 0.135278]
[-0.118391, -0.077653, -0.143824, 0.043598, 0.122426, 0.000307, 0.165153, -0.03007, 0.040445, -0.106673, 0.046091, 0.125254, 0.019145, -0.083214, 0.119942, -0.031566, -0.120762, -0.105155, 0.124871, -0.154778, 0.105375, -0.063369, 0.005726, -0.166397, -0.067228, -0.129647, 0.08967, 0.137092, -0.151038, -0.079937, 0.166391, 0.065541, 0.095847, -0.109271, -0.087854, 0.158988, -0.065328, 0.031396, -0.058765, 0.052795, 0.132094, 0.015642, 0.0151, -0.155333, -0.061028, 0.043921, -0.02318, 0.135164, -0.095439, 0.030739, 0.097722, -0.017434, -0.037227, -0.164217, -0.026725, 0.067739, -0.071149, 0.145458, 0.077304, -0.028112, 0.040457, -0.11728, -0.080742, 0.000879, 0.043114, 0.149703, -0.070125, 0.018207, -0.131399, 0.086786, -0.132301, 0.089972, 0.044152, -0.108381, 0.152018, -0.045422, 0.094072, 0.051133, -0.07561, 0.006194, 0.147558, 0.160409, 0.027728, 0.084078, 0.168666, -0.011596, 0.053981, -0.110288, -0.09736, 0.013552]
[-0.032741, 0.020303, 0.040602, 0.014698, 0.090122, -0.058049, -0.076575, 0.11641, 0.047766, 0.115805, 0.024846, -0.112799, -0.08141, -0.135963, -0.093127, 0.113079, -0.045396, -0.102007, 0.082013, 0.124877, -0.010328, -0.044482, 0.016797, -0.124568, 0.044913, -0.070335, -0.044831, -0.061935, 0.1421, 0.156457, -0.024131, -0.001263, -0.144599, -0.131063, -0.001013, -0.161795, -0.033884, -0.037408, 0.093079, 0.156428, 0.055681, 0.138158, -0.149286, 0.034629, 0.02781, -0.014614, 0.048412, -0.038571, -0.164111, 0.092803, 0.029207, 0.1645, 0.05681, 0.009041, -0.026015, 0.099282, -0.134292, -0.155462, -0.146679, 0.132711, -0.167814, -0.061235, -0.146963, -0.055205, 0.143324, -0.021656, -0.050347, -0.067483, 0.120107, 0.149356, -0.0176, -0.111548, -0.056999, 0.141172, 0.058606, -0.070506, 0.148026, -0.058738, 0.08916, 0.131075, -0.036592, 0.10104, 0.135581, 0.030017, 0.000734, -0.13902, -0.051908, 0.015447, -0.135151, 0.058575]
[-0.018757, -0.016923, 0.020891, -0.147224, 0.031821, -0.163726, -0.005305, 0.078471, -0.054605, 0.034476, -0.079768, -0.126175, 0.084756, 0.144753, -0.163117, -0.139938, -0.060625, 0.016904, -0.064508, 0.164069, 0.009664, -0.099755, 0.055511, -0.062402, 0.005256, 0.096824, 0.036574, -0.070198, -0.124679, 0.013655, -0.101813, -0.14713, 0.169023, -0.03733, -0.099329, -0.058811, 0.085907, 0.042323, 0.157432, 0.020667, 0.099698, -0.132376, 0.144931, 0.05714, 0.098691, 0.056435, 0.035028, 0.050975, -0.152898, -0.140777, -0.087317, 0.066774, 0.136567, 0.158576, 0.047, -0.056285, -0.001571, 0.078286, 0.002839, 0.042737, -0.104554, -0.030201, -0.041228, -0.126315, 0.120769, 0.111123, -0.091676, 0.011878, 0.062101, 0.061799, 0.056057, 0.029973, 0.123646, -0.069078, 0.035745, 0.070154, 0.091805, -0.061185, 0.094086, -0.151426, -0.097774, 0.112917, 0.106396, -0.139074, 0.159542, -0.024273, 0.16697, -0.092121, -0.044759, 0.026323]
[-0.068404, -0.155114, -0.066971, -0.010779, 0.092039, -0.090756, -0.162529, 0.147336, 0.120013, -0.149214, -0.026938, 0.098459, 0.055695, -0.042946, 0.037011, 0.018969, -0.023582, -0.005554, -0.103892, 0.168586, -0.031133, 0.130932, 0.067704, -0.096468, -0.075293, -0.075731, 0.161921, -0.058962, -0.008005, 0.129828, 0.061956, -0.105836, -0.077316, 0.098428, 0.163899, 0.045891, -0.028975, -0.012907, 0.098817, -0.084394, 0.044916, 0.100177, 0.087098, -0.055885, 0.026113, -0.125838, 0.026765, -0.113843, 0.082389, 0.063905, -0.038268, -0.144271, -0.112784, 0.119475, 0.134469, -0.030986, -0.117348, 0.056463, -0.12505, -0.114418, -0.15221, -0.022042, 0.031379, -0.056207, -0.07081, -0.07704, -0.104271, -0.09233, 0.013121, 0.034302, 0.085359, -0.128095, 0.092874, 0.071836, -0.050642, -0.093537, -0.095103, -0.063947, 0.15584, -0.086146, -0.158616, 0.056376, 0.056882, 0.052535, -0.079051, 0.099753, -0.027825, -0.024236, 0.0429, 0.091693]
[-0.147989, 0.043358, -0.129868, -0.048004, -0.12178, -0.166188, -0.121006, -0.083517, -0.136236, 0.057416, -0.047927, -0.025455, 0.141165, -0.0184, -0.073473, 0.129321, 0.024576, 0.023109, 0.006651, -0.068431, 0.154949, -0.023593, 0.131418, -0.078648, 0.137921, -0.092003, -0.03768, 0.036322, -0.049383, 0.091714, 0.078128, -0.043104, 0.134902, 0.052831, 0.108809, 0.002449, 0.01353, 0.024103, -0.080716, -0.04345, 0.019006, 0.059514, -0.107185, -0.125786, -0.109916, -0.110386, -0.060684, 0.093747, -0.165201, -0.145378, 0.015486, -0.109252, 0.15715, -0.13023, 0.047796, 0.024051, 0.011961, 0.144862, 0.149922, 0.151153, 0.142659, -0.050736, 0.064719, -0.090047, 0.024932, 0.112203, 0.055342, -0.017732, 0.104373, -0.116678, -0.044562, -0.105738, 0.017701, -0.002317, -0.137552, -0.150546, 0.074177, -0.100039, 0.142014, 0.105688, -0.082959, -0.002814, -0.083554, 0.158806, 0.123789, 0.125449, 0.15882, -0.11156, -0.157434, 0.080403]
[-0.110552, 0.118102, 0.010217, -0.135732, -0.035608, -0.123893, 0.075109, 0.129169, 0.100722, -0.041743, -0.137358, 0.071334, 0.013715, 0.116928, 0.067736, 0.102355, 0.111658, 0.090491, -0.150378, 0.101746, 0.048744, -0.035208, -0.146706, 0.040638, 0.079252, -0.059335, 0.139896, 0.063988, -0.070528, -0.029427, -0.012416, 0.040455, -0.116866, -0.079789, -0.063875, -0.001177, -0.060805, 0.148691, 0.161326, 0.156289, -0.088366, -0.027424, 0.068143, -0.138566, 0.035056, 0.044228, -0.119279, -0.017674, 0.1532, 0.093756, 0.058797, 0.100096, 0.168191, -0.088306, 0.030475, -0.144612, -0.039763, 0.006238, 0.046595, 0.109587, 0.143608, 0.066117, -0.121987, -0.108392, -0.130565, 0.031332, -0.123848, 0.061316, -0.130782, 0.143573, 0.08674, 0.072381, -0.050031, 0.051224, -0.127811, -0.022321, -0.166459, 0.16129, 0.09641, 0.036574, -0.010051, -0.011983, -0.157935, -0.078039, -0.150872, 0.04776, 0.069582, 0.10911, 0.013398, 0.114493]
[-0.02999, -0.030948, 0.069046, 0.066971, 0.069173, 0.139823, -0.151498, 0.154307, 0.152574, -0.000601, 0.01495, -0.168171, 0.011663, -0.162372, 0.070832, 0.141015, -0.16286, 0.136609, 0.08282, -0.106807, 0.124585, -0.155983, 0.128, 0.110262, 0.053154, 0.109351, -0.167766, 0.079, -0.129135, -0.144185, -0.044665, -0.033684, -0.145992, -0.1224, 0.159417, 0.026319, -0.074887, -0.13322, 0.106228, -0.098246, 0.042606, 0.048673, 0.095893, -0.135067, -0.158856, -0.038609, 0.100151, 0.041618, -0.019711, -0.076867, 0.01773, -0.150335, -0.092223, 0.122497, 0.099258, 0.059145, -0.165754, -0.134385, 0.022638, 0.03002, 0.110275, -0.168071, 0.166102, 0.084241, 0.001569, 0.055323, -0.117674, 0.047299, 0.032484, 0.011156, 0.022904, -0.082716, -0.040139, -0.159533, 0.146819, 0.086015, -0.146205, -0.073539, -0.023546, -0.12121, -0.02481, -0.10957, 0.102958, 0.15366, -0.087366, -0.088724, -0.031479, 0.024052, -0.159085, 0.142483]
[0.139119, 0.001619, 0.038291, -0.115163, 0.103031, 0.138941, -0.138591, -0.000188, 0.124725, 0.011786, -0.025598, -0.088232, 0.00623, -0.061446, 0.051043, 0.065758, -0.090892, -0.108076, -0.101636, 0.143608, 0.005528, -0.152762, 0.089068, -0.006961, -0.119098, -0.031762, 0.00626, 0.151724, 0.004637, -0.145462, 0.051846, 0.092764, 0.092596, 0.089356, -0.035057, 0.158975, -0.119604, 0.163698, 0.094682, 0.147903, 0.049567, -0.108264, 0.074276, 0.002564, -0.044312, 0.013489, 0.015737, 0.142585, 0.167536, 0.118559, 0.002457, -0.11807, -0.031129, 0.05421, -0.008988, 0.008392, -0.055712, 0.005314, -0.164312, 0.159467, -0.042529, -0.125431, -0.002264, 0.071884, -0.041549, 0.104324, 0.121965, 0.020162, 0.02575, -0.007001, 0.051356, 0.116438, 0.129191, 0.131084, 0.139773, -0.000177, -0.097588, -0.100118, 0.151882, 0.154616, 0.111771, 0.09886, -0.10161, 0.035635, -0.026403, 0.126906, 0.033372, 0.024953, 0.042253, -0.125336]
[0.096139, -0.142391, 0.096789, 0.135766, 0.142734, -0.03829, -0.070076, -0.143577, 0.10921, -0.148969, 0.11947, -0.090996, -0.024422, 0.131674, 0.00096, -0.080168, 0.043777, 0.152628, 0.114702, -0.130872, 0.149355, -0.055722, -0.077406, 0.133916, -0.163863, 0.119929, -0.078197, 0.163984, -0.102797, -0.113848, 0.081051, -0.105579, -0.096141, 0.085196, -0.074596, 0.130067, 0.136198, -0.152688, -0.053043, -0.165361, -0.026699, -0.0927, -0.046758, -0.052901, -0.166376, -0.127625, -0.068641, -0.035305, 0.125923, -0.050017, -0.007736, -0.038788, 0.096335, -0.066354, 0.165074, -0.125872, 0.129568, 0.028035, -0.039789, -0.008427, 0.119648, -0.063734, -0.123616, -0.146492, -0.133778, -0.020795, 0.039505, -0.121884, -0.140497, 0.165295, 0.167394, 0.072576, 0.030829, 0.141903, 0.105676, 0.141328, -0.107268, 0.105033, 0.136786, -0.133332, -0.091968, -0.076224, -0.0796, 0.16712, 0.167879, 0.125694, 0.01339, -0.109841, -0.0628, 0.066841]
[0.001586, -0.099221, -0.082138, -0.11331, 0.071711, 0.046515, -0.011402, 0.14781, 0.068149, 0.120389, 0.127528, -0.13101, 0.042464, 0.072628, 0.139002, 0.083373, -0.165128, -0.159778, 0.078622, -0.061137, -0.057842, -0.106837, 0.109547, 0.069087, 0.055316, -0.116771, 0.12315, 0.099675, -0.125849, -0.07957, -0.124547, 0.022178, -0.129274, 0.024661, -0.074464, 0.143544, 0.090142, 0.058869, -0.061378, 0.132061, -0.067573, 0.091615, -0.120112, 0.091303, 0.082009, 0.123817, 0.009935, -0.049013, 0.14048, -0.031293, -0.040401, -0.05287, 0.034069, 0.035539, -0.078946, -0.158497, 0.02432, 0.090297, 0.135449, 0.122944, -0.069588, 0.0595, 0.028055, -0.101289, -0.052575, -0.094757, 0.001994, -0.052943, -0.01404, -0.155493, -0.036572, 0.101111, -0.13248, -0.018651, 0.101449, 0.069052, 0.06928, 0.124825, -0.028287, -0.056277, 0.15966, -0.152497, -0.153772, -0.150607, -0.076565, 0.128514, -0.098715, 0.065408, -0.06374, -0.125059]
[0.089051, 0.073009, -0.14523, -0.107047, 0.024807, -0.095322, 0.05633, -0.041972, 0.031904, -0.00847, -0.02974, -0.052283, -0.007163, 0.167575, 0.051955, -0.012634, 0.148414, -0.075939, -0.106843, 0.017451, -0.089186, 0.105161, 0.1293, -0.059768, -0.153358, 0.137336, 0.07477, 0.070762, 0.11098, 0.137809, 0.057617, 0.070695, 0.016663, -0.068519, 0.029942, 0.008462, 0.005408, 0.164063, 0.0282, 0.113756, -0.124642, -0.143265, -0.109836, 0.113758, 0.037723, -0.034181, -0.134994, -0.07385, -0.158519, 0.046238, -0.122333, -0.104728, 0.049841, -0.057851, 0.067966, 0.066126, 0.112637, -0.033783, 0.161534, -0.087734, -0.053941, -0.036528, -0.018116, -0.079687, 0.115693, -0.097949, 0.075367, 0.085263, 0.136664, -0.040467, 0.029945, -0.056154, -0.165568, 0.031221, -0.068583, -0.155641, 0.100028, 0.031619, -0.041885, 0.002816, -0.084815, 0.009382, 0.168914, 0.149797, 0.152252, 0.060287, -0.076874, 0.041037, 0.161171, -0.065172]
[0.063987, -0.091662, -0.144329, 0.119853, 0.118576, -0.017048, -0.133041, -0.008226, -0.003247, -0.110936, 0.045155, 0.001969, -0.075037, 0.151565, 0.059192, -0.083784, 0.115571, 0.047459, -0.08891, 0.044003, -0.035238, 0.139949, -0.012703, -0.067379, 0.093854, -0.050539, -0.098532, -0.082242, -0.110361, -0.027838, 0.151043, 0.036089, -0.159332, 0.034579, -0.086567, 0.096533, 0.029268, 0.168276, 0.163141, -0.165618, -0.142808, 0.056134, 0.119753, 0.05045, 0.020012, -0.009913, -0.108876, 0.116089, -0.063862, 0.067093, -0.085148, 0.003067, 0.112767, -0.103973, 0.103886, -0.116859, -0.023458, 0.109212, 0.1578, -0.162162, 0.046298, -0.068133, 0.100303, 0.162135, 0.106732, -0.124194, -0.024008, 0.093718, -0.026824, -0.139401, -0.074381, 0.055254, -0.098448, -0.040133, 0.154978, 0.116705, 0.092281, 0.104252, -0.130816, -0.026015, -0.124979, -0.124541, -0.165646, 0.137527, -0.082789, 0.165879, 0.002834, -0.114173, -0.087602, -0.02556]
[0.024924, 0.030086, 0.152575, 0.020128, -0.069039, -0.100048, 0.135841, 0.063826, -0.090935, -0.01255, 0.087303, 0.09861, 0.022888, 0.101549, 0.039496, -0.157564, -0.106472, -0.033453, -0.030859, 0.153254, 0.061307, -0.121025, -0.074832, -0.165251, 0.026414, 0.048776, -0.031354, -0.04644, 0.101365, 0.080264, 0.065319, -0.066997, -0.078749, 0.135358, -0.144924, 0.066002, 0.040582, 0.112527, 0.074387, -0.061333, -0.053889, -0.01605, -0.029656, -0.112117, -0.066915, 0.078908, -0.005109, 0.15501, 0.101647, 0.129379, -0.070534, 0.109207, 0.113654, -0.098967, 0.131576, 0.019782, 0.100261, -0.004331, 0.002249, 0.153796, 0.052964, 0.127392, -0.163148, -0.146865, 0.006627, 0.109283, 0.142677, 0.002824, 0.08235, -0.054261, 0.091305, -0.075024, -0.068165, -0.143012, 0.125582, -0.026576, 0.166649, -0.139352, -0.137157, 0.134692, -0.080336, -0.125562, 0.08535, 0.075694, -0.096091, -0.100345, 0.160151, 0.082959, 0.043695, 0.03012]
[0.129742, 0.043371, -0.042061, 0.116266, -0.112597, -0.04196, 0.132396, -0.101679, 0.100151, 0.061642, -0.092279, 0.152757, 0.019734, 0.117128, -0.041593, -0.068168, -0.16351, 0.055022, -0.009693, 0.091844, -0.077299, 0.004558, -0.023903, -0.141948, 0.034117, 0.148556, 0.152068, 0.056791, -0.06552, -0.029333, -0.001891, 0.047289, 0.000718, 0.088259, -0.031832, -0.168035, 0.082517, 0.15296, 0.018082, 0.03271, 0.000721, 0.034417, -0.007701, 0.014299, 0.040558, 0.061227, 0.141164, 0.03148, -0.01883, 0.01081, 0.131229, -0.110051, 0.018729, 0.041111, -0.134482, -0.122073, 0.103725, 0.14381, -0.006664, -0.03783, 0.094087, 0.141904, 0.125894, -0.131119, -0.01023, -0.088705, 0.153783, -0.128646, 0.048408, 0.118337, -0.077019, 0.038775, -0.057319, -0.050943, 0.124216, 0.044069, -0.015987, 0.020523, -0.118721, -0.074569, -0.103034, 0.000722, -0.019047, -0.072887, 0.112208, -0.122205, -0.065253, 0.02205, -0.134222, -0.097754]
[0.143587, -0.064299, 0.06121, -0.153384, -0.070316, 0.165789, 0.167302, -0.135398, -0.09755, 0.059786, 0.017382, -0.067203, -0.03698, 0.026105, -0.009535, 0.121901, -0.107809, 0.096418, 0.067907, -0.018406, 0.007649, 0.015928, -0.157079, 0.00543, 0.047664, 0.046133, -0.00761, 0.103867, 0.057178, 0.063726, 0.081213, 0.010042, 0.111285, -0.142173, -0.057145, 0.142131, 0.12454, 0.13281, 0.074842, 0.11073, 0.086902, -0.097618, 0.157176, 0.022801, 0.074426, 0.121964, 0.016426, -0.001541, -0.147349, -0.009592, -0.103786, 0.141722, 0.056443, 0.08894, -0.115076, -0.041529, 0.00102, -0.140786, 0.122534, -0.064492, -0.090089, -0.044994, 0.114121, -0.008521, 0.104475, -0.105111, 0.131065, 0.157837, -0.092673, 0.12998, 0.110823, -0.004418, -0.017544, -0.006928, 0.00171, 0.101282, 0.082887, -0.13158, 0.11929, -0.114359, -0.115231, 0.153255, -0.05395, -0.122782, 0.053379, -0.166821, 0.084936, -0.088683, -0.111122, 0.149808]
[-0.043425, -0.102939, 0.141674, -0.115523, -0.15813, 0.167924, 0.152717, -0.151765, 0.074303, -0.077007, 0.009498, -0.080191, -0.110509, -0.160771, -0.164398, 0.055535, 0.149575, -0.083316, 0.053553, 0.100766, -0.067018, 0.083576, -0.092035, 0.047773, 0.166303, 0.111084, 0.104953, 0.023503, 0.05384, -0.073521, -0.075485, -0.095558, -0.04655, 0.058477, 0.09381, 0.165407, -0.0814, 0.100125, 0.030543, -0.088505, 0.096243, -0.110184, 0.003352, -0.120932, -0.052877, 0.125977, 0.117646, -0.148948, -0.088214, -0.054053, -0.047503, -0.0585, 0.092325, 0.120419, 0.020737, 0.104707, -0.080462, -0.05315, 0.115342, 0.120976, 0.035992, -0.000234, -0.133113, 0.145272, -0.104633, -0.091437, -0.136951, 0.041295, -0.035439, -0.131255, -0.022357, 0.007584, -0.125496, 0.067267, -0.100203, -0.01553, 0.039753, 0.127058, 0.102504, 0.153583, -0.147842, 0.057436, 0.048033, -0.151587, -0.16886, 0.101669, 0.106811, -0.072237, 0.129941, -0.07051]
[-0.007695, -0.05832, 0.154737, -0.159451, -0.108592, -0.054734, 0.008127, 0.153516, 0.132793, 0.144441, -0.017737, -0.0559, -0.121134, 0.168235, 0.120122, -0.07803, -0.052175, 0.018791, -0.121674, 0.054088, 0.132405, 0.097481, 0.020227, -0.087984, 0.021858, -0.136255, -0.008762, -0.078725, -0.013041, -0.035893, -0.153191, 0.054298, -0.103764, -0.122646, 0.02294, 0.101654, -0.105683, -0.110018, -0.136534, -0.153323, -0.07975, -0.098317, -0.166371, -0.055702, -0.115686, -0.093456, 0.13547, 0.073533, 0.047003, 0.06473, -0.060555, 0.054125, 0.159129, -0.106832, 0.060114, -0.125721, -0.092473, 0.114167, -0.060922, 0.162506, -0.147721, 0.087852, -0.161124, -0.143954, -0.118743, -0.108858, -0.062464, -0.14304, -0.161537, -0.082654, -0.008249, -0.071501, 0.069561, 0.066686, -0.07196, 0.092588, 0.021107, -0.105461, -0.043757, 0.039628, 0.052031, -0.154455, -0.131629, -0.02903, -0.053305, 0.123006, 0.020942, -0.015462, 0.053778, -0.12236]
[-0.017872, 0.101638, 0.023564, -0.084613, -0.035751, 0.087107, -0.0452, -0.147811, -0.076657, -0.008869, 0.144153, 0.104542, -0.127293, 0.149674, -0.102925, -0.009814, 0.001478, -0.075635, 0.137759, -0.109055, 0.030715, 0.034429, -0.111675, 0.143718, -0.082709, 0.017482, 0.0931, 0.057933, 0.127881, 0.014067, 0.010437, -0.054402, 0.024932, 0.058863, -0.01297, -0.023243, -0.154668, -0.093153, 0.019718, 0.0549, 0.08302, 0.019707, 0.083239, -0.009578, 0.082377, -0.168756, 0.126668, -0.064325, 0.125148, -0.078741, -0.143243, -0.026635, -0.07787, 0.072687, 0.046989, -0.154422, -0.094431, -0.137128, 0.15478, 0.028678, -0.008312, 0.064533, 0.08447, 0.012969, -0.007284, -0.088736, 0.016069, -0.132196, -0.05784, -0.010187, -0.12702, -0.150076, 0.140035, 0.071899, 0.072865, 0.122444, -0.115367, 0.039594, -0.002256, 0.05525, 0.058002, -0.036375, -0.166581, 0.023521, 0.087472, -0.034455, 0.002042, -0.042752, -0.157017, -0.125732]
[0.156095, -0.00154, -0.153363, -0.107748, 0.012142, -0.122769, -0.058209, 0.066411, -0.145961, 0.084752, 0.116213, 0.041792, -0.091333, -0.020599, 0.077652, 0.032825, 0.037098, -0.068153, 0.122421, -0.149985, 0.165239, -0.057196, 0.118769, 0.1457, 0.024424, -0.041101, -0.034107, -0.014042, -0.064142, -0.10317, -0.114276, -0.044291, -0.13485, -0.154839, 0.104132, -0.133241, 0.1686, -0.121118, 0.074146, 0.059222, -0.145734, 0.16766, -0.061576, -0.07694, 0.07961, 0.025645, 0.078798, -0.019846, 0.047119, 0.084615, 0.08284, -0.016333, 0.032451, -0.110377, -0.107296, -0.165008, 0.059856, 0.108084, 0.049816, -0.003234, -0.063536, 0.047515, 0.028397, 0.04909, 0.03285, -0.072964, -0.106134, 0.105004, 0.077033, -0.007163, -0.065444, -0.056275, -0.07387, 0.062243, -0.141533, -0.02771, 0.127489, -0.017788, 0.106457, -0.091816, 0.003784, 0.125773, 0.152469, 0.131306, -0.027107, 0.075848, 0.111341, 0.119738, 0.106561, 0.078923]
[0.094483, -0.139449, 0.093519, 0.128352, -0.101345, 0.064843, -0.053578, -0.001029, 0.094311, 0.146581, -0.095264, -0.007266, 0.110519, -0.101919, -0.001341, -0.139503, 0.074492, -0.076214, 0.08732, 0.082158, -0.104403, -0.166942, 0.162666, 0.035817, -0.052934, 0.054127, 0.068281, 0.061087, 0.091044, -0.036463, -0.059986, 0.130118, 0.037655, -0.014834, -0.044055, 0.050511, 0.002184, 0.107168, 0.060199, 0.156242, -0.090502, -0.151561, 0.007438, 0.080983, 0.135718, 0.11574, -0.087501, -0.046788, -0.076228, 0.094544, 0.058055, 0.116632, -0.085038, -0.018302, -0.135538, 0.134818, 0.125524, 0.040172, 0.145625, 0.053055, -0.038663, -0.039964, 0.092443, -0.008833, 0.07329, -0.143872, -0.163602, 0.077736, -0.0765, 0.08849, -0.131782, -0.166277, -0.11038, 0.016986, 0.089402, 0.103894, 0.006631, -0.118071, 0.08627, 0.004281, -0.124963, 0.039476, -0.088132, 0.131406, 0.158826, 0.151767, -0.015292, 0.041828, -0.021649, -0.003813]
[-0.153929, 0.013072, -0.038549, -0.165885, 0.126372, -0.119519, 0.005765, 0.024046, 0.080684, -0.048943, 0.084425, -0.077531, -0.004691, 0.136358, 0.108239, -0.094304, -0.034581, 0.119506, 0.107966, -0.076509, 0.093239, 0.167806, -0.000695, -0.152567, -0.086026, 0.128066, -0.061101, -0.004749, -0.072821, 0.088011, 0.095891, -0.036447, -0.034089, 0.08261, -0.070493, -0.154371, 0.109677, -0.066168, -0.134555, -0.119341, -0.024291, 0.100345, 0.123595, 0.088914, 0.015771, 0.151061, 0.147015, -0.155946, -0.14363, -0.091327, -0.053613, 0.054208, 0.020343, 0.129154, 0.114665, -0.064652, 0.063348, -0.114623, 0.07966, -0.16281, 0.136411, 0.048399, 0.112945, 0.017912, 0.114176, -0.054622, -0.027328, -0.071397, 0.075428, 0.161141, -0.010712, 0.096338, 0.152754, 0.016032, -0.114369, 0.027752, -0.037698, -0.097022, 0.107405, 0.026544, 0.082959, 0.141404, 0.103216, 0.125715, -0.002553, -0.151117, 0.121152, -0.095537, -0.097948, 0.03125]
[0.048828, -0.096517, -0.058823, -0.120669, -0.103412, -0.123015, -0.021213, -0.000294, 0.091953, 0.121535, -0.068773, -0.12665, -0.163484, -0.029117, -0.143342, -0.146655, -0.008697, -0.037726, -0.070384, -0.127912, 0.086239, 0.112915, -0.025913, -0.047591, -0.154798, 0.004033, 0.151248, -0.052714, 0.057166, -0.052281, 0.002008, -0.079549, -0.046372, 0.035257, 0.059647, 0.015179, -0.077398, -0.082822, -0.001005, 0.007511, 0.113503, -0.135712, 0.106221, -0.122756, -0.002373, 0.077008, 0.133331, 0.061977, -0.155465, 0.097765, -0.125155, 0.017591, -0.013118, -0.100259, -0.067023, 0.04531, -0.087078, -0.014868, 0.016586, -0.000999, 0.045939, -0.096595, -0.08417, 0.144964, -0.019654, 0.122126, 0.047188, -0.12824, 0.16115, -0.127784, -0.147047, -0.112307, -0.131024, 0.020387, -0.120439, 0.140842, -0.101707, 0.0602, 0.094293, -0.150154, -0.15334, -0.118674, -0.07837, 0.014333, -0.119754, 0.099726, 0.125423, 0.064918, 0.018531, -0.038174]
[-0.12859, -0.064667, -0.125574, 0.021305, 0.035574, -0.004888, -0.092592, -0.003306, 0.002131, -0.004428, 0.108201, -0.015585, 0.037493, -0.102373, 0.133764, -0.015492, -0.046448, 0.077191, -0.055869, -0.024778, -0.010596, 0.140459, 0.082987, -0.109207, 0.095657, -0.085831, -0.07849, -0.004809, -0.150596, 0.056675, 0.118467, 0.088281, -0.018318, 0.117173, -0.117826, -0.093222, 0.020095, 0.072057, -0.071922, 0.150009, -0.010407, 0.007656, 0.057889, -0.040057, 0.015729, -0.085053, -0.038399, 0.099923, 0.107243, 0.008168, -0.162723, 0.072974, 0.154493, -0.132043, -0.033962, 0.148762, 0.027159, -0.053786, 0.161513, -0.068048, -0.046115, 0.126385, 0.127302, 0.148579, -0.131457, 0.022057, -0.024669, -0.057607, -0.162452, 0.07422, -0.14115, -0.158353, -0.130303, 0.117893, -0.01909, 0.167437, -0.120796, 0.11994, 0.041683, -0.023824, -0.130184, -0.144173, 0.093006, 0.108255, -0.121859, -0.158061, -0.084556, -0.14105, -0.102945, 0.00298]
[0.025637, 0.039149, 0.002086, -0.055673, -0.025383, -0.078523, -0.164124, -0.072217, -0.108062, 0.04255, 0.067033, -0.07817, -0.021503, 0.019159, -0.022693, 0.070563, -0.153374, -0.11527, -0.000551, -0.029185, -0.093818, -0.070683, 0.13365, 0.028013, -0.148808, 0.138023, 0.125551, 0.002198, -0.01692, 0.008858, -0.057239, -0.035837, 0.106863, -0.077292, 0.018398, 0.146958, 0.116757, -0.05249, 0.1122, -0.153066, -0.160316, 0.0239, 0.039801, 0.164329, -0.135458, 0.016593, 0.014269, -0.059027, -0.030492, 0.052984, 0.010164, 0.165279, 0.045934, -0.022237, 0.06679, -0.129104, 0.040333, -0.046901, -0.144191, -0.09438, -0.000547, -0.067499, -0.138685, 0.089651, 0.109936, -0.116213, -0.129127, -0.106981, 0.165216, 0.074629, -0.009539, 0.045348, 0.095187, -0.162015, 0.122122, -0.087582, 0.00651, -0.008915, 0.09328, 0.040671, -0.114835, 0.12191, -0.083212, -0.037178, 0.052376, 0.122616, -0.045732, 0.151431, -0.020124, 0.003705]
[-0.069678, 0.064126, -0.052768, -0.067086, -0.000643, 0.121189, -0.126778, -0.063737, 0.147459, -0.095157, -0.034398, 0.16624, 0.010512, -0.058331, 0.155303, -0.126606, -0.049477, -0.056385, 0.112504, -0.075757, 0.088178, -0.087226, 0.062051, 0.079928, 0.156734, -0.046547, 0.057014, 0.004716, 0.124814, -0.132995, 0.065333, 0.038128, -0.085215, 0.015284, 0.12016, 0.025741, 0.154188, -0.047218, 0.029913, 0.156363, -0.075883, 0.031898, 0.00626, -0.03499, 0.113361, 0.153128, -0.012695, 0.025535, -0.121194, -0.026539, 0.082196, 0.043239, -0.163267, -0.120118, -0.114481, -0.053249, 0.025383, 0.145951, -0.158367, -0.013616, 0.152319, 0.003317, -0.111671, -0.141254, -0.146842, 0.008151, -0.112566, -0.087002, -0.110617, 0.009678, -0.037524, -0.160764, 0.075559, 0.133418, 0.017529, 0.085077, -0.081917, 0.061385, -0.084305, 0.036784, -0.010997, -0.1178, 0.147874, -0.026863, -0.030759, -0.00491, 0.071369, -0.158772, -0.125133, 0.106801]
[-0.043393, 0.094011, -0.088229, -0.069204, -0.162614, -0.083842, -0.094722, 0.119235, -0.055072, -0.022602, 0.092107, 0.018279, -0.141424, 0.142259, -0.132257, -0.079433, -0.108881, 0.16222, -0.094726, -0.12067, 0.00098, 0.148771, 0.087195, 0.133156, -0.102819, 0.032429, -0.027116, 0.036061, 0.0371, 0.001298, -0.071032, -0.017049, -0.095373, -0.067565, -0.095577, -0.025789, 0.122399, -0.130443, 0.077497, -0.109563, -0.12977, -0.149067, -0.054487, 0.11499, 0.082482, -0.158762, -0.128221, -0.134464, -0.096132, -0.116489, -0.128026, 0.007615, 0.10286, -0.101755, -0.124848, 0.001927, 0.147682, 0.033506, 0.1286, 0.163945, -0.00935, 0.103882, -0.046159, -0.075363, 0.162916, 0.095329, 0.161535, -0.120816, 0.133158, 0.015988, -0.020883, 0.087489, 0.12684, 0.100821, 0.062539, -0.151198, -0.045296, -0.044163, 0.096047, -0.126218, -0.122561, -0.121549, -0.072496, -0.037169, -0.055504, -0.049303, 0.02221, 0.040922, 0.003509, 0.018669]
[0.042895, -0.017371, 0.116248, -0.049888, -0.079569, 0.165419, -0.114205, 0.099156, 0.044819, 0.08526, -0.160188, -0.065861, -0.146637, 0.092636, 0.050366, 0.165132, -0.157436, -0.126599, 0.156192, -0.008793, -0.082588, 0.034124, -0.082829, 0.150104, -0.054641, 0.043429, 0.050228, -0.021001, -0.097014, -0.077065, -0.029152, -0.113817, 0.092606, 0.112013, -0.150951, -0.021297, -0.105888, 0.04922, -0.031267, 0.119165, -0.078788, -0.093293, -0.076237, -0.020483, -0.098977, 0.056311, 0.112184, -0.043769, 0.097728, 0.123713, 0.009633, 0.008774, -0.035252, 0.056028, -0.092226, -0.077278, 0.024137, 0.136264, 0.074963, 0.078466, 0.074932, 0.148539, 0.036973, -0.016237, -0.144084, 0.15425, -0.013793, -0.087189, -0.126057, 0.001718, -0.007329, -0.018717, -0.153643, 0.135381, -0.12586, -0.031109, 0.165681, 0.14274, -0.02192, 0.016529, -0.093645, 0.141546, 0.013796, -0.13673, 0.041885, -0.125951, -0.13626, -0.165035, 0.074545, -0.045034]
[-0.001364, -0.037412, -0.033182, 0.158278, -0.052819, -0.067562, 0.129964, -0.021499, -0.155059, -0.10915, -0.040885, 0.050435, -0.102506, -0.027679, 0.13827, -0.16878, -0.071891, 0.120142, 0.154628, 0.165586, 0.11002, 0.006805, -0.118674, 0.115176, 0.123377, -0.128683, 0.051396, -0.119394, -0.050372, -0.152879, -0.042493, 0.032404, -0.080227, 0.025652, 0.034263, -0.1267, -0.069386, -0.010692, 0.01094, -0.027, -0.058782, 0.038258, 0.090627, -0.157055, 0.024873, 0.149834, 0.108613, -0.001638, -0.016885, -0.086268, 0.150136, -0.088879, 0.110959, -0.118342, 0.08603, 0.149607, 0.00048, -0.038838, 0.05089, 0.030338, -0.140069, -0.007375, -0.029072, -0.151261, -0.091488, 0.065448, 0.053159, -0.057596, -0.049567, -0.083577, 0.168364, 0.037766, -0.155483, -0.113553, 0.038401, 0.004503, -0.040512, -0.051444, 0.154994, 0.002996, 0.122393, -0.059538, 0.065598, -0.06734, -0.105532, -0.100935, -0.043299, 0.038303, 0.097231, -0.10666]
[0.131107, -0.040593, -0.117806, -0.014438, 0.05524, -0.045845, 0.14367, 0.028837, -0.1403, -0.004662, -0.015633, -0.165293, -0.130344, -0.038119, -0.095345, 0.145936, 0.097445, 0.104041, 0.061632, -0.046929, -0.047932, -0.096249, -0.134207, 0.021326, -0.152108, -0.038015, 0.0213, -0.10337, 0.160706, -0.064731, 0.14408, -0.117937, -0.023561, 0.069054, 0.097964, -0.096225, -0.036034, -0.074436, 0.004472, -0.106603, -0.0609, 0.015047, 0.09209, -0.062663, -0.018806, 0.024543, -0.019589, -0.069977, -0.116527, 0.020394, -0.117056, 0.111515, -0.049933, -0.099809, 0.16359, 0.015386, 0.106866, -0.016797, -0.157095, -0.084884, -0.097654, -0.104508, -0.051265, -0.110261, 0.162964, -0.047932, 0.01134, 0.033667, -0.103342, -0.104226, 0.049472, -0.049274, 0.164058, 0.014785, -0.094635, 0.030113, -0.010887, -0.076362, -0.01856, 0.15738, 0.060561, -0.047263, 0.038192, -0.04246, -0.140401, -0.132687, -0.119971, 0.153953, -0.157966, -0.036677]
[-0.087386, 0.042091, 0.061658, -0.044211, 0.076484, 0.051806, 0.156526, 0.095049, -0.028807, 0.152586, -0.166492, 0.161321, -0.134765, 0.043906, -0.063116, 0.108645, -0.001006, -0.067534, 0.088702, -0.028135, -0.089305, -0.094792, 0.00193, -0.081672, 0.120306, -0.097304, -0.026454, 0.027674, -0.003695, 0.011585, 0.07792, -0.060272, -0.153149, -0.103829, -0.010665, -0.106519, 0.131127, -0.048569, -0.040591, 0.105513, 0.168201, -0.100686, 0.074147, 0.029221, 0.126653, 0.051332, 0.142303, -0.067975, -0.089409, 0.085147, -0.078573, -0.164703, -0.04249, -0.108634, -0.006014, 0.093574, -0.059167, -0.01979, 0.159985, -0.05419, 0.051263, 0.028751, 0.065234, -0.150796, -0.075549, 0.002778, -0.161293, 0.090293, -0.098724, -0.143846, -0.0868, 0.118259, 0.046432, -0.117947, -0.058807, 0.120262, 0.080371, -0.068755, -0.007717, 0.112622, 0.074048, 0.117912, -0.111325, -0.162068, 0.146683, 0.118713, 0.084429, 0.100626, -0.098844, -0.162715]
[-0.025123, 0.020102, -0.126379, 0.048242, -0.162933, 0.027475, -0.101702, 0.147375, -0.100101, 0.151205, 0.084423, -0.037535, 0.042532, 0.055111, 0.132804, -0.018863, -0.090248, -0.144712, -0.000213, 0.091469, -0.112628, 0.115662, -0.073016, 0.093194, -0.146262, 0.131802, 0.144656, 0.164405, 0.113882, 0.108386, 0.029649, 0.060716, -0.024619, 0.015586, 0.077928, -0.052139, 0.067464, -0.026737, 0.140102, 0.107299, -0.033184, -0.076397, -0.092336, -0.001181, 0.066884, -0.074914, 0.023263, -0.072087, -0.112432, 0.093266, 0.099908, -0.067364, -0.076195, -0.0859, 0.063512, 0.055227, 0.057429, -0.013478, -0.042961, -0.013403, 0.043369, 0.098949, 0.110782, 0.045255, -0.067226, 0.161962, 0.047745, -0.148577, 0.047067, -0.042644, 0.090887, 0.127667, 0.022104, -0.093071, -0.02767, 0.147552, 0.149359, 0.100893, -0.106124, 0.102563, -0.124191, -0.019133, 0.086694, 0.118745, 0.129185, -0.127444, 0.066188, 0.110254, -0.051939, 0.123703]
[-0.003522, -0.168216, -0.007991, -0.086594, 0.090206, 0.045734, 0.051375, 0.026945, -0.04188, -0.096201, 0.101786, -0.026352, -0.029505, -0.105145, -0.068652, -0.066099, 0.07763, -0.066995, 0.166892, -0.103795, -0.08599, 0.095123, 0.051834, 0.137349, -0.160887, 0.049382, -0.125818, 0.104221, 0.029181, 0.162971, 0.160595, -0.126739, -0.127882, 0.105298, -0.024636, -0.046537, -0.014216, 0.009583, 0.077777, -0.166818, 0.01105, -0.023236, 0.148251, -0.149972, -0.03107, 0.139986, -0.03954, 0.023047, 0.006474, 0.090303, 0.13123, -0.09401, -0.1408, -0.092911, -0.100436, 0.114141, -0.024136, -0.011224, -0.159493, 0.090767, -0.023477, 0.149275, 0.056607, 0.004744, -0.168509, -0.004224, 0.145323, -0.010657, -0.040903, -0.086443, -0.14316, 0.025462, -0.14561, 0.080249, -0.125609, -0.152004, -0.043492, 0.080144, 0.134042, -0.063409, -0.047345, -0.028048, 0.083677, 0.089669, 0.16407, -0.13247, 0.140652, -0.054965, -0.136214, 0.007791]
[-0.006494, -0.030822, 0.131442, -0.022416, 0.082875, -0.142493, 0.144206, -0.110738, 0.067849, 0.152295, -0.143849, -0.110237, -0.116489, 0.044514, -0.04472, -0.152966, 0.094157, 0.164495, 0.046288, -0.103338, -0.035521, -0.101176, -0.021884, -0.020351, 0.165427, 0.160089, 0.147091, 0.076586, 0.101658, 0.163861, -0.096999, -0.115222, -0.051626, 0.110811, -0.120007, 0.08725, 0.032121, 0.067177, 0.036535, 0.16258, -0.022795, -0.076459, -0.090193, -0.019169, -0.053735, 0.006815, 0.071133, 0.036557, -0.045763, -0.0831, 0.093271, -0.138261, 0.066016, -0.008967, 0.084717, 0.139981, -0.009627, -0.036448, -0.076263, 0.112961, 0.096594, 0.161382, -0.068114, -0.151417, -0.135893, 0.071569, -0.038282, 0.051457, -0.164476, 0.159394, 0.119075, 0.010496, 0.030621, 0.068725, 0.067659, 0.092082, -0.135397, 0.022088, -0.168635, -0.143859, -0.021387, -0.053207, -0.117248, 0.086517, -0.037264, -0.109826, -0.162195, 0.008866, 0.064818, 0.055312]
[0.028584, -0.125854, 0.120819, -0.117699, -0.008193, -0.076353, 0.13423, -0.023462, 0.140486, -0.067926, 0.101409, 0.06541, -0.031164, -0.157156, -0.160861, 0.109806, 0.009421, -0.012918, -0.038225, -0.041335, 0.108606, 0.105515, -0.043411, 0.137538, -0.003555, 0.017164, 0.141728, -0.071455, 0.058637, -0.098346, -0.003337, -0.081651, -0.003658, -0.113173, -0.073497, -0.028525, -0.116647, 0.161206, -0.089749, 0.146509, 0.000442, 0.054192, 0.024281, -0.16084, -0.007696, 0.119447, -0.008268, -0.074339, 0.163095, 0.030894, 0.065599, -0.108386, 0.010063, -0.048329, -0.157757, -0.03808, -0.031631, -0.086083, -0.044148, -0.12242, -0.056012, 0.058905, -0.095541, 0.128613, 0.023812, -0.079917, 0.011721, 0.058024, 0.026909, -0.014573, -0.044485, 0.133188, 0.092816, 0.012136, 0.125116, 0.020857, 0.129541, -0.031796, 0.118213, -0.102571, 0.126203, 0.154009, 0.156242, 0.02873, -0.141699, 0.110939, 0.092417, 0.050871, -0.026711, 0.159303]
[-0.145407, -0.057246, 0.030121, 9.7e-05, -0.014497, -0.099437, -0.088762, 0.135993, -0.14399, 0.027806, 0.065304, -0.09931, -0.099284, -0.131806, 0.018785, 0.02332, -0.11118, -0.130932, 0.073292, 0.066154, -0.012304, -0.054133, -0.090251, -0.018381, -0.129472, 0.106816, 0.09892, 0.007024, 0.097584, -0.114647, 0.096862, -0.123405, -0.127468, 0.092802, 0.039115, 0.089019, -0.051667, 0.116543, 0.075903, 0.089471, -0.070263, 0.041778, -0.030613, -0.106994, 0.049122, 0.0361, -0.142336, -0.091476, 0.070354, 0.110825, 0.106686, 0.096548, -0.122054, -0.07984, 0.16242, -0.029862, -0.062641, 0.039606, -0.0561, 0.002939, 0.014244, 0.131186, -0.03, -0.149809, -0.139402, 0.106025, 0.089868, -0.037864, 0.143864, -0.07154, -0.111584, 0.031394, 0.126603, -0.004886, -0.100014, 0.010913, -0.120093, 0.118728, -0.047688, -0.088754, -0.144064, 0.038332, 0.099033, -0.049806, 0.006795, 0.057113, -0.031136, 0.070918, 0.158878, 0.153601]
[-0.11936, -0.143111, -0.000949, 0.0286, 0.090429, -0.079231, -0.129146, -0.145765, -0.065454, -0.020686, -0.043951, -0.02454, -0.122813, 0.113613, 0.074621, -0.076143, -0.115237, -0.07418, 0.052425, -0.156765, -0.017868, 0.011758, -0.142959, 0.106797, 0.084598, -0.025145, -0.060749, -0.042001, 0.132401, 0.048419, -0.148955, 0.080438, -0.01379, -0.073145, -0.014214, -0.100639, 0.044945, 8.1e-05, 0.009074, -0.090205, 0.024993, -0.122823, -0.10531, 0.058988, 0.092404, 0.15581, -0.063576, -0.057611, 0.03687, 0.072382, 0.084747, 0.061584, 0.073412, -0.104686, 0.089956, -0.027178, 0.151187, -0.011719, -0.106472, -0.137839, 0.137053, -0.166448, -0.06796, 0.12563, -0.012722, -0.059143, -0.058161, 0.037769, -0.034898, 0.073326, 0.06714, 0.110649, 0.053515, -0.060496, 0.053331, 0.129863, -0.105818, 0.065425, -0.024168, -0.157783, -0.135927, -0.006439, 0.074391, -0.069092, -0.151734, 0.136206, 0.044415, -0.085898, -0.049417, -0.030325]
[-0.131514, -0.133575, -0.013438, -0.021797, -0.08636, 0.15332, 0.082073, 0.035082, 0.166399, -0.16418, -0.095275, 0.016739, -0.065853, 0.117831, 0.134029, -0.073012, 0.164066, 0.143629, -0.017194, 0.088435, 0.086188, -0.074631, 0.058314, 0.15785, -0.162206, -0.166866, 0.127788, 0.005431, -0.011474, -0.159787, 0.012635, -0.058781, 0.132866, -0.124598, 0.096134, 0.074391, 0.088233, -0.12197, 0.026143, -0.126558, 0.025425, -0.140417, -0.013142, -0.03721, -0.093487, -0.097397, -0.008328, 0.163444, -0.156664, 0.103924, -0.161534, -0.06386, -0.056859, 0.106318, 0.147458, 0.055275, -0.07049, -0.073411, 0.023969, -0.166602, -0.095193, -0.049471, 0.030918, 0.015617, -0.087696, -0.042848, 0.045066, -0.118488, -0.044477, 0.101342, 0.163787, 0.145505, 0.036578, -0.126735, -0.161171, 0.022184, 0.137167, 0.138737, -0.131066, -0.073228, -0.024109, -0.163427, -0.011194, 0.051926, -0.130167, 0.051822, 0.042163, -0.087735, 0.131159, -0.063846]
[0.092896, -0.045602, 0.104861, 0.012202, -0.115152, -0.094088, 0.060099, 0.113682, 0.050665, 0.148796, -0.032629, -0.141795, -0.094745, 0.11341, 0.142776, 0.142242, 0.094856, 0.039353, 0.117453, 0.113093, 0.062837, 0.135713, 0.060358, 0.166332, 0.138657, -0.038147, -0.056271, 0.065075, 0.134587, -0.004273, -0.1672, 0.07496, 0.099058, 0.038979, 0.08873, 0.061656, -0.117635, 0.070579, -0.101422, 0.01697, 0.146159, -0.082767, 0.030382, 0.060275, -0.001651, -0.122351, -0.027953, 0.055074, -0.014587, 0.076907, 0.036014, -0.011061, 0.152298, 0.09857, 0.043231, -0.061938, 0.112113, 0.096195, 0.152768, 0.130625, 0.067365, 0.064713, -0.067605, -0.061704, 0.084748, 0.113531, -0.126591, 0.069516, -0.114067, 0.167981, -0.050955, -0.027667, 0.101499, -0.111145, -0.123241, 0.107047, -0.031547, 0.124489, 0.161652, -0.092051, 0.160056, -0.140162, 0.058572, 0.024429, 0.062368, 0.051023, -0.043886, 0.166828, -0.168996, 0.005402]
[-0.025697, 0.068189, -0.007771, -0.014133, -0.038557, 0.158603, 0.132045, 0.058409, 0.115675, 0.012821, 0.062628, -0.029925, -0.069736, -0.160867, 0.005515, -0.027193, 0.069, -0.016273, 0.035083, 0.049398, 0.141328, 0.027504, -0.15468, 0.144925, -0.063268, 0.03163, 0.081989, 0.061023, -0.111762, 0.016161, -0.088424, -0.156342, 0.060933, -0.014806, -0.153656, -0.023728, 0.096445, 0.100549, 0.004091, 0.120525, 0.132053, 0.000556, 0.139152, -0.138726, 0.030863, 0.119771, -0.135891, 0.064547, 0.021705, -0.086553, -0.082265, -0.0941, 0.154453, -0.094806, 0.156942, 0.026614, -0.072983, 0.130161, -0.02597, -0.155881, -0.033388, -0.163872, -0.154807, 0.015794, 0.014907, 0.149991, -0.105996, -0.121512, 0.11283, -0.14149, 0.102584, 0.001802, 0.165886, 0.04756, -0.003379, -0.040474, -0.120686, 0.098072, -0.084253, -0.166547, -0.134767, -0.110211, -0.120779, 0.098634, 0.115327, 0.089257, -0.155127, 0.032408, 0.148272, 0.049817]
[-0.067084, -0.138739, 0.166328, -0.125106, -0.051735, -0.010781, 0.049681, 0.000341, 0.030967, 0.019838, 0.026996, -0.023813, -0.135671, -0.142997, 0.075205, 0.150474, -0.111635, 0.028697, -0.096373, 0.167881, 0.0094, 0.128754, 0.019925, -0.046706, 0.048995, 0.123465, 0.096536, 0.090833, -0.134965, 0.131741, 0.017398, 0.060093, 0.083398, 0.162721, -0.162281, -0.12985, 0.040093, 0.126947, 0.123647, 0.00309, -0.123861, -0.149994, -0.164257, 0.039125, 0.094541, -0.036258, -0.107486, 0.162471, 0.041135, 0.026308, 0.101738, 0.129057, -0.0611, 0.084632, 0.072537, -0.064361, 0.057564, -0.152398, 0.142885, -0.062496, -0.087438, -0.159777, 0.096439, -0.155157, -0.158413, 0.124949, -0.057457, 0.033568, 0.085405, -0.016483, 0.166499, 0.075693, -0.054179, 0.022546, -0.035409, -0.01354, -0.157953, -0.112543, 0.099185, 0.15197, 0.059138, 0.079, -0.040802, -0.004354, 0.062333, 0.123017, 0.167758, 0.089381, -0.021023, 0.049179]
[-0.070884, 0.094129, -0.111034, -0.056948, 0.022754, 0.138814, 0.11901, 0.105328, 0.086961, 0.165095, 0.121475, -0.068231, -0.153414, -0.011847, 0.153414, -0.005459, -0.146978, -0.159825, 0.05343, -0.146207, 0.113466, -0.157895, -0.10266, -0.030537, 0.036582, -0.062916, -0.068475, -0.112227, 0.090198, 0.136435, -0.15234, 0.040187, 0.109271, -0.146873, -0.11176, 0.082909, -0.06827, -0.125012, -0.159131, -0.07909, -0.128707, 0.092104, 0.005817, -0.019904, -0.065358, 0.115549, 0.079127, 0.139513, 0.075772, 0.039842, 0.155815, -0.076191, -0.054882, -0.058961, -0.087312, 0.054958, 0.123837, 0.045845, 0.00267, 0.017266, -0.031724, -0.107302, 0.12192, -0.073476, 0.161647, -0.072641, 0.0384, 0.11661, -0.154327, -0.07891, 0.074149, 0.017408, -0.017295, 0.123903, 0.156974, -0.083033, -0.053291, -0.063523, 0.057242, -0.14484, -0.118759, 0.049096, -0.139959, 0.141847, 0.103683, -0.088763, -0.034393, -0.030933, 0.031481, -0.084931]
[-0.049562, -0.032425, 0.147694, 0.120354, -0.012243, 0.076982, 0.124728, -0.043856, 0.012027, 0.042942, 0.126826, -0.010474, 0.115023, 0.060612, 0.052265, 0.035029, 0.12692, 0.052576, -0.165349, 0.149352, -0.069081, 0.099586, -0.001867, 0.042226, -0.057705, -0.054041, 0.105014, -0.128185, 0.125456, 0.061555, -0.085713, -0.052315, 0.140166, 0.051654, -0.031333, 0.078187, -0.156305, -0.133823, 0.002476, 0.016799, -0.138693, -0.096193, -0.117744, 0.160457, 0.154659, 0.051804, -0.075678, -0.148991, -0.044486, -0.159127, -0.060531, -0.041409, 0.111844, -0.074517, -0.079941, 0.083114, 0.126678, -0.084185, -0.158373, 0.02534, -0.157193, -0.100605, 0.064346, -0.134193, -0.143332, 0.122276, -0.106703, 0.125739, -0.123238, -0.005942, -0.060801, -0.023894, 0.090898, -0.054968, 0.125406, 0.067454, 0.001355, -0.102384, -0.077559, 0.019264, 0.04935, -0.166038, 0.090959, -0.15199, 0.066587, -0.050882, 0.06242, 0.102892, 0.105763, 0.042677]
[0.024198, -0.150013, 0.058329, 0.005332, -0.115567, -0.00137, -0.150606, 0.046774, 0.097602, 0.013137, 0.085167, 0.086266, -0.100365, 0.059274, 0.092974, -0.065777, -0.157655, -0.07893, -0.028679, 0.072283, 0.165192, 0.076881, -0.129901, 0.079148, 0.050232, -0.034038, 0.034163, 0.105047, -0.128409, -0.140599, -0.09729, 0.054304, -0.109615, 0.094221, -0.047394, 0.016196, -0.062481, 0.155417, -0.032418, 0.039815, -0.051366, -0.132793, 0.030093, -0.085122, -0.007182, -0.126051, 0.139152, -0.049914, -0.138528, 0.155173, 0.085487, -0.073137, 0.082022, -0.055974, 0.080281, 0.046654, -0.067932, -0.043338, 0.052198, -0.142737, -0.16373, -0.083052, -0.060592, 0.032012, 0.064516, 0.100113, 0.024785, 0.093259, 0.084334, -0.128585, 0.134057, -0.089917, -0.163829, 0.166235, 0.027933, -0.129375, 0.024084, 0.094567, 0.133107, 0.070324, -0.043407, 0.064284, -0.063599, -0.023438, 0.031496, 0.060998, -0.030227, 0.128175, -0.023332, 0.018349]
[0.136746, -0.037099, 0.01364, -0.076095, -0.089914, 0.03501, -0.054329, 0.129282, -0.16044, -0.10266, 0.034451, 0.062997, -0.045593, -0.022575, 0.056478, -0.125139, -0.080264, -0.113518, -0.027242, -0.055193, -0.092281, -0.131237, -0.094004, 0.119, 0.081771, -0.056047, -0.075083, 0.046052, -0.065071, 0.148255, -0.078805, -0.003785, -0.159782, -0.05381, 0.13184, -0.029329, 0.154071, -0.15605, 0.034033, -0.042389, 0.122604, -0.112896, 0.109108, -0.101251, -0.114266, -0.030688, -0.147255, 0.132837, 0.019086, 0.064268, 0.043179, -0.097721, 0.166273, -0.009721, 0.040285, 0.096882, -0.047909, 0.053559, -0.058555, 0.023824, -0.126442, 0.070132, -0.00506, -0.088324, -0.072318, -0.162221, 0.124228, -0.131736, 0.036364, -0.155752, -0.034199, -0.049928, 0.111571, 0.015113, 0.135003, 0.063451, -0.131878, 0.028557, 0.128632, -0.118746, -0.030053, -0.079855, 0.019767, 0.030195, 0.159839, -0.091584, 0.117135, 0.037892, 0.051317, -0.100357]
[0.16012, 0.130285, -0.042482, -0.067385, -0.04374, -0.156087, -0.148085, -0.006081, 0.16317, -0.085266, -0.065197, 0.05276, -0.05394, -0.154417, -0.166346, -0.012572, -0.046596, 0.023758, -0.045433, 0.030639, -0.161249, 0.011034, 0.011302, 0.107145, 0.042402, 0.105443, 0.050773, 0.061811, 0.123566, 0.135571, -0.04506, -0.088296, 0.153458, -0.031888, 0.125298, -0.161915, 0.046169, 0.13892, 0.131195, -0.125457, -0.069542, 0.017664, -0.142498, 0.012429, -0.14256, -0.101955, -0.068123, 0.073367, 0.046003, 0.101263, 0.105576, 0.130172, -0.058293, 0.128514, -0.085103, -0.051451, -0.032458, -0.001779, -0.128072, 0.021167, -0.158192, -0.065822, -0.106595, 0.041261, 0.068216, -0.074488, -0.089489, -0.12989, 0.167315, 0.140887, 0.132364, 0.099059, 0.0128, -0.057132, -0.084784, -0.075729, 0.048095, 0.132773, 0.165403, 0.015973, 0.104125, -0.067053, -0.159351, 0.056033, 0.12681, -0.103802, -0.130757, 0.008721, -0.116037, -0.029014]
[-0.09426, -0.012622, -0.004519, -0.165124, -0.038631, -0.076634, 0.034635, -0.036509, 0.037856, 0.163803, -0.058567, -0.053494, 0.043491, -0.007675, -0.028364, 0.158314, -0.131154, 0.14327, 0.086108, 0.0913, 0.074488, 0.095836, -0.126188, -0.022544, -0.058506, -0.112354, -0.082993, -0.047565, -0.164843, -0.142957, 0.123165, -0.132943, -0.045658, -0.090996, 0.130996, -0.009822, -0.036576, -0.148692, -0.009292, -0.120137, -0.006612, -0.040135, 0.052309, 0.165983, 0.044833, -0.110868, -0.047915, 0.026049, -0.057571, 0.160251, -0.067011, 0.092165, 0.07245, 0.038758, 0.061855, -0.012669, -0.043122, 0.03382, -0.083078, -0.104844, -0.136586, -0.080773, -0.005555, -0.022054, 0.054054, -0.097603, 0.073806, 0.059614, -0.06553, 0.06943, 0.011485, 0.021755, 0.131107, -0.13239, 0.024116, -0.14087, 0.089642, -0.020997, -0.106392, 0.044127, 0.044957, 0.130322, 0.047235, -0.007966, -0.153726, 0.011165, 0.000406, -0.116115, -0.107798, 0.151942]
[-0.090767, 0.036413, 0.006577, 0.055524, -0.161411, -0.140246, -0.086857, 0.10333, 0.16468, 0.141734, -0.035232, -0.05348, 0.146971, -0.144043, 0.02581, 0.114768, 0.094449, -0.029508, -0.121514, 0.061966, -0.165157, 0.09634, -0.069313, 0.160537, -0.034038, -0.134239, 0.123425, 0.166743, 0.160934, -0.168221, -0.041137, -0.132472, 0.006773, 0.168205, -0.013034, 0.142571, -0.099414, 0.01234, -0.140012, 0.059814, 0.107141, 0.064198, 0.00241, 0.001184, 0.157435, -0.128397, -0.07214, -0.032008, 0.159116, 0.097412, -0.113774, -0.16321, -0.14301, 0.130233, -0.074501, -0.046709, -0.004394, -0.140312, 0.146773, 0.055772, 0.158904, 0.036589, 0.090858, 0.057474, 0.137959, 0.079887, 0.063516, 0.124375, 0.085281, 0.007563, -0.010959, -0.156481, -0.100079, 0.038244, 0.167675, 0.050463, -0.003076, -0.125944, 0.159528, -0.131623, 0.089962, 0.101462, 0.057315, -0.127222, -0.155001, 0.039714, -0.067975, 0.020764, 0.050062, 0.079934]
[-0.091709, 0.112646, -0.082249, 0.152312, 0.166642, -0.140852, 0.031839, 0.091043, 0.012974, 0.103415, 0.007542, 0.076517, 0.06678, -0.155013, -0.062939, 0.145403, -0.113047, -0.152271, 0.146815, -0.007227, -0.095603, -0.063166, 0.090666, -0.022957, 0.074987, 0.020892, 0.166848, 0.129326, 0.151429, -0.156852, 0.111669, 0.058647, 0.157207, -0.044108, 0.031422, 0.027503, -0.071901, 0.147929, 0.041202, 0.112257, -0.01303, -0.051294, 0.119178, -0.045158, 0.011248, -0.123347, -0.088068, -0.129371, -0.078732, -0.055956, 0.008796, 0.091239, -0.144612, 0.155252, 0.141945, -0.017902, -0.116178, 0.043007, -0.164596, -0.126253, 0.165048, -0.041776, 0.14687, -0.074269, -0.074074, -0.13976, 0.110843, 0.112247, 0.150422, -0.151136, -0.112051, -0.084551, 0.168381, -0.010586, 0.038981, -0.059687, -0.026158, 0.126468, 0.121902, -0.091183, -0.020006, -0.056472, 0.114566, -0.007995, 0.155724, -0.149482, -0.116317, 0.074343, 0.143769, 0.13468]
[-0.047557, -0.098569, 0.014336, -0.072764, -0.117011, 0.008792, -0.066999, 0.102283, -0.002997, 0.163555, 0.143614, 0.005154, -0.092076, -0.094332, 0.154557, 0.14144, 0.1112, -0.168657, 0.15981, -0.040494, -0.167463, -0.000767, 0.047422, -0.099551, 0.053223, -0.162204, -0.048381, 0.065494, 0.107958, -0.055931, 0.074885, 0.000858, -0.031716, -0.109647, -0.141415, -0.104595, 0.154137, -0.163801, 0.086821, 0.00496, 0.14539, -0.122258, -0.072014, 0.019603, 0.105194, -0.058246, -0.139947, 0.049439, -0.087902, 0.069479, -0.035236, -0.147832, 0.143927, 0.082788, 0.120888, -0.061143, -0.033305, -0.08128, -0.168854, 0.153919, -0.018264, -0.106577, 0.143806, 0.067071, -0.117306, 0.005383, -0.165121, 0.109792, -0.139664, -0.116151, -0.092416, 0.085613, -0.026464, 0.098405, -0.141371, 0.081849, -0.044158, 0.068839, -0.008893, 0.113489, -0.119654, -0.0902, -0.063498, 0.129393, -0.006611, 0.086347, -0.063667, -0.12871, 0.06933, 0.049972]
[0.166464, 0.149515, 0.1654, -0.025465, -0.048437, 0.146475, -0.150576, -0.043588, -0.126431, -0.151996, 0.118364, -0.06689, 0.164864, 0.105659, -0.162528, 0.011556, -0.042857, 0.157632, 0.12088, 0.123262, -0.09457, 0.089866, -0.00318, 0.104808, 0.056942, 0.037246, 0.041771, -0.014769, 0.025181, 0.014049, 0.069823, 0.142327, 0.07124, 0.075973, 0.090014, -0.062473, -0.054373, 0.157362, 0.001807, 0.021632, 0.071568, 0.058584, 0.107411, -0.137105, -0.075362, 0.070898, -0.097571, 0.139125, -0.113694, 0.045516, -0.109212, -0.120011, -0.142005, -0.053609, -0.037637, -0.019076, 0.111418, 0.080197, 0.067526, 0.043906, 0.010693, 0.101945, -0.012178, -0.062524, -0.144132, -0.16052, -0.168963, 0.082762, 0.020091, -0.155509, 0.019607, -0.062487, -0.112495, -0.011838, -0.002473, -0.112466, -0.028373, -0.002707, 0.13272, 0.161518, -0.089226, 0.049831, -0.106096, -0.073332, -0.150537, 0.033333, -0.097809, 0.00886, 0.039166, 0.12749]
[0.063385, -0.131393, -0.108161, -0.023907, -0.080172, -0.106165, -0.026713, -0.125687, -0.149061, 0.07449, 0.147944, -0.082438, -0.112877, -0.069352, 0.168385, -0.123737, -0.058927, -0.004758, -0.030507, -0.108786, 0.041437, 0.010869, 0.073976, 0.06477, 0.076673, -0.05673, 0.090762, 0.042075, 0.030469, -0.11605, 0.058839, 0.13354, -0.058428, -0.151041, -0.152239, -0.051665, 0.061257, -0.066223, 0.074376, -0.134049, -0.12271, -0.002168, 0.025441, -0.159978, -0.135029, 0.164257, -0.164003, 0.112137, 0.007054, -0.07687, -0.013969, -0.037906, 0.056944, 0.077702, -0.09253, -0.031358, -0.049025, -0.152632, -0.076406, -0.01489, -0.162065, -0.119789, -0.08474, 0.125559, 0.045289, 0.051769, 0.073893, -0.097382, 0.058044, 0.152387, -0.019993, -0.095699, -0.091536, -0.02307, -0.043835, 0.075592, 0.130247, -0.011619, 0.090872, -0.029154, 0.092123, -0.138569, 0.069951, 0.08934, 0.161909, 0.050658, 0.137995, 0.059737, 0.157643, -0.00034]
[-0.143786, 0.167484, -0.101529, -0.059849, -0.146007, -0.166943, -0.145455, -0.055184, 0.100564, 0.043103, -0.027243, -0.127384, -0.115641, 0.088839, 0.132963, 0.04074, -0.107485, -0.048317, -0.148489, 0.116097, 0.148482, 0.149239, 0.063903, -0.064343, -0.031523, 0.117978, -0.069176, -0.100765, 0.153775, -0.166919, -0.024511, -0.005996, -0.062805, 0.139654, 0.016927, 0.021558, 0.106948, 0.161705, 0.108285, 0.124543, -0.100678, 0.055045, 0.155504, -0.088296, 0.025662, -0.052214, 0.025462, -0.15491, 0.13733, 0.054408, -0.140865, 0.08019, 0.086627, -0.002509, -0.098836, 0.152191, 0.123863, -0.076059, -0.155195, 0.028493, -0.074235, -0.038517, -0.003663, 0.125762, -0.123825, -0.141822, -0.126757, 0.0656, -0.059737, -0.0413, -0.084817, 0.046803, -0.064216, -0.107747, -0.012583, 0.164975, 0.162181, -0.162017, 0.164015, -0.125462, -0.05982, 0.031888, -0.13945, -0.072372, -0.128348, -0.043104, -0.136921, -0.043807, -0.097696, -0.016858]
[0.120649, -0.162533, 0.002643, 0.027356, 0.050253, -0.040424, -0.023809, 0.063922, 0.004505, -0.068491, 0.037641, -0.079956, -0.018297, -0.0644, 0.052173, 0.115201, -0.051213, -0.107304, -0.138186, 0.166812, 0.167361, 0.11167, 0.080251, -0.021123, -0.101227, -0.104428, 0.011942, -0.16597, -0.130008, 0.120957, 0.077185, 0.101649, -0.133629, -0.161397, 0.156101, 0.114372, -0.110013, 0.117619, 0.050681, 0.13249, -0.144081, -0.142508, 0.00012, 0.14426, 0.038209, 0.140755, -0.007504, 0.120212, -0.088052, -0.032108, -0.086594, 0.014183, -0.049443, 0.095481, -0.135479, -0.161947, -0.123244, 0.136105, -0.136413, -0.008767, 0.036033, 0.024726, -0.008349, 0.054412, 0.147143, -0.130592, 0.035619, -0.029503, 0.024823, -0.076469, -0.164457, 0.127604, 0.003462, -0.084286, 0.004752, 0.123629, -0.014532, -0.009837, -0.084784, -0.047751, 0.088895, 0.023582, -0.049582, 0.07082, 0.157055, 0.00248, -0.071463, 0.016879, 0.020081, -0.101209]
[-0.14299, -0.075955, -0.093164, -0.001616, -0.056273, 0.114276, -0.122733, -0.086571, 0.127975, 0.067527, -0.154496, -0.05125, -0.042919, -0.144021, 0.112042, -0.048601, 0.151437, 0.029996, 0.022994, 0.087008, -0.137292, 0.089613, 0.162179, 0.121425, -0.074752, -0.105246, -0.130735, 0.091163, 0.001815, -0.015312, 0.106401, 0.078945, -0.002735, -0.097004, 0.037961, -0.017339, -0.117374, -0.058176, -0.000117, -0.005086, 0.037505, -0.097278, 0.12487, -0.006052, 0.097368, 0.14386, 0.119704, -0.00112, 0.074395, 0.155246, 0.025597, -0.001908, -0.126067, 0.127483, -0.03098, 0.05485, -0.003429, -0.037034, 0.156831, -0.073175, 0.111786, -0.085332, 0.134543, -0.162135, -0.022065, 0.165012, 0.104627, -0.015475, -0.017533, -0.088728, 0.139917, 0.162694, -0.123104, -0.00651, 0.014419, -0.09046, 0.096628, -0.131773, 0.124944, -0.027212, 0.060635, 0.095766, -0.053462, 0.116627, -0.110971, -0.126151, 0.161035, -0.013748, 0.159499, -0.076018]
[-0.040639, -0.021973, 0.07437, 0.09735, -0.08499, 0.047433, 0.132263, 0.119679, 0.111555, 0.168618, -0.103253, -0.080767, 0.052381, -0.071146, -0.086362, 0.161727, 0.068705, 0.051784, -0.058765, -0.162437, -0.077915, 0.087056, -0.019709, -0.021159, 0.044848, -0.020837, -0.084957, -0.153121, 0.070593, -0.166344, 0.078399, 0.052768, 0.042729, -0.082093, 0.049748, 0.047113, 0.068787, 0.168883, -0.03248, -0.086138, -0.116359, -0.002094, 0.01593, 0.097191, -0.100135, -0.051677, -0.166367, -0.122648, 0.123334, -0.058294, -0.083815, -0.04992, -0.043705, 0.156585, -0.137693, 0.102912, 0.04652, -0.15169, -0.164923, -0.150917, 0.168193, 0.072716, 0.118362, -0.011119, 0.161781, -0.11159, -0.003595, -0.044753, 0.098244, -0.037225, 0.067747, -0.12085, -0.025211, -0.034638, 0.142486, -0.111041, 0.06798, -0.030791, 0.001334, 0.107509, -0.109889, 0.064594, -0.01648, 0.042287, 0.141536, -0.133876, -0.09059, -0.070645, 0.082909, -0.100241]
[-0.037914, 0.145746, 0.052822, -0.073881, 0.163436, -0.125488, 0.11874, 0.149586, 0.07795, 0.113156, 0.043345, -0.14798, -0.157159, -0.011371, 0.051382, -0.154427, 0.043843, 0.105473, -0.076825, -0.092258, -0.048005, -0.122039, -0.143105, -0.158535, 0.103733, 0.066191, -0.1311, 0.095639, -0.029166, 0.136555, -0.15987, -0.074285, 0.027783, -0.123574, -0.045606, -0.154596, -0.120618, -0.013419, 0.016879, -0.066727, -0.110427, -0.033235, 0.153598, -0.168637, -0.163097, -0.034558, 0.153895, -0.024732, -0.026231, -0.106773, 0.086605, -0.056211, -0.130024, -0.137713, -0.038324, -0.074667, -0.035402, -0.065226, 0.128433, 0.151607, 0.08093, -0.168081, -0.024264, 0.05033, -0.012436, 0.013561, -0.019641, 0.134305, -0.096188, 0.062239, 0.128879, 0.050814, -0.009654, 0.027762, -0.007893, -0.043731, -0.001479, 0.159456, -0.119362, 0.053358, -0.008783, -0.022871, -0.14863, 0.092189, 0.031545, 0.060201, 0.146556, 0.006434, 0.06988, 0.019189]
[0.162492, -0.086157, 0.117678, 0.094854, -0.103525, -0.11041, -0.004862, -0.034264, 0.070908, 0.04223, 0.006045, 0.048008, 0.141337, -0.034922, -0.131819, 0.140016, 0.050089, 0.143339, 0.000584, 0.020441, -0.14704, -0.012429, -0.154556, -0.158536, 0.091776, -0.168627, 0.028421, 0.145077, -0.001696, -0.126784, 0.12123, -0.021933, -0.060371, -0.145023, -0.021214, -0.027284, -0.150992, 0.095466, 0.144095, 0.067806, -0.097764, -0.153941, 0.11556, -0.111077, 0.016953, -0.082931, 0.015964, 0.104095, 0.150133, 0.077401, 0.165085, 0.158341, -0.084839, -0.110662, -0.168379, 0.003189, -0.017962, -0.078548, 0.099394, 0.125055, -0.066306, 0.092467, 0.034606, -0.158792, -0.11692, -0.157007, 0.076534, 0.023164, -0.129037, -0.054116, -0.060087, -0.071713, 0.107145, -0.167022, -0.168845, -0.103271, 0.162183, -0.119111, -0.126143, 0.075243, -0.141869, -0.151397, -0.045328, 0.027637, -0.107267, -0.110719, -0.000504, 0.070069, 0.073301, -0.032394]
[-0.029154, 0.012655, -0.074193, 0.032885, -0.052991, 0.000499, -0.02667, 0.068257, -0.050628, 0.070432, 0.138415, -0.079024, 0.0396, 0.009242, -0.131523, 0.104627, 0.081902, 0.060915, -0.144971, -0.073947, 0.121177, -0.131868, 0.113561, -0.057038, 0.045813, -0.022932, 0.0176, -0.00584, -0.13785, -0.141063, -0.105305, 0.08134, -0.147271, 0.154506, -0.145531, 0.086401, 0.058847, -0.03616, -0.057498, 0.103797, -0.143114, 0.00841, -0.15075, 0.059396, -0.050356, -0.02413, 0.084301, -0.080605, 0.101707, 0.166752, 0.09309, -0.03783, -0.081674, 0.003238, -0.124175, -0.105104, -0.011786, 0.031596, 0.046975, 0.058447, -0.00884, 0.043903, 0.046055, 0.021866, 0.157074, 0.128445, -0.046734, -0.066658, -0.09535, -0.016409, 0.074274, 0.032526, 0.096495, -0.162552, -0.058808, -0.111614, 0.115285, -0.104825, -0.120165, -0.013735, -0.115857, -0.164742, -0.038713, -0.085856, -0.160206, 0.081834, -0.109147, -0.118574, -0.090259, 0.164765]
[-0.086552, -0.146972, 0.070224, 0.106297, -0.142497, -0.088715, 0.151325, 0.105115, -0.157852, -0.024313, -0.145279, -0.151849, 0.104679, -0.093804, 0.076477, -0.155151, 0.010124, -0.037612, 0.093379, -0.000628, -0.102318, -0.166038, 0.112038, -0.057817, -0.157872, -0.110988, 0.062812, -0.045051, 0.083277, -0.12261, 0.158864, -0.144338, -0.121845, -0.153263, -0.065794, -0.117981, 0.113976, -0.032017, 0.130167, -0.066859, 0.124248, -0.034191, 0.058289, -0.124056, -0.141913, 0.093487, -0.033598, 0.027411, 0.163861, -0.160077, -0.168409, -0.100716, -0.151813, 0.131455, -0.007747, 0.014833, 0.097331, -0.107483, -0.086756, -0.111805, -0.054176, -0.125034, -0.10786, -0.154448, -0.16866, 0.066815, 0.025352, 0.054025, -0.064239, -0.112828, -0.144984, 0.15878, 0.083691, -0.061037, -0.159124, 0.030394, -0.122632, 0.01145, -0.041464, 0.148133, 0.16011, -0.064745, -0.020524, 0.144682, 0.129059, 0.008134, 0.150966, -0.062352, -0.102614, 0.068311]
[-0.105584, -0.073328, 0.028342, 0.151439, 0.002186, 0.127801, -0.148927, -0.003654, -0.04629, -0.031463, 0.027683, 0.04637, 0.043335, 0.015265, -0.131432, -0.149265, -0.161685, 0.153747, -0.078456, 0.014124, 0.087504, -0.074806, -0.061731, 0.141212, 0.140919, 0.085303, 0.076057, 0.156228, 0.099128, 0.061253, 0.16367, -0.116878, 0.023037, 0.115057, 0.165157, 0.072076, -0.162619, 0.011257, -0.009164, 0.157823, 0.10749, -0.0101, 0.147533, 0.137879, 0.014015, 0.162532, -0.115851, 0.109573, -0.085028, -0.09098, -0.134742, 0.058162, 0.133524, -0.067771, 0.099097, 0.140413, -0.033617, 0.073085, -0.143399, -0.06752, -0.013354, 0.108101, 0.138609, -0.132845, 0.145511, -0.140492, 0.080072, -0.090264, 0.03324, -0.041397, -0.075937, 0.136537, 0.168232, -0.072151, 0.042951, 0.119197, -0.05176, -0.116042, 0.122616, -0.012231, 0.149563, 0.020604, 0.074174, -0.011149, -0.160031, 0.081201, -0.09309, -0.043934, -0.097958, -0.11886]
[-0.10039, 0.003095, 0.153509, 0.149572, -0.09509, 0.10389, 0.054649, 0.136824, 0.114342, -0.104387, 0.010339, -0.013584, 0.151758, 0.156118, -0.156344, -0.071021, -0.063293, 0.05584, -0.080718, 0.040436, -0.032814, -0.013383, -0.115333, -0.111785, 0.159404, 0.096731, -0.024005, -0.164049, -0.128489, 0.103339, 0.165171, 0.06318, -0.093551, 0.03282, -0.137763, -0.145564, -0.028457, -0.112995, -0.131754, 0.022974, 0.020524, 0.143636, 0.095486, -0.112761, 0.133896, 0.05021, 0.13194, -0.16627, 0.147327, 0.094022, -0.009953, 0.063796, 0.035281, 0.10723, -0.124338, 0.012414, 0.109623, -0.013343, 0.104105, -0.120504, 0.071768, 0.021967, -0.149748, -0.089943, -0.113052, 0.165649, -0.095347, 0.116053, 0.079109, 0.165733, 0.055526, -0.003201, 0.124874, -0.149167, -0.087289, 0.110713, -0.085573, -0.02266, -0.000883, -0.141284, -0.069433, 0.054231, 0.164221, -0.069633, 0.017372, 0.077685, -0.040103, -0.140317, 0.112635, 0.075857]
[-0.080548, -0.091522, -0.050329, 0.139396, -0.087535, 0.062614, -0.11211, -0.16037, -0.063186, -0.114586, -0.130818, 0.053544, -0.126075, 0.036278, 0.096532, 0.095731, -0.033852, -0.031989, -0.036809, 0.032062, 0.091398, 0.045042, 0.165947, -0.094988, -0.087368, 0.002115, -0.056657, 6e-05, -0.101353, 0.125868, 0.019061, 0.008672, 0.09895, -0.035368, -0.011015, -0.051144, 0.159765, -0.147291, 0.139251, -0.152994, -0.099138, -0.153945, -0.01663, -0.088788, 0.161732, 0.108166, 0.023446, 0.064726, -0.091645, 0.055603, 0.039745, -0.122297, -0.028581, -0.048814, -0.03386, -0.027571, 0.000844, 0.00217, -0.139482, -0.146711, 0.007519, 0.108489, -0.041118, 0.149785, -0.166909, -0.112947, -0.043699, 0.093591, 0.069193, 0.026032, -0.10293, 0.098995, 0.124506, -0.075939, -0.096777, 0.019335, -0.018106, -0.135337, 0.142206, -0.147511, -0.113618, 0.134345, -0.070555, -0.061373, -0.139098, -0.122632, -0.108498, -0.137553, 0.067436, 0.123401]
[0.004476, 0.048944, 0.008595, -0.001999, 0.025228, -0.158577, -0.067502, 0.158809, 0.102884, 0.135424, -0.057986, -0.047342, -0.056954, -0.094822, -0.01397, -0.140124, -0.021693, 0.135199, 0.053482, -0.081356, -0.080286, 0.049479, 0.085059, 0.145962, 0.023229, 0.047308, -0.126132, -0.060104, -0.045751, 0.112951, 0.097442, -0.08767, 0.157087, -0.022008, -0.077375, -0.122232, 0.07877, -0.098203, -0.03171, 0.098709, 0.089911, 0.111451, 0.113389, 0.017727, 0.015274, -0.045175, -0.037985, -0.147398, 0.057175, 0.098693, 0.129588, 0.018307, 0.021352, 0.108029, -0.113984, 0.059583, -0.159442, 0.147404, -0.025677, 0.046833, 0.110979, -0.110855, 0.062245, 0.036568, 0.107502, -0.049327, 0.062819, 0.146455, 0.025063, 0.004335, 0.122228, 0.166298, 0.064449, 0.164312, -0.055706, -0.049852, -0.103677, 0.039867, -0.018164, 0.006482, 0.125748, -0.168709, -0.144232, -0.087451, 0.117848, -0.129431, 0.134064, -0.146852, -0.04462, 0.066871]
[-0.05571, 0.010535, -0.055124, -0.06068, -0.030248, -0.151463, -0.101773, 0.139267, -0.153956, 0.059952, -0.128463, 0.053015, -0.089297, 0.112815, -0.106557, -0.083339, -0.122663, 0.13267, -0.127512, 0.097175, 0.053936, 0.02335, -0.000374, 0.110337, 0.000476, 0.117366, 0.147444, 0.108342, 0.00456, 0.116437, 0.016742, -0.094327, 0.128922, 0.142688, -0.032169, -0.110663, 0.122551, 0.093858, 0.111619, 0.08328, -0.052784, -0.119644, 0.04532, 0.077003, -0.146345, 0.136625, -0.074352, 0.130622, 0.117461, -0.061017, -0.031869, 0.096155, -0.120203, 0.004977, -0.09682, 0.113765, -0.153431, -0.154678, 0.079086, -0.038467, 0.032469, 0.058537, -0.122955, -0.052612, -0.142281, -0.109282, 0.137859, -0.022442, -0.004356, 0.167027, -0.047154, -0.123645, -0.075762, 0.162014, 0.005948, -0.051311, -0.100188, -0.042817, 0.134074, 0.155351, 0.090972, -0.041673, -0.049594, -0.133294, 0.165569, 0.080835, 0.089394, 0.078725, -0.001792, 0.038022]
[0.154365, -0.150586, 0.10186, -0.146948, -0.130582, -0.07164, 0.167812, -0.016305, -0.129084, 0.124351, -0.136534, 0.141479, 0.042203, -0.147068, -0.120645, 0.005642, 0.108649, -0.028411, 0.1453, -0.039854, -0.107404, -0.139856, 0.146241, 0.159711, -0.058522, 0.106974, 0.106357, 0.002326, 0.016286, 0.065384, 0.103417, -0.067819, 0.011291, 0.024299, 0.164298, 0.080453, -0.011557, 0.051084, 0.12574, -0.123205, 0.03412, -0.018089, -0.068167, -0.024969, 0.041911, -0.052459, -0.11344, 0.075317, -0.021339, 0.024046, -0.042649, -0.039412, 0.085791, -0.11183, 0.151554, -0.081855, 0.117494, -0.158302, -0.022631, -0.129228, 0.167709, 0.018003, 0.085275, 0.042573, 0.125748, 0.104649, -0.009464, 0.100939, -0.140786, -0.059517, -0.002976, 0.07772, 0.128826, 0.040746, -0.014908, 0.105807, -0.049946, -0.029853, -0.092596, -0.025814, 0.114377, 0.017356, 0.108497, -0.093118, 0.082686, -0.146004, -0.157357, 0.030535, 0.063864, -0.000542]
[0.081718, -0.155998, 0.124609, 0.051294, -0.16555, 0.125791, -0.081242, -0.118912, -0.122421, -0.025291, -0.0214, 0.117555, 0.067607, 0.044234, 0.066579, -0.091863, -0.110738, -0.097861, -0.064558, -0.042202, -0.167039, 0.012247, -0.076894, -0.066994, 0.022391, 0.078219, -0.126443, 0.01228, -0.139266, -0.071675, -0.136018, 0.080995, -0.078075, -0.007082, -0.0575, 0.00859, 0.154796, -0.07283, -0.119551, 0.022736, 0.140991, 0.018018, 0.085026, 0.03095, -0.084245, 0.016625, 0.141466, -0.123626, 0.155131, -0.083449, -0.077939, -0.012394, 0.034595, 0.147545, 0.111885, 0.083687, -0.035674, -0.161065, -0.068913, -0.08875, -0.076769, -0.147795, -0.146624, -0.109063, -0.080976, -0.098618, -0.074699, 0.039443, 0.080643, -0.125202, -0.071708, -0.124457, 0.080317, 0.122468, 0.005691, 0.138448, -0.068217, 0.036912, 0.086502, -0.07399, 0.00505, -0.113071, 0.101409, 0.01759, 0.104568, 0.019957, -0.096467, 0.030182, 0.140033, -0.161786]
[0.097149, -0.00909, 0.060506, -0.02175, 0.035706, 0.164302, -0.096495, 0.121341, -0.057264, 0.104993, -0.007404, -0.063917, 0.109977, -0.029398, 0.078374, 0.081908, 0.025452, -0.158244, -0.047381, -0.127927, -0.10249, -0.042198, -0.079283, -0.155032, -0.052329, 0.121644, 0.056939, -0.005465, -0.08951, 0.124268, -0.024072, -0.126901, -0.057364, -0.102959, -0.008246, 0.004445, 0.090738, -0.054255, -0.072653, 0.071906, -0.058952, 0.043628, -0.145985, -0.117594, 0.010376, 0.139749, 0.152639, -0.039603, -0.080108, 0.128489, 0.012027, 0.006005, 0.090331, -0.037371, -0.050236, 0.026536, -0.12454, -0.101086, -0.077756, -0.163807, 0.11186, 0.006963, 0.0355, -0.029627, 0.095152, -0.156698, 0.157284, -0.0536, -0.053498, 0.051184, 0.10739, 0.103441, -0.05719, 0.004743, -0.016757, 0.060775, 0.011747, -0.061534, 0.009652, 0.053135, -0.156045, -0.078408, 0.058067, -0.042641, 0.151911, 0.103549, 0.088874, 0.01274, 0.119599, -0.07348]
[0.166756, -0.029241, 0.136585, -0.04072, -0.071656, -0.028353, 0.106492, 0.042068, -0.005328, 0.132714, -0.105329, 0.094161, 0.150941, -0.149213, 0.097599, -0.043398, -0.042636, -0.021726, 0.085475, 0.083636, -0.142337, -0.034303, -0.143889, -0.095935, 0.15227, 0.135164, 0.149072, -0.059013, 0.10162, -0.01868, 0.034371, -0.040795, 0.042508, 0.112245, 0.06606, -0.164774, -0.112171, 0.145407, -0.087171, -0.018514, 0.162737, 0.148001, -0.085376, -0.08547, 0.063395, 0.120891, 0.026645, -0.007765, 0.029905, -0.160413, 0.149466, 0.116484, 0.002336, 0.106965, 0.14593, -0.017953, -0.091919, -0.108975, 0.034585, -0.028929, 0.001304, -0.166569, 0.165699, 0.107146, -0.157131, -0.026443, 0.02116, -0.019185, 0.01018, 0.116729, 0.012795, 0.052368, -0.159224, 0.085513, -0.165162, -0.02782, 0.105983, -0.007758, -0.080126, -0.137685, 0.158239, -0.074672, -0.108722, -0.03114, 0.148059, -0.082102, -0.152441, -0.138758, 0.082507, 0.07125]
[0.083459, -0.05945, 0.12517, -0.146119, 0.086774, -0.138645, 0.11713, 0.148231, -0.090896, -0.131384, -0.057515, 0.049888, -0.053299, -0.033559, 0.164314, 0.14964, -0.012635, -0.098181, 0.156738, -0.167108, -0.064322, -0.040327, -0.006584, 0.072705, 0.157372, -0.038097, -0.00267, 0.078768, -0.052067, 0.093844, 0.031553, 0.070613, -0.020129, -0.05716, -0.101286, 0.002744, 0.063607, 0.154239, 0.094014, 0.059444, 0.166576, -0.000709, -0.152132, -0.123993, 0.107646, 0.118155, 0.132471, 0.132033, -0.027864, -0.009594, 0.002627, 0.154608, 0.137388, 0.126372, -0.000764, 0.017333, -0.106158, -0.110184, -0.062967, 0.138932, -0.022513, 0.020987, 0.069602, -0.011409, -0.057657, -0.030924, 0.085956, 0.155773, -0.15905, -0.149762, 0.032843, -0.088092, 0.046574, 0.018014, -0.042387, 0.03246, -0.102127, 0.019523, -0.049912, 0.082723, -0.076038, -0.100674, 0.016851, 0.05719, -0.022914, -0.137604, -0.11981, -0.102181, 0.125107, 0.050126]
[-0.023325, -0.13419, 0.067302, 0.040676, 0.014001, -0.073989, 0.048193, 0.116236, -0.005489, -0.045153, 0.035766, -0.166891, 0.126016, -0.102514, 0.038906, 0.020642, -0.152588, -0.103537, 0.102525, 0.058574, 0.045732, -0.098054, -0.017912, -0.050132, -0.041321, 0.162389, 0.093545, -0.134948, -0.119883, 0.127289, -0.072382, 0.100056, 0.15965, 0.070453, 0.044736, -0.112631, 0.102949, 0.145022, 0.013313, 0.109575, 0.121426, -0.145759, 0.168059, 0.142315, 0.000617, 0.148092, -0.034766, -0.073522, 0.095067, 0.076532, 0.006548, 0.003117, 0.140106, 0.141914, -0.1505, -0.017061, 0.076264, 0.118571, 0.132109, -0.009366, -0.093633, -0.010641, -0.061594, -0.021653, -0.128454, 0.03827, 0.029861, -0.078814, 0.018738, -0.042175, 0.07907, -0.001411, -0.116406, -0.043095, -0.053738, 0.099804, 0.068897, 0.056506, -0.016048, -0.032132, -0.104199, -0.148923, -0.105569, 0.056178, -0.031259, -0.115737, 0.136145, 0.074334, -0.074686, -0.051939]
[0.092467, 0.093433, 0.001217, -0.002715, -0.078587, 0.14921, 0.087385, -0.145652, 0.03726, -0.059768, -0.025177, -0.078142, 0.077182, 0.090144, -0.036632, -0.122051, 0.064938, -0.112366, 0.159345, 0.12056, 0.066586, 0.131847, -0.020593, 0.140265, -0.028753, -0.070517, 0.046225, -0.083262, -0.167759, 0.099679, 0.0497, -0.136912, -0.093333, -0.053899, 0.091869, -0.102284, -0.145589, -0.002586, -0.108474, -0.142147, 0.123897, -0.102253, -0.132334, -0.1435, 0.125752, 0.054477, 0.036557, -0.12917, -0.033372, 0.09889, -0.116433, -0.054253, -0.045511, -0.102176, 0.077574, 0.074771, -0.117571, 0.060818, 0.026242, -0.157925, 0.028416, -0.044649, 0.07637, -0.109164, -0.02603, 0.049946, -0.02379, -0.025414, 0.124866, 0.166713, -0.037951, -0.16709, -0.012074, -0.095512, 0.145417, -0.047555, -0.077957, -0.103055, 0.096704, 0.106342, 0.15341, -0.022868, 0.160681, -0.043852, -0.124431, 0.001735, -0.016389, -0.035406, 0.164403, 0.121742]
[-0.021078, -0.028781, -0.096503, 0.14483, -0.09021, 0.027874, 0.054735, 0.167478, -0.085449, -0.156466, -0.162281, 0.037786, -0.006778, 0.044212, -0.049486, 0.037954, 0.077114, 0.124577, 0.03392, -0.084806, 0.0796, 0.124527, 0.144453, -0.13904, 0.071632, -0.012498, 0.157314, -0.045851, -0.002716, -0.085139, -0.155874, 0.041142, -0.000923, 0.083653, 0.139295, 0.073342, 0.110156, -0.04059, 0.074093, 0.063347, 0.001376, -0.024317, -0.118669, -0.129936, -0.119003, -0.065607, -0.050909, -0.138021, -0.102585, 0.098887, -0.031128, 0.136948, -0.099213, -0.116689, -0.138079, 0.137779, -0.011514, 0.04106, -0.112339, -0.102272, -0.033521, 0.008107, 0.118048, 0.160852, 0.066584, 0.074707, 0.044973, 0.015086, -0.090879, 0.06923, 0.106544, -0.032469, -0.085821, -0.043373, -0.164432, 0.08946, 0.10625, -0.138377, 0.034028, 0.003434, 0.015268, 0.072262, 0.151963, 0.139332, -0.059211, 0.048056, -0.059094, 0.114928, -0.153954, -0.001485]
[0.15801, 0.153702, 0.099754, 0.035902, -0.004953, 0.036962, -0.0929, 0.02658, -0.146515, -0.113011, -0.023031, -0.133483, -0.138987, -0.017561, -0.005408, -0.111338, -0.163325, -0.161694, -0.106189, 0.145385, 0.114286, -0.00596, 0.039211, 0.165256, 0.077224, 0.077553, 0.127807, 0.120852, -0.014369, 0.058571, -0.037458, -0.148373, -0.005811, -0.109567, 0.161666, 0.054388, -0.024993, 0.086472, 0.049903, 0.096626, -0.157661, -0.118579, -0.072987, -0.026388, 0.130433, -0.009383, -0.032458, -0.167516, 0.109699, -0.014212, 0.112597, 0.067933, -0.140236, -0.087237, 0.091896, 0.124387, -0.062227, 0.055003, 0.055081, 0.162037, 0.155192, 0.1081, -0.002392, 0.140778, -0.033277, -0.094166, 0.073115, -0.134904, 0.032116, 0.048095, -0.155684, 0.117671, -0.093286, -0.150759, -0.144534, -0.011788, 0.143094, 0.159884, 0.018097, 0.154617, -0.056285, -0.003651, -0.054296, -0.144551, -0.081852, 0.089059, 0.137955, 0.044941, 0.07734, -0.134891]
[0.082735, -0.130099, 0.076298, -0.111286, -0.001266, -0.041644, -0.103826, 0.084714, 0.134135, -0.115873, -0.161259, 0.044127, -0.001222, 0.091017, 0.112114, -0.025529, -0.121376, -0.032157, -0.072672, -0.04317, 0.01141, -0.048763, -0.077294, -0.13698, 0.168889, 0.092403, 0.062615, -0.025056, -0.077754, 0.043846, -0.055585, 0.132126, 0.118235, -0.148339, -0.007298, 0.140103, 0.077164, 0.03059, 0.130615, 0.114269, -0.136582, 0.030411, 0.141116, -0.011938, 0.151532, 0.047226, 0.16759, -0.063775, 0.137203, 0.12823, 0.035475, 0.131255, -0.060801, 0.04316, -0.134112, 0.144776, 0.082365, -0.073964, -0.055458, 0.1536, -0.159477, -0.071575, -0.045007, -0.033557, -0.161545, 0.099278, 0.130846, -0.149464, 0.002481, 0.100276, -0.006252, 0.142786, 0.024556, -0.145058, 0.068993, 0.081754, 0.064342, -0.151455, 0.084256, -0.053155, -0.088, 0.13442, -0.167325, -0.157302, 0.165235, 0.027506, -0.031499, -0.045561, -0.130995, 0.107021]
[0.111816, -0.053069, -0.067341, -0.017344, 0.144937, 0.144373, -0.103368, -0.041155, -0.00572, 0.146473, -0.048779, 0.009661, 0.151989, -0.073038, -0.039813, -0.096914, 0.022413, 0.078069, -0.087262, -0.155059, 0.023604, -0.029383, -0.167905, -0.160068, 0.089371, 0.097994, -0.0258, 0.118694, -0.162348, -0.042489, 0.155019, 0.051702, 0.007467, 0.035137, -0.137251, -0.061991, 0.126832, -0.140627, -0.124991, -0.076622, 0.017087, 0.075363, -0.05314, 0.117938, -0.068724, 0.167458, -0.14298, -0.080763, 0.011753, 0.079219, -0.160889, -0.052544, 0.107234, -0.121568, 0.161856, -0.096772, -0.031928, 0.087599, -0.111493, -0.103274, 0.139135, 0.034047, 0.017323, -0.00396, 0.05947, -0.034973, -0.105286, 0.046075, -0.087785, 0.075537, -0.092783, -0.05937, -0.032961, -0.142184, 0.015578, 0.097039, 0.051915, -0.147295, -0.04879, 0.144689, 0.013607, -0.003995, -0.095381, 0.075616, -0.15284, -0.031424, 0.055008, 0.113587, 0.05684, -0.088319]
[0.048049, 0.117234, 0.015732, -0.0158, 0.050663, 0.144843, -0.040256, 0.120358, -0.022833, -0.081727, 0.147318, -0.058422, 0.083022, 0.021806, 0.053266, 0.133018, 0.158841, 0.107721, -0.116048, 0.059982, -0.041804, -0.02023, 0.016981, 0.115494, 0.157121, 0.069258, 0.041093, -0.124835, -0.116316, 0.073261, -0.108443, -0.118992, 0.000687, 0.130226, 0.013589, -0.139567, -0.000188, -0.122134, -0.041891, -0.084082, 0.167126, -0.039131, 0.138785, -0.135399, -0.086432, -0.166069, 0.082694, 0.16255, 0.055217, 0.115928, 0.040956, 0.014236, -0.067049, 0.001304, -0.028409, 0.087391, 0.133395, -0.069725, 0.010967, 0.167984, 0.027041, 0.14755, -0.141976, 0.05649, 0.081932, 0.082046, 0.099942, -0.103243, -0.093761, -0.054617, -0.143336, 0.103548, -0.161067, 0.158442, -0.096553, 0.093891, 0.118347, 0.124188, -0.039281, -0.064408, -0.165326, -0.017751, 0.092694, -0.145409, -0.058746, -0.095151, -0.034123, 0.080176, -0.134104, -0.071142]
[-0.07647, 0.07018, -0.003146, -0.07108, -0.142784, 0.12815, -0.09317, 0.047766, -0.011052, 0.072437, 0.130017, 0.032961, -0.106844, -0.08896, 0.135592, -0.115026, 0.045642, 0.136057, -0.163912, -0.084644, -0.080266, 0.113855, 0.084743, -0.030513, 0.122457, -0.080886, 0.111297, 0.107625, -0.047219, -0.047201, 0.09676, -0.048526, -0.162981, -0.020642, -0.106606, 0.049582, -0.123965, -0.121081, -0.168929, 0.124794, -0.136172, -0.012586, -0.166201, -0.098742, -0.025152, 0.083639, 0.057307, -0.049754, 0.027118, 0.054938, -0.054814, 0.004681, -0.042131, -0.109616, 0.060529, -0.122527, 0.104616, 0.065856, 0.148384, -0.154154, -0.08819, -0.120204, -0.129917, -0.078018, 0.008512, -0.141771, -0.148926, -0.116138, 0.129746, 0.143383, -0.149543, -0.126354, 0.156963, -0.093091, -0.155311, 0.044532, -0.027186, 0.093361, -0.057349, 0.078256, -0.098218, 0.076075, 0.122764, -0.090133, 0.122758, -0.081577, -0.046131, -0.045956, 0.071628, -0.003635]
[-0.085962, 0.064894, 0.143334, 0.011847, 0.055377, -0.037433, 0.151939, 0.13611, -0.071796, -0.046768, 0.063583, -0.073742, -0.144988, -0.06236, -0.050855, -0.124326, 0.056979, -0.057488, 0.073064, -0.091551, -0.158653, -0.129005, 0.103788, 0.150672, -0.07487, 0.086685, 0.062504, 0.139148, 0.11386, 0.140746, 0.110154, 0.08502, 0.081871, 0.035167, 0.167804, -0.085273, -0.020562, 0.122829, 0.116241, 0.132464, -0.11274, 0.098532, -0.008332, 0.123625, -0.112799, -0.034082, 0.029838, 0.157637, -0.048608, -0.03845, -0.072437, 0.064868, 0.079255, 0.110442, -0.122701, 0.154501, -0.102496, -0.018631, -0.129404, 0.160639, 0.008683, -0.132398, 0.066695, 0.069892, 0.032922, -0.048033, -0.113151, 0.089343, 0.043476, -0.055876, -0.067571, 0.164117, -0.114817, 0.044397, -0.146086, 0.109575, 0.024059, 0.092133, -0.136548, -0.112001, 0.066097, 0.134385, -0.146853, 0.09375, 0.001599, 0.039006, 0.061521, 0.1093, -0.16656, -0.110254]
[-0.144498, 0.087163, -0.038672, 0.058759, -0.046464, 0.137897, -0.026392, 0.118711, -0.137095, 0.143336, 0.078158, -0.018944, 0.166127, 0.04963, -0.035478, -0.008762, 0.102505, 0.128967, 0.094552, 0.143875, -0.095432, 0.084466, 0.121257, 0.076759, 0.09513, -0.146102, -0.103529, 0.163545, -0.155574, 0.013151, 0.071867, -0.038834, 0.077536, -0.064953, -0.046056, 0.042373, -0.094803, -0.166907, 0.034789, -0.072578, 0.090704, -0.168719, -0.080464, 0.077917, 0.005713, -0.04929, -0.05107, 0.095283, 0.153618, 0.054014, -0.043826, 0.068932, 0.047179, -0.067483, 0.05589, -0.095575, -0.055935, 0.140453, 0.164806, -0.079291, -0.153466, -0.151181, 0.152716, -0.05406, -0.127877, -0.022904, -0.158243, 0.035164, 0.1177, 0.088379, -0.153645, 0.007663, 0.136776, -0.167991, 0.083388, 0.010212, 0.11528, 0.145667, -0.034784, 0.111025, -0.07528, 0.037509, -0.078475, 0.020202, 0.05978, -0.066319, 0.031491, 0.156894, 0.00888, -0.127101]
[0.075014, -0.102154, -0.166575, -0.061377, -0.128928, -0.13274, -0.117942, -0.043943, -0.003724, 0.026402, 0.164674, 0.070742, 0.126695, -0.033444, 0.007836, 0.044026, -0.16235, -0.039647, 0.133111, -0.036486, -0.162216, 0.1493, -0.024573, -0.009016, -0.078155, -0.057776, -0.107613, 0.044424, -0.155229, 0.146714, 0.133003, -0.020956, -0.162147, -0.007252, 0.063053, 0.038861, 0.027938, -0.095574, 0.134301, 0.015419, 0.137083, 0.097218, 0.165497, 0.141549, -0.141841, -0.127891, -0.145814, -0.01923, 0.008614, 0.078459, 0.136445, 0.112778, -0.146418, 0.05403, -0.16013, 0.056439, 0.117906, -0.02052, -0.134771, -0.091153, 0.140411, 0.048058, 0.038251, -0.102902, -0.006087, 0.011017, -0.087574, -0.023866, -0.159888, 0.060421, 0.014832, 0.074061, -0.03734, 0.030418, -0.080424, 0.064992, -0.002714, -0.050254, -0.036124, -0.066509, 0.010091, 0.120341, -0.04682, -0.136627, 0.052821, -0.02253, 0.03517, -0.137044, -0.012096, 0.07095]
[0.011659, 0.146813, -0.069573, -0.010487, 0.111434, -0.03256, -0.095228, -0.076477, -0.091503, 0.093599, -0.141849, 0.030499, 0.033065, -0.033096, 0.114559, -0.077128, -0.049135, 0.142774, 0.076258, 0.065822, -0.122666, 0.04302, 0.099635, 0.081677, 0.163097, -0.149562, -0.102996, -0.025851, 0.082011, -0.048733, 0.02144, 0.14236, 0.070238, 0.108374, -0.096878, 0.148361, -0.085908, 0.118231, -0.083102, 0.099423, 0.052457, -0.009742, -0.15962, 0.077216, 0.007559, -0.161442, 0.106321, 0.002938, 0.021947, -0.077411, -0.018572, 0.115072, 0.064729, 0.16311, 0.04078, 0.153973, -0.055222, -0.109858, 0.002533, 0.155185, -0.042878, 0.038049, -0.042027, -0.14186, -0.031885, -0.123514, 0.10853, 0.052521, -0.029821, -0.071803, 0.155796, -0.00596, -0.022899, 0.008132, -0.127228, 0.016997, 0.155897, -0.06468, 0.07726, -0.12921, -0.137827, 0.057899, -0.006928, 0.097148, -0.119061, -0.003339, -0.059843, -0.010571, -0.03876, -0.074271]
[0.000674, 0.117663, 0.040397, -0.125431, -0.126642, -0.015946, -0.057676, -0.111262, -0.10511, -0.153333, -0.13098, -0.090441, 0.006848, -0.093329, 0.027155, -0.071751, 0.068834, 0.039187, 0.040973, -0.141001, -0.030839, -0.167409, -0.102723, -0.161241, -0.085551, 0.114015, -0.077021, -0.152467, 0.111132, 0.139753, 0.137614, -0.075057, 0.011749, -0.153049, 0.10802, -0.164502, 0.01575, 0.00606, -0.006342, 0.119387, -0.114975, -0.042859, -0.105462, -0.01784, -0.001842, 0.072448, -0.089201, 0.036746, 0.035657, 0.16077, -0.077684, 0.043404, 0.130328, -0.046292, -0.023945, -0.132175, -0.130435, 0.147472, 0.080976, 0.062928, 0.049519, -0.168249, -0.056902, -0.118208, -0.155484, -0.163652, 0.073426, -0.115258, 0.101452, -0.126847, 0.12631, -0.157786, -0.153384, -0.085975, -0.154758, 0.001445, -0.001931, 0.100898, -0.148205, 0.158331, -0.043413, -0.101255, -0.038072, 0.047172, -0.019305, 0.110243, 0.093485, -0.100386, -0.062929, -0.058333]
[-0.157867, 0.146746, 0.012728, 0.059231, -0.044537, -0.099391, -0.149192, 0.142388, 0.010214, -0.159914, 0.090127, 0.130635, 0.135975, -0.000195, -0.153051, -0.050364, -0.016502, 0.031926, 0.140195, -0.034486, -0.139447, -0.150786, -0.146107, -0.118775, -0.135892, -0.063371, 0.093779, -0.017331, -0.161861, -0.0548, -0.000124, -0.156156, -0.142169, 0.069938, 0.082431, -0.04978, -0.161832, -0.021897, -0.080573, -2.6e-05, -0.014484, -0.092606, 0.068837, 0.112886, -0.074438, -0.084776, -0.161839, -0.089254, 0.038022, -0.10625, 0.030965, 0.097693, -0.01415, -0.104321, 0.127271, -0.039735, -0.120191, 0.123558, -0.147978, 0.044351, 0.11075, 0.005777, -0.156256, 0.148004, -0.044258, 0.107367, -0.150459, -0.127329, -0.121835, 0.133905, -0.161707, 0.1185, -0.042433, 0.154892, -0.162079, 0.080649, -0.012691, -0.141303, 0.136525, 0.130141, -0.117617, -0.141116, 0.124011, -0.045576, 0.129791, -0.042214, 0.116545, -0.063246, 0.022763, 0.128348]
[-0.09358, -0.119637, 0.013187, 0.144115, 0.092746, -0.131126, -0.047328, 0.070755, -0.035727, 0.09808, -0.005639, -0.168922, 0.110339, -0.086174, 0.098392, -0.010441, -0.075614, 0.06667, 0.077528, -0.053753, 0.141664, 0.059645, -0.028536, 0.044931, 0.011686, 0.122489, 0.007146, 0.115892, -0.163773, 0.162414, -0.146785, -0.116911, 0.134208, 0.071002, -0.071655, 0.162802, 0.098187, 0.14196, 0.070615, -0.098362, -0.160535, 0.141137, 0.148056, -0.086385, -0.088612, 0.130385, -0.062296, 0.068808, -0.091228, 0.046409, 0.138347, 0.054625, 0.123916, -0.063173, 0.130049, 0.026814, -0.060582, -0.063606, 0.026518, 0.098019, -0.020712, -0.112763, 0.055258, 0.100266, 0.009489, -0.071061, -0.139942, -0.139499, -0.112604, 0.00085, 0.063449, 0.114269, -0.057556, 0.168931, 0.144381, 0.117028, -0.024087, -0.123767, -0.148274, -0.014757, -0.005627, -0.074015, 0.077951, -0.032478, 0.076741, 0.049945, -0.117734, 0.031055, -0.06802, 0.028039]
[-0.054771, -0.155396, 0.128371, -0.020328, -0.095877, -0.09005, 0.165019, -0.065264, 0.152547, -0.03091, -0.149271, -0.144637, 0.145579, 0.036402, -0.10989, 0.130121, 0.036623, 0.089465, 0.111244, -0.028487, -0.141942, 0.073878, 0.035284, 0.032899, -0.092462, -0.035058, 0.1185, 0.028927, -0.105582, 0.141867, 0.008711, 0.150803, -0.128768, 0.095735, -0.020332, -0.07154, -0.086723, -0.110839, 0.161055, -0.130481, -0.08035, 0.075256, -0.14078, 0.021189, 0.165693, -0.091462, 0.042839, 0.136619, -0.038539, 0.168817, -0.078251, 0.119022, 0.142596, -0.065164, 0.038604, -0.013359, 0.067178, 0.153166, -0.070509, 0.033458, 0.151241, 0.164915, -0.099651, 0.16499, 0.095208, 0.144209, 0.045202, -0.003825, -0.10149, -0.111056, 0.089361, -0.154701, 0.025879, -0.148986, 0.063505, 0.104944, -0.087351, -0.099067, -0.054928, 0.057058, 0.015762, 0.140323, -0.082134, -0.043387, -0.114207, -0.058363, -0.055837, 0.133245, 0.006203, -0.099781]
[0.130325, -0.167009, -0.09015, -0.071199, 0.028937, -0.02024, -0.057371, 0.065918, 0.075674, 0.119624, -0.019207, -0.060186, 0.110075, -0.152868, -0.163151, -0.031073, 0.1316, -0.109106, -0.134449, 0.155356, 0.06692, -0.003493, 0.044306, -0.13755, -0.028362, 0.150907, -0.002154, -0.007453, 0.102066, 0.11438, -0.118019, 0.089819, 0.044814, -0.012804, 0.034386, 0.015829, -0.022883, -0.020773, 0.132263, -0.033709, -0.147655, -0.022113, 0.000746, 0.133645, -0.087842, 0.031982, -0.095757, 0.106003, 0.134855, 0.124239, -0.116493, 0.168844, -0.160074, -0.134621, -0.142499, -0.05291, 0.08377, 0.026104, -0.095892, 0.06024, -0.059409, -0.016869, -0.061331, -0.147642, -0.039973, 0.028974, 0.139637, 0.160402, 0.150197, -0.068162, -0.137549, -0.03685, -0.132153, -0.035131, 0.035271, -0.134178, -0.048749, 0.142768, -0.133133, 0.036578, 0.0109, -0.078876, 0.108404, -0.136181, -0.059857, 0.085329, -0.16451, -0.006451, 0.122061, 0.151393]
[0.119314, -0.006778, 0.102201, -0.099194, -0.088826, 0.149184, -0.160527, -0.01735, 0.030798, -0.15633, 0.15479, 0.103089, -0.070418, -0.028052, -0.136497, -0.020076, -0.13399, -0.062101, 0.140098, 0.06678, -0.008134, -0.15618, 0.011458, 0.044836, 0.088194, -0.153388, -0.080113, 0.100756, -0.103808, -0.122776, 0.14358, -0.019722, 0.095827, 0.111765, -0.024335, 0.109045, 0.013193, -0.135097, 0.03986, 0.138833, -0.070483, 0.138289, 0.02747, 0.106849, -0.011358, -0.055583, -0.16325, 0.151387, -0.140329, -0.114658, 0.126362, 0.046753, 0.104785, 0.044704, -0.105739, -0.016009, -0.134354, -0.108724, -0.010191, -0.079909, -0.096646, -0.154307, 0.03567, -0.104284, -0.116968, 0.165563, 0.141524, -0.112594, 0.114467, 0.140528, 0.05896, 0.094185, 0.127047, -0.041745, -0.103912, 0.108455, 0.009208, 0.118309, 0.132629, 0.16763, -0.069345, 0.042974, -0.005889, -0.122071, -0.157954, 0.155344, 0.022753, -0.02137, -0.067018, -0.086746]
[0.124234, -0.12951, 0.045305, -0.167725, 0.104822, -0.094568, 0.026893, -0.026194, -0.124306, 0.032491, -0.129595, 0.155286, -0.060278, 0.127471, -0.133255, 7.9e-05, -0.128513, -0.124797, -0.066503, 0.11417, -0.012733, 0.130064, 0.056705, -0.069306, -0.134627, -0.017168, -0.089437, 0.148226, 0.11107, -0.057273, 0.126132, -0.067278, -0.078719, -0.049012, 0.111642, -0.06003, 0.166096, -0.014592, -0.145659, 0.103986, -0.034579, 0.147761, 0.135099, -0.01332, -0.149592, 0.075397, -0.055737, -0.117373, 0.040681, -0.120481, -0.163135, -0.156198, -0.047845, -0.041893, -0.011861, -0.014327, 0.097039, 0.016496, 0.095784, -0.12003, -0.137327, 0.089695, -0.066072, -0.092036, 0.012501, 0.062025, 0.154732, 0.145696, 0.026931, -0.06181, -0.001431, 0.033307, 0.096511, 0.149756, -0.127246, -0.006981, -0.021394, -0.033253, 0.029802, 0.093814, 0.090913, 0.081369, 0.004478, 0.118081, 0.028248, -0.12194, 0.0847, -0.107288, -0.078019, -0.027863]
[0.059744, 0.110427, 0.155739, -0.152828, -0.138045, 0.035853, -0.164815, 0.038092, -0.038437, -0.124797, 0.10334, 0.163284, 0.102966, -0.066045, 0.143264, -0.088281, -0.106201, -0.005939, 0.159203, -0.125702, -0.044196, -0.134664, -0.115432, 0.00176, 0.033288, 0.0996, 0.002962, 0.15581, 0.150042, 0.080081, -0.101001, 0.040184, -0.150818, 0.150654, -0.028575, -0.145074, -0.091213, -0.149613, -0.139503, -0.094471, 0.041158, 0.098702, -0.134862, -0.004646, -0.009665, -0.031606, -0.012849, -0.138569, 0.12782, -0.159495, -0.074612, 0.106468, 0.077566, 0.125602, -0.135653, -0.015365, 0.083766, 0.124543, -0.167501, -0.036789, 0.023663, 0.153508, 0.015439, 0.124353, -0.108205, 0.037407, -0.027607, 0.086908, 0.034286, -0.104283, -0.054486, 0.144926, 0.020183, -0.008063, -0.05824, -0.052254, 0.111349, 0.156739, -0.049339, 0.083014, -0.164093, 0.12081, -0.05416, 0.13912, -0.01156, 0.074677, -0.015447, -0.139333, -0.167593, -0.063166]
[-0.01226, 0.107699, 0.02515, 0.071705, 0.167771, 0.064108, -0.046574, 0.127956, -0.009157, -0.070801, -0.049634, 0.167844, -0.020849, 0.088246, 0.155581, -0.038634, 0.131137, 0.135011, 0.068966, 0.013736, 0.020859, 0.07736, -0.077245, -0.109145, 0.137656, -0.055769, 0.099026, 0.015483, 0.093098, 0.073224, -0.049277, -0.047573, -0.071443, 0.121622, 0.009667, 0.038485, 0.155998, 0.043469, -0.133865, 0.002259, 0.051448, -0.002066, -0.035163, -0.152776, 0.069411, 0.003985, -0.014467, -0.009238, 0.115735, 0.163419, -0.068811, -0.105334, -0.164243, -0.089796, 0.034996, -0.136161, -0.025012, -0.050864, 0.035041, 0.066009, -0.057378, 0.113071, -0.135276, -0.087136, 0.033564, -0.029347, -0.14437, 0.119086, -0.1128, 0.032875, -0.030325, -0.029925, -0.139646, 0.105625, -0.089797, 0.022593, 0.02109, 0.144906, 0.104951, 0.042498, 0.009028, 0.009645, -0.043844, -0.102837, -0.149574, 0.040353, 0.062298, -0.093212, -0.031159, 0.05376]
[0.110393, 0.038334, -0.051349, -0.063512, 0.113875, -0.064311, 0.067303, 0.005737, 0.049315, -0.053323, -0.038048, -0.031313, 0.010819, -0.001629, 0.096781, -0.126367, -0.068415, -0.099415, 0.049572, 0.132959, 0.159633, -0.158767, 0.049658, -0.098012, 0.111749, -0.078947, -0.072178, -0.017368, -0.037315, -0.057049, -0.132507, -0.151113, 0.087749, 0.121681, -0.04678, -0.057754, 0.160858, 0.081647, 0.09303, 0.007929, -0.065099, -0.01194, 0.024196, -0.076116, -0.03957, 0.045246, -0.158081, 0.131815, 0.061811, 0.094968, 0.121208, -0.120893, 0.07435, 0.038929, 0.155607, -0.011124, -0.058619, 0.05317, 0.121677, -0.081137, 0.164048, -0.040616, 0.158135, 0.149042, 0.127886, 0.167944, -0.125016, 0.063414, 0.151624, 0.007354, 0.039566, -0.052504, -0.031072, -0.127305, -0.068449, 0.036742, 0.030716, -0.048992, 0.144224, 0.085354, 0.018072, 0.106197, -0.143711, -0.083203, -0.165995, -0.079516, 0.128531, -0.062665, -0.027857, -0.090075]
[-0.007934, -0.006947, -0.051784, 0.027769, 0.154328, -0.161785, 0.160335, 0.058069, 0.111455, 0.08187, -0.017159, -0.156414, -0.084721, 0.079596, 0.094093, 0.038091, -0.112149, -0.012714, 0.025492, 0.038907, -0.133864, 0.093647, 0.028365, -0.100336, 0.088143, 0.133425, 0.110323, -0.020135, -0.101302, -0.157203, -0.113749, 0.103911, -0.025069, 0.156591, 0.049196, -0.120077, 0.090336, 0.057582, 0.015189, 0.017425, 0.096106, 0.13639, -0.040428, -0.103138, -0.115338, -0.162256, 0.151223, 0.077483, -0.109857, -0.015729, -0.078281, -0.022081, -0.141547, 0.098785, -0.025252, -0.028169, 0.026426, 0.143987, 0.140988, 0.079652, -0.032826, 0.165234, -0.085542, 0.057604, 0.085141, -0.039008, -0.110569, -0.04218, -0.168986, 0.040121, 0.131645, -0.045764, -0.103391, 0.104921, -0.03452, 0.117695, 0.061595, -0.068723, 0.053238, 0.056977, -0.138572, -0.065474, -0.127485, -0.044326, -0.061401, -0.16452, 0.10155, -0.158264, 0.045471, -0.055841]
[0.076756, 0.084245, -0.129643, 0.134825, -0.10473, 0.158352, -0.067301, -0.073087, -0.118774, 0.135791, -0.155574, -0.041779, -0.044111, 0.082801, -0.161123, -0.092496, 0.092207, -0.001915, 0.082962, -0.022783, 0.140416, 0.042378, 0.15231, -0.048354, 0.123494, 0.152158, 0.150899, -0.116891, 0.106661, 0.092215, -0.089137, -0.046594, -0.007124, -0.116822, -0.103855, -0.007934, 0.163629, 0.061349, -0.123117, 0.005345, 0.160544, 0.109537, -0.155319, 0.08603, -0.057437, 0.023096, -0.059364, 0.093383, -0.136929, -0.154993, -0.119401, 0.045735, 0.096494, 0.022113, -0.134586, -0.051107, 0.156125, -0.018275, 0.100723, 0.078156, 0.034974, -0.091465, -0.038763, -0.088535, 0.119802, -0.12573, 0.037666, -0.079962, 0.094798, 0.14364, 0.139197, -0.111409, 0.108114, 0.101487, -0.130173, 0.040986, 0.01383, -0.025863, 0.028464, -0.01769, 0.14795, 0.078827, 0.002403, 0.003573, 0.149327, -0.00455, 0.071601, 0.125146, 0.143246, -0.041175]
[-0.104743, -0.139437, 0.143391, 0.160537, -0.015924, -0.14598, -0.166726, 0.040131, -0.077245, 0.032033, 0.037632, 0.050258, 0.163846, 0.114903, -0.133867, 0.133659, -0.048487, 0.010244, 0.109236, 0.004878, 0.113207, 0.117193, 0.125433, -0.136055, 0.105358, 0.003925, -0.13989, 0.127849, -0.043634, 0.089, 0.074228, -0.085771, -0.09631, -0.047228, 0.109987, -0.071174, -0.04578, 0.063376, -0.074105, -0.140931, 0.042657, -0.086861, -0.053164, -0.08808, -0.039499, -0.133805, 0.13041, 0.131878, -0.019561, 0.046, -0.010637, -0.165511, -0.106106, -0.001038, -0.120269, -0.067563, -0.122688, -0.109883, 0.096827, 0.003741, -0.128459, 0.154091, -0.108566, 0.054385, 0.074803, 0.106273, 0.144187, -0.159253, -0.129477, 0.016916, 0.043164, 0.151203, -0.06016, -0.163213, 0.130841, -0.115021, 0.121234, 0.156398, 0.119672, -0.089253, -0.051403, 0.047455, 0.161534, 0.044906, -0.156834, -0.026304, -0.085531, 0.168425, 0.117385, 0.059864]
[-0.0197, 0.103975, -0.113734, 0.019771, 0.139926, 0.060435, -0.154025, -0.09824, 0.168052, -0.086571, 0.024983, 0.01055, 0.157757, -0.136143, -0.041895, 0.111827, 0.071177, -0.08282, -0.076473, -0.121366, -0.042888, -0.054032, 0.06878, -0.010899, -0.11572, 0.102794, -0.159474, -0.156943, -0.125767, -0.092011, -0.028023, -0.043541, 0.020321, -0.114731, -0.058962, 0.107437, 0.016647, 0.003902, -0.046121, 0.10032, -0.061562, -0.094822, 0.039185, -0.158522, 0.080089, 0.030552, -0.08965, 0.111204, 0.102464, 0.057725, -0.014599, -0.095475, 0.058803, 0.160856, -0.00193, -0.120805, -0.102781, 0.044463, 0.157809, 0.073571, -0.157568, -0.059285, 0.120156, 0.053757, -0.021567, -0.055567, 0.044687, -0.045907, -0.001688, -0.089494, -0.077031, -0.021224, 0.125636, -0.103114, 0.082003, 0.073505, -0.085832, -0.01391, -0.005418, -0.156386, 0.009495, -0.050945, -0.145332, 0.004698, -0.042295, -0.079641, 0.08147, 0.059526, -0.049801, 0.097094]
[-0.013974, -0.095975, 0.028758, 0.048748, 0.070885, -0.082904, 0.056681, -0.081829, 0.081782, 0.037837, 0.062821, 0.032536, -0.119461, -0.155104, -0.144386, 0.051374, 0.055351, -0.079669, -0.032792, 0.055285, 0.09907, -0.035032, -0.153769, -0.017476, 0.034039, 0.113751, -0.055924, 0.05315, 0.085306, -0.12327, 0.114793, -0.109925, -0.063743, 0.037461, 0.110359, 0.059895, 0.06472, -0.156098, -0.149876, 0.022523, 0.142036, 0.023939, 0.058842, -0.120246, 0.104042, -0.086927, 0.040672, -0.162353, 0.134978, 0.069446, 0.078074, -0.155632, 0.136703, -0.092067, 0.137779, 0.09297, -0.091387, 0.083092, -0.007278, 0.09542, 0.01461, -0.120411, -0.103288, 0.129174, -0.021412, 0.166444, -0.00286, 0.125864, 0.132394, 0.060387, -0.043029, 0.049619, 0.091946, 0.020537, 0.085601, 0.16734, -0.166787, -0.157726, 0.010729, -0.091139, -0.127302, 0.115264, -0.024927, -0.100108, -0.02813, 0.024008, -0.167566, 0.098942, 0.01602, 0.110918]
[-0.043817, -0.127818, 0.113836, -0.106036, 0.045568, -0.076869, -0.021033, 0.065078, 0.054524, 0.135093, 0.055206, 0.058795, 0.025812, 0.055866, 0.157998, 0.165822, -0.107509, 0.130369, 0.010463, -0.047354, 0.008551, -0.004755, -0.019475, 0.099706, -0.162705, -0.036102, 0.115517, 0.063883, -0.135698, 0.047402, 0.165579, 0.029479, -0.020024, 0.16799, -0.165146, -0.147583, -0.074, 0.000416, -0.110641, 0.06211, 0.076448, 0.042588, 0.09993, 0.021475, -0.157674, -0.068766, 0.123811, -0.147428, -0.015666, -0.01853, -0.141725, 0.073698, -0.014677, -0.07236, -0.165462, -0.105493, 0.133199, -0.057084, 0.103438, 0.135321, -0.086111, 0.103835, -0.045253, -0.05177, 0.007385, -0.071281, -0.008189, 0.086682, -0.0981, -0.144162, 0.101937, 0.039911, -0.144479, -0.054205, -0.087319, 0.161374, -0.126614, -0.107758, 0.120537, 0.037962, 0.115534, -0.042049, -0.037453, 0.161559, -0.13916, 0.04426, 0.05359, -0.069869, 0.041731, -0.06968]
[-0.167547, -0.021167, 0.038249, -0.080448, 0.046562, -0.010676, 0.110359, -0.084649, -0.143092, 0.107617, 0.112254, 0.020614, -0.161833, 0.107413, 0.148918, -0.071285, 0.133583, 0.117574, -0.110708, 0.06001, -0.077276, -0.10227, 0.040077, -0.080078, 0.141598, -0.083957, 0.156333, -0.160604, -0.029486, 0.087324, 0.023038, -0.075739, 0.080012, -0.000251, -0.127931, 0.055344, -0.108366, -0.055116, -0.069666, 0.131366, 0.11581, 0.048617, -0.018208, 0.143205, -0.042714, 0.061212, -0.029544, 0.119584, 0.085711, -0.023473, 0.03649, -0.106704, -0.042894, -0.078504, -0.07528, -0.095575, -0.115113, 0.010067, -0.061884, 0.142312, -0.145039, 0.112338, 0.000401, 0.155456, 0.094323, 0.092199, 0.072173, 0.001136, 0.023068, -0.096121, 0.122115, -0.080184, -0.09492, -0.078727, -0.126749, 0.078786, -0.00563, -0.084456, -0.143325, -0.098742, 0.153717, -0.096186, -0.075273, -0.127594, 0.070229, 0.005909, -0.043596, -0.065754, 0.137237, -0.092849]
[-0.148944, 0.113695, 0.036085, 0.162424, -0.046249, 0.119811, -0.166521, 0.07982, -0.015723, 0.116398, 0.148415, 0.161094, -0.063194, -0.001761, -0.133023, 0.052704, 0.033471, 0.101665, -0.031981, -0.009258, -0.090957, 0.022307, -0.016684, -0.132543, -0.128698, 0.019383, -0.038469, 0.040549, -0.16565, -0.052008, 0.07817, -0.035737, 0.151705, 0.069946, 0.036645, -0.006559, -0.016057, -0.027564, 0.088376, 0.122208, -0.013791, -0.104835, 0.13182, 0.008861, -0.077202, -0.068337, 0.00757, 0.116605, 0.096945, 0.16081, -0.137005, 0.056166, -0.071423, 0.022814, 0.058305, -0.133439, 0.046705, -0.166791, 0.064719, -0.043336, -0.061004, -0.038104, 0.152216, 0.032922, -0.074984, -0.001971, -0.072891, 0.08346, -0.012124, -0.136643, -0.118398, -0.052994, 0.148673, -0.003081, -0.019924, -0.070225, -0.113572, 0.05718, 0.162343, -0.161794, -0.090534, 0.029596, 0.124304, -0.112824, -0.110335, -0.024164, -0.006303, -0.080319, -0.083388, 0.153659]
[0.116954, -0.084249, -0.085378, 0.060596, 0.047457, 0.14754, 0.125612, -0.160771, 0.063285, -0.155007, 0.048029, 0.107827, -0.07366, -0.142871, -0.021006, -0.117063, -0.138203, -0.128182, -0.144859, 0.156297, -0.132134, 0.051817, -0.063654, 0.003538, -0.15753, 0.044124, 0.165167, 0.004444, -0.0683, 0.107691, -0.110808, -0.027311, -0.030898, -0.158367, 0.028878, -0.143186, -0.030751, -0.115383, 0.154696, -0.141088, -0.00138, -0.153677, -0.149728, -0.110364, 0.036316, -0.149398, -0.036436, 0.158101, -0.107974, -0.092874, 0.16736, -0.014617, -0.008381, -0.158222, -0.06791, 0.058114, 0.069708, -0.079336, 0.032241, -0.056846, 0.100907, -0.147391, 0.078852, -0.120023, -0.111322, 0.035823, 0.001817, 0.046832, 0.147066, -0.010113, -0.088386, -0.102785, -0.081127, -0.010527, -0.137172, 0.137866, -0.117824, 0.129638, -0.13596, 0.130554, 0.158133, -0.168433, 0.126693, -0.039687, 0.106522, 0.052897, 0.150756, 0.034438, 0.130725, -0.058981]
[-0.078867, -0.080118, 0.04758, -0.003054, 0.067755, -0.168095, 0.132929, 0.030651, 0.154958, 0.152489, -0.033341, 0.053385, 0.056726, 0.05268, -0.007683, -0.065741, 0.094245, 0.058875, -0.114644, -0.122896, -0.117528, -0.101934, 0.165801, 0.128044, 0.164838, -0.001877, 0.15714, -0.122481, 0.108034, 0.082021, 0.136959, 0.03773, 0.038805, 0.080106, 0.055049, 0.005713, 0.114069, 0.07496, -0.011847, 0.074075, 0.114234, -0.168569, -0.0566, -0.010536, -0.05823, 0.142647, 0.129521, 0.152625, 0.116164, -0.125629, 0.112904, -0.087188, -0.126734, -0.078521, -0.154454, 0.03824, 0.037737, -0.123059, -0.165171, -0.131509, 0.013892, 0.164931, -0.064719, 0.019812, 0.073553, -0.088384, -0.072042, -0.047208, 0.072753, 0.080079, -0.01197, 0.003086, -0.145208, -0.046214, 0.156908, -0.031192, 0.057132, -0.015674, 0.123775, -0.000146, -0.151733, -0.111441, -0.063423, -0.074269, -0.064205, 0.148554, 0.09939, 0.07907, 0.065225, 0.058663]
[-0.075702, 0.098563, -0.14719, -0.142857, 0.044041, 0.000837, 0.166933, -0.019784, 0.11988, 0.049194, -0.037468, 0.163596, 0.011268, -0.040849, -0.064677, 0.147464, 0.066383, 0.103874, -0.013669, 0.120918, -0.040951, 0.114401, -0.13048, -0.085516, 0.043138, 0.07075, 0.143399, 0.160508, 0.164655, 0.106789, -0.048857, -0.157187, -0.043442, 0.148423, 0.025299, 0.151798, 0.14034, -0.037668, 0.044469, 0.127109, -0.04392, 0.070669, 0.009329, 0.10774, -0.141015, 0.1562, 0.130781, 0.062601, 0.005793, 0.114055, 0.065614, 0.07389, 0.128398, -0.046921, 0.067044, 0.066852, 0.158246, 0.113634, -0.004156, -0.026071, -0.002033, -0.08485, -0.087722, 0.124653, 0.128164, -0.095508, -0.14258, 0.083726, -0.130246, -0.127955, 0.16546, 0.159956, -0.14716, -0.033123, 0.062412, -0.107456, -0.064403, -0.133597, 0.06104, -0.160787, 0.159029, -0.045532, -0.121679, 0.161994, -0.153431, 0.056081, 0.077755, -0.006357, 0.125489, -0.134955]
[-0.135317, -0.039605, -0.067351, 0.13786, 0.150132, -0.055048, 0.025504, 0.076584, -0.037833, -0.072844, -0.12636, 0.033909, -0.030089, 0.127124, 0.152007, -0.017859, -0.004297, -0.151366, -0.014015, -0.117356, -0.007289, -0.160586, 0.025997, 0.000548, -0.10261, -0.069046, 0.029574, -0.111295, 0.12647, -0.15107, 0.112215, -0.073948, -0.006731, -0.11903, 0.157057, -0.11543, 0.064587, 0.007533, -0.063357, 0.066374, -0.097605, 0.106904, -0.110988, 0.124694, 0.155568, 0.034983, -0.032471, 0.116194, -0.05714, -0.069778, 0.110645, -0.165127, -0.017537, 0.117506, 0.142589, -0.10687, 0.090327, -0.018687, 0.028262, 0.10576, 0.112971, 0.004651, 0.087091, 0.154303, -0.15492, 0.152475, -0.163517, 0.003659, -0.079241, 0.084396, -0.05883, -0.13027, -0.022398, 0.103224, -0.163215, -0.156468, -0.121391, -0.124583, -0.068175, -0.029802, 0.105202, -0.103901, 0.035496, 0.079835, 0.024513, 0.107485, 0.136769, 0.122856, 0.164596, -0.003608]
[-0.081316, 0.055321, 0.13796, -0.009583, -0.088537, -0.100251, 0.121978, -0.15654, 0.031675, -0.133695, -0.095584, -0.082382, 0.054069, -0.008256, -0.017655, -0.142362, 0.081416, 0.130495, -0.127335, -0.156817, 0.096541, 0.085267, -0.04452, 0.12819, -0.038541, -0.064249, -0.017627, -0.16666, -0.000286, 0.088689, -0.041442, 0.144544, 0.152269, -0.038893, 0.097074, -0.119002, -0.074159, 0.041398, 0.04026, -0.01563, 0.139468, -0.128826, 0.038547, -0.125195, 0.098011, -0.095149, 0.157116, -0.095833, 0.044907, 0.09191, -0.157788, 0.113068, -0.162337, 0.095348, 0.108187, 0.067819, -0.099027, 0.037457, -0.128899, -0.148301, 0.019694, 0.160568, -0.004087, -0.004845, 0.096259, 0.104582, 0.148415, -0.040206, -0.134833, 0.168066, -0.121735, -0.048258, -0.04334, 0.026449, -0.047753, 0.01012, 0.024328, 0.077648, 0.056969, 0.124867, 0.062175, 0.088717, 0.09793, -0.1042, -0.101151, 0.006976, 0.124221, -0.017733, 0.163289, -0.108257]
[0.024136, 0.092108, 0.031831, 0.006328, 0.012618, -0.005949, -0.041285, 0.146275, -0.05162, -0.091161, 0.022669, 0.072936, -0.082469, 0.055811, 0.042413, -0.088846, 0.112674, 0.140719, -0.030285, 0.131527, 0.05322, 0.078474, 0.042962, 0.14962, 0.102242, -0.080577, 0.027155, 0.097558, 0.129985, 0.070135, -0.133886, 0.148331, 0.039237, -0.077706, 0.044551, 0.010737, 0.046611, -0.129511, 0.046762, 0.135268, 0.128882, 0.114739, 0.131161, 0.010164, -0.124556, -0.136652, 0.092542, -0.075185, 0.104888, -0.031662, 0.127847, 0.011737, 0.106864, -0.000804, 0.06537, -0.120856, 0.162781, -0.113868, -0.165645, -0.112836, 0.153052, -0.067115, 0.000362, -0.118991, -0.042352, 0.081106, -0.070655, -0.154143, 0.139049, 0.057524, -0.054403, -0.035119, -0.021008, 0.040968, 0.076659, -0.162302, -0.028122, -0.019431, -0.023704, 0.037813, -0.11909, 0.092078, -0.086811, -0.035122, -0.061119, 0.081677, 0.107625, -0.016385, 0.040023, -0.059512]
[0.104093, 0.001963, 0.098157, -0.039187, 0.088219, 0.006745, -0.075594, -0.145349, -0.015118, 0.072398, -0.10869, -0.026535, -0.029356, -0.161348, 0.095433, 0.043874, 0.038016, 0.029623, 0.024327, -0.168496, -0.092379, 0.016386, 0.082259, -0.002726, 0.0102, -0.081824, 0.116472, 0.014717, -0.118401, 0.101935, -0.072501, 0.033499, -0.116585, 0.124549, -0.041459, -0.154304, 0.149854, 0.05432, -0.124331, -0.04947, 0.019734, -0.052326, -0.052467, -0.141354, -0.107513, 0.079904, 0.003284, -0.109703, 0.092102, -0.083741, 0.035475, -0.045985, -0.080233, -0.103928, 0.047853, -0.154731, 0.041941, 0.166733, 0.146516, -0.114606, 0.127101, -0.106289, -0.063283, -0.159395, -0.129839, -0.067955, -0.12758, 0.060759, 0.064498, -0.154563, -0.121953, -0.113802, 0.03054, -0.067642, -0.156195, -0.12202, 0.050638, -0.038081, -0.143997, 0.116707, 0.136263, 0.150029, 0.029502, -0.097798, -0.088053, -0.010578, -0.093402, 0.108776, 0.161664, -0.054935]

BIAS DA CAMADA OCULTA (w0)
[0.154953, -0.7564, 0.054307, 0.43307, -0.310839, -0.876247, -0.797789, -0.116993, 0.553072, -0.879673, -0.868134, -0.157714, 0.72058, 0.889786, 0.46423, -0.795494, -0.825947, -0.558352, -0.444575, -0.735318, 0.502013, -0.750648, 0.565237, 0.477773, -0.327218, -0.742925, 0.041565, 0.409946, 0.719473, -0.819912, 0.16404, -0.719846, -0.938238, 0.669865, -0.00071, -0.845962, 0.09738, 0.699729, 0.819236, 0.826753, 0.515867, -0.958442, 0.310121, 0.491534, -0.904372, 0.418349, -0.615303, -0.686944, -0.835536, 0.298349, -0.683611, 0.540727, -0.860089, -0.817859, 0.086186, -0.510016, 0.09285, 0.098062, 0.40013, -0.504383, 0.58958, -0.702779, 0.760652, 0.865033, -0.266023, 0.167347, 0.641732, 0.713329, -0.182971, -0.671651, 0.122539, 0.477873, 0.190009, -0.404721, -0.391429, 0.059838, -0.17027, -0.477359, -0.891058, -0.773031, -0.8267, 0.5807, -0.037938, -0.725393, 0.524907, -0.931398, -0.751561, 0.046996, 0.27751, -0.855091]

PESOS OCULTA SAÍDA (B)
[0.160451, -0.199867, -0.108783, 0.190078, -0.041857, 0.164709, -0.077056, -0.013809, -0.067518, -0.186687, -0.021765, -0.16708, -0.204411, 0.021955, 0.128064, -0.193796, 0.160025, -0.222601, 0.074079, 0.123262, -0.090808, -0.220327, -0.116164, -0.046447, -0.144727, -0.009236]
[0.142126, 0.041504, 0.010252, 0.121232, 0.106285, 0.143064, 0.001199, 0.184451, 0.107608, -0.208006, -0.201681, 0.158, -0.207048, 0.040201, -0.039696, 0.089236, 0.070842, -0.063886, -0.051303, 0.003126, 0.014363, -0.03911, 0.172977, -0.147263, 0.151121, -0.045911]
[0.153583, -0.086058, -0.137492, 0.034665, -0.052924, -0.079147, 0.086716, -0.225527, 0.036782, 0.164034, 0.064256, 0.171461, -0.000914, -0.126626, -0.006746, -0.132551, 0.148587, 0.066235, -0.195351, -0.140873, 0.025854, 0.127579, -0.090027, -0.116272, -0.038256, 0.172874]
[-0.151618, -0.100717, -0.127673, 0.099294, 0.091127, 0.103999, 0.16083, -0.009513, -0.031881, 0.047162, -0.191464, 0.113413, -0.1305, -0.217813, 0.034922, -0.072361, -0.163364, 0.132173, 0.005868, 0.086233, -0.043442, -0.015671, -0.048794, 0.223148, -0.149487, -0.140143]
[-0.083103, 0.065143, 0.117413, -0.080564, -0.027875, -0.188765, 0.070155, 0.220449, 0.156599, 0.120994, -0.19151, -0.096163, 0.177621, -0.148446, -0.083531, -0.064337, 0.09117, -0.133591, 0.167679, 0.118535, -0.005732, 0.191268, 0.071613, 0.068873, 0.098048, 0.036877]
[0.064721, 0.202813, -0.198193, 0.055957, -0.219112, 0.085047, -0.089553, 0.012514, 0.159178, -0.025955, 0.167186, 0.113599, 0.111974, 0.176441, -0.142479, 0.164392, -0.148993, 0.054009, 0.162164, -0.148395, -0.177204, -0.104439, -0.095231, -0.073763, 0.093577, 0.036838]
[-0.217711, 0.186174, 0.005376, -0.22712, 0.112386, -0.088212, -0.084744, 0.213356, -0.1591, -0.182514, -0.057881, 0.202525, 0.215815, 0.026481, -0.020776, -0.102699, 0.084926, 0.080157, -0.009458, 0.12939, -0.094802, 0.223259, 0.186169, 0.034631, -0.063607, -0.057246]
[-0.055036, -0.154233, 0.150405, 0.208036, -0.175089, 0.174762, -0.130547, -0.203633, 0.061287, -0.080797, 0.22211, -0.156184, 0.134159, -0.18433, -0.139897, 0.055098, -0.108378, -0.209192, 0.204235, -0.217796, 0.101461, -0.101428, -0.220843, -0.152752, 0.172213, -0.135895]
[0.162513, -0.022958, -0.196312, -0.163312, 0.13512, 0.082265, -0.147931, -0.081993, 0.153401, 0.096982, 0.190113, -0.194964, -0.033545, 0.1971, 0.170184, 0.223681, 0.181681, -0.192802, -0.023671, -0.103048, 0.024602, 0.005402, -0.175141, 0.042986, 0.136725, -0.136116]
[-0.00558, -0.22597, -0.093918, -0.166745, -0.074352, -0.065127, -0.150461, -0.077486, -0.187053, -0.183328, -0.163927, 0.197974, -0.21348, 0.144756, -0.071055, 0.125153, 0.142057, 0.208087, 0.067314, 0.021075, -0.19655, -0.033619, 0.132311, -0.085603, 0.004705, 0.133588]
[-0.220059, 0.136372, 0.008992, 0.035118, -0.00669, -0.000342, 0.220815, 0.032729, 0.219828, -0.109098, 0.058586, -0.118268, 0.165838, -0.01673, -0.016211, 0.057798, -0.05923, -0.004827, -0.047709, 0.181058, 0.211137, -0.064364, -0.173268, 0.206004, -0.160821, -0.099356]
[-0.19162, -0.141839, -0.214967, 0.218163, -0.033344, 0.015615, 0.071267, -0.163944, 0.022673, -0.070161, 0.153601, -0.101663, -0.031605, -0.204693, -0.009557, -0.015687, 0.13916, -0.055615, 0.118182, -0.111768, 0.097143, -0.192633, 0.190561, 0.209876, -0.131173, 0.028324]
[0.204058, -0.174492, -0.005531, 0.205428, 0.162484, -0.088499, 0.142729, -0.175369, -0.184394, -0.178195, 0.193505, -0.105862, 0.226808, 0.059946, -0.167127, -0.175754, -0.100305, -0.163787, -0.21372, -0.049137, -0.032596, 0.016857, -0.098255, -0.171046, -0.181953, 0.010659]
[0.133183, -0.167755, 0.102597, -0.129162, -0.126339, -0.1587, -0.035858, -0.106221, 0.020625, -0.015183, 0.12523, 0.104547, 0.003808, 0.092704, -0.159902, 0.15824, 0.176234, 0.008225, 0.086628, 0.117083, -0.153664, -0.140542, -0.208481, 0.144665, -0.135714, 0.022554]
[-0.203613, 0.217777, 0.180462, -0.202259, 0.204372, 0.023794, -0.157089, 0.077469, 0.10895, -0.104561, -0.165575, -0.12038, -0.166136, -0.017134, 0.005258, -0.118103, 0.014195, 0.049333, 0.165897, 0.076492, 0.107891, 0.220043, -0.094658, -0.021532, 0.174901, -0.026959]
[0.159812, -0.193863, 0.164775, 0.219571, -0.151455, 0.174028, 0.001706, -0.021414, 0.190193, 0.098527, -0.198552, 0.054671, -0.081558, 0.152674, 0.035536, 0.044488, -0.024348, -0.047388, 0.050141, -0.085472, 0.147861, 0.066864, 0.164785, 0.053552, 0.178734, 0.128314]
[0.01092, 0.015327, -0.130823, -0.104417, -0.047058, -0.194451, -0.141196, 0.05963, 0.042303, -0.21186, -0.167962, -0.214018, -0.104376, 0.057203, 0.086746, -0.202111, 0.026493, -0.009961, -0.133205, -0.119021, -0.04027, -0.045012, 0.201521, -0.10019, -0.091161, 0.069752]
[-0.080688, -0.176507, 0.21682, -0.05077, 0.126331, -0.185884, -0.205182, -0.044653, 0.011492, 0.174105, -0.051296, -0.164624, -0.089496, -0.142942, 0.086912, 0.043834, 0.186431, 0.109855, -0.025253, 0.001815, 0.074695, -0.034698, 0.141469, 0.092151, -0.207351, 0.181911]
[-0.14973, -0.174076, -0.117072, 0.127486, -0.09791, 0.033429, -0.105159, 0.083192, 0.062807, -0.142931, 0.13976, -0.071595, -0.020258, 0.172717, 0.225603, 0.140754, -0.047032, -0.149741, 0.054714, 0.047557, 0.068413, -0.170577, -0.157075, -0.154643, 0.073556, 0.14985]
[0.108121, -0.108751, -0.016632, 0.181957, 0.100085, -0.065787, -0.007392, 0.185459, 0.029283, -0.226086, -0.175704, -0.145486, -0.05658, 0.221899, 0.087228, 0.169804, -0.205966, -0.116897, -0.182623, 0.135508, 0.192179, -0.08438, -0.066851, -0.121786, 0.140524, 0.174473]
[-0.030962, -0.037894, -0.191074, 0.026376, -0.166609, 0.029424, -0.191424, 0.089902, -0.203436, 0.065041, 0.195008, -0.005731, -0.150761, 0.155692, -0.073588, 0.091239, 0.078579, 0.021504, 0.016167, -0.065042, 0.217164, -0.044036, -0.169926, 0.171905, -0.212765, -0.135955]
[-0.204834, -0.155198, 0.092494, -0.030423, -0.028246, -0.082917, 0.094472, -0.042923, 0.156498, 0.212396, 0.154392, -0.036412, 0.066671, 0.04385, -0.107126, 0.144697, 0.105717, 0.111714, 0.092187, 0.083659, -0.181667, -0.042364, -0.006008, -0.146552, 0.091349, -0.15169]
[0.019723, -0.006023, -0.158148, 0.161888, -0.15973, 0.178674, 0.071846, -0.125643, -0.04991, -0.101262, 0.039657, -0.170761, 0.059592, 0.112622, 0.181516, -0.16376, 0.170972, 0.066299, -0.026134, -0.079429, 0.13621, -0.0421, 0.091973, 0.0718, -0.039398, 0.019816]
[0.188056, 0.050385, 0.147567, 0.225058, 0.053391, -0.098324, 0.160319, -0.003552, -0.184096, 0.183369, -0.042683, 0.184748, 0.11106, 0.200615, -0.158495, 0.0678, 0.103939, 0.070155, -0.09644, 0.077272, -0.097097, -0.096918, 0.070495, 0.177933, -0.138418, -0.000861]
[-0.208548, 0.052515, 0.139193, 0.075624, 0.189055, -0.018961, -0.195675, 0.099404, 0.091895, -0.118759, -0.140801, -0.15442, -0.146291, 0.040413, 0.139895, 0.00319, -0.22546, 0.196541, 0.066923, -0.147042, 0.191929, -0.100959, 0.178677, -0.182284, -0.150775, 0.192757]
[-0.172899, 0.149114, 0.144585, -0.027673, 0.161436, -0.143049, 0.078571, -0.125952, 0.061133, 0.163119, -0.074062, -0.052546, -0.131109, 0.062548, 0.024926, 0.218847, -0.222428, -0.182933, -0.226931, -0.101319, 0.067744, 0.032467, 0.037883, 0.062761, 0.06321, 0.060822]
[0.109741, -0.17709, -0.127202, -0.200482, -0.045328, -0.098276, -0.140898, -0.008242, 0.072063, -0.211944, -0.175804, -0.221958, -0.11456, -0.088885, -0.189716, 0.047469, 0.186783, 0.099604, 0.09769, 0.20705, 0.226425, -0.210613, -0.175395, -0.146876, 0.110053, 0.038924]
[-0.030951, 0.170263, -0.093788, 0.141247, -0.21719, -0.21551, -0.150667, 0.123619, 0.218452, 0.095143, -0.148956, 0.215641, -0.176555, 0.226464, 0.027932, 0.051666, 0.188757, 0.224133, 0.216457, -0.00259, 0.082059, 0.015155, -0.130434, 0.150357, 0.054486, -0.14997]
[-0.208111, 0.131943, -0.043479, 0.013094, 0.112949, -0.076202, -0.016332, -0.227311, 0.131697, 0.193567, -0.125121, -0.073844, -0.170617, -0.127679, 0.106585, 0.216276, 0.163975, -0.046635, 0.168671, 0.190207, 0.164057, -0.141217, -0.043338, -0.083715, -0.160989, -0.00772]
[-0.1687, 0.125613, -0.001456, 0.034984, 0.06778, 0.034316, 0.209772, 0.007308, -0.120226, -0.148438, -0.090329, -0.140838, 0.015466, 0.098991, 0.159752, -0.109894, -0.073874, -0.18992, -0.105431, 0.106084, -0.034425, 0.166471, 0.065456, 0.189786, 0.215055, -0.107247]
[-0.122034, 0.198062, -0.016999, -0.130442, 0.180782, -0.046796, -0.152434, 0.001112, 0.193663, -0.221778, -0.06059, 0.149666, -0.097091, 0.220237, -0.026079, -0.092286, 0.186698, 0.025625, -0.186422, -0.057116, -0.226149, -0.170642, -0.037583, -0.059065, 0.194265, 0.071886]
[0.121102, 0.218767, -0.187019, -0.105125, -0.005182, 0.031656, 0.007301, -0.197024, 0.120819, -0.109384, 0.095948, 0.191598, -0.004953, 0.223844, 0.131783, 0.128934, -0.202014, -0.140381, -0.064164, -0.187989, 0.192037, -0.110355, -0.056882, 0.197141, -0.180581, 0.013166]
[0.216917, -0.141514, -0.010685, 0.080659, 0.165361, -0.06509, -0.153992, -0.044772, -0.039032, 0.108652, -0.082505, -0.056229, 0.084257, -0.015031, -0.120126, 0.079594, -0.189343, -0.127518, -0.181134, 0.10042, -0.224784, -0.046752, -0.161478, 0.067004, -0.074622, 0.137886]
[0.071155, -0.19986, 0.153547, -0.21017, 0.192261, -0.089299, 0.028832, 0.192907, 0.220754, -0.0944, 0.189773, 0.01707, 0.154222, 0.084229, 0.124233, 0.210568, 0.130798, 0.199919, 0.088922, 0.116647, -0.086963, -0.161961, 0.045675, 0.095139, -0.050606, -0.07194]
[0.200562, 0.133451, 0.184317, 0.11273, 0.207565, 0.01486, -0.009034, -0.107715, 0.045856, 0.014558, 0.111688, -0.12552, -0.150668, 0.120782, 0.184563, 0.076443, -0.145729, 0.219145, 0.103861, 0.038961, 0.078172, 0.212742, -0.149306, 0.167589, 0.038494, -0.042088]
[0.098105, 0.127687, -0.121474, 0.19491, -0.014142, -0.011392, 0.218211, -0.079618, 0.015265, -0.063135, -0.203145, -0.030055, 0.107643, 0.149941, -0.196419, 0.224386, 0.21589, 0.142665, 0.20833, -0.001302, 0.18567, 0.115038, 0.113101, -0.000154, 0.196787, -0.220156]
[-0.020312, -0.17941, 0.008557, -0.080677, 0.225109, 0.156606, -0.203546, -0.04227, -0.092618, 0.077315, -0.056491, -0.185934, -0.094032, -0.143275, -0.042729, 0.014224, 0.128349, -0.227014, 0.090361, 0.080731, -0.052218, -0.053969, -0.027542, 0.141024, -0.209631, 0.130744]
[-0.117534, 0.196807, -0.137714, -0.025569, 0.198748, 0.18508, 0.071576, 0.138753, 0.037238, 0.147393, -0.093413, 0.078249, 0.125139, 0.078224, 0.087334, -0.081263, 0.082782, 0.084645, 0.03525, -0.115247, -0.194294, 0.068152, 0.166873, -0.013101, 0.005704, -0.09244]
[-0.186722, 0.105059, -0.152665, 0.145565, -0.100023, -0.19747, -0.219792, 0.074075, -0.203469, 0.043553, -0.111639, -0.135355, 0.226427, 0.111094, 0.185719, -0.128374, 0.013374, -0.064537, 0.006116, 0.155648, 0.109722, 0.158989, -0.001348, 0.145986, -0.165964, 0.012448]
[0.179458, -0.166938, -0.118546, 0.11795, 0.161216, -0.094629, 0.176016, 0.046791, 0.094003, -0.218984, -0.068109, -0.018935, -0.04182, 0.163536, 0.15353, 0.060852, 0.055968, -0.149082, 0.012509, -0.195879, 0.003107, -0.094354, -0.048957, 0.137137, 0.099008, 0.209182]
[0.023156, 0.190336, 0.0999, 0.164836, 0.006066, 0.17784, 0.015341, -0.046475, -0.034443, 0.038449, 0.058565, -0.223052, -0.041786, 0.007269, -0.132956, 0.094047, 0.012408, -0.042365, -0.000195, -0.174115, -0.009833, 0.14429, 0.035936, 0.071234, 0.11106, 0.166957]
[0.02846, 0.218505, -0.021672, -0.016461, -0.141578, -0.051545, -0.123027, 0.205635, 0.103191, 0.178467, 0.12787, 0.001324, 0.050593, -0.074999, 0.079683, -0.005371, -0.102572, -0.070548, -0.04997, -0.019962, -0.149963, -0.126448, 0.033696, -0.210149, -0.056224, 0.067081]
[0.033171, 0.095443, 0.068656, -0.20379, -0.07572, 0.015041, -0.047528, -0.123237, -0.085452, 0.178872, 0.134284, 0.080244, -0.046658, 0.069395, -0.184512, 0.084253, -0.226373, 0.098257, -0.093746, -0.064343, -0.037804, -0.105168, -0.163492, 0.060918, -0.122637, 0.173692]
[-0.192058, -0.120383, -0.147678, 0.063936, -0.140579, 0.051545, -0.011646, -0.029697, -0.146095, -0.039105, -0.195774, -0.129713, -0.117902, 0.023811, -0.009514, 0.013864, 0.106435, 0.115369, -0.093057, -0.133198, -0.119156, 0.111573, 0.174123, 0.034093, 0.131328, 0.010961]
[0.06936, 0.211082, 0.111466, 0.204805, 0.082821, -0.090932, 0.15075, 0.138647, -0.205525, -9.5e-05, -0.155418, -0.077141, 0.177372, -0.16516, -0.101639, 0.032699, 0.193268, 0.146051, 0.062845, -0.061356, 0.216711, 0.140527, -0.211886, -0.08104, -0.085198, 0.099088]
[-0.017198, -0.004366, 0.193666, -0.17416, -0.1564, 0.097039, 0.205141, -0.136464, 0.04111, -0.212612, 0.220016, 0.13813, -0.034202, 0.073123, 0.071664, 0.070023, -0.088573, -0.185655, 0.20846, -0.169802, 0.214964, -0.208793, 0.218674, 0.036165, 0.132104, 0.207837]
[-0.188577, 0.016402, 0.188382, 0.081036, -0.170843, 0.155841, -0.1709, -0.003035, 0.015237, 0.139237, -0.071299, -0.035832, 0.029587, 0.071596, 0.067753, -0.058063, -0.072404, 0.132511, -0.032223, -0.002447, 0.139255, -0.092743, 0.163251, 0.158095, -0.008816, -0.033535]
[0.076997, -0.211907, 0.173931, 0.053466, -0.00681, 0.147893, 0.223597, 0.139046, 0.062037, -0.064999, 0.072593, -0.202642, 0.157161, -0.166282, 0.051398, -0.15542, -0.125254, -0.185712, 0.188668, -0.185347, -0.021475, -0.076153, 0.197109, 0.102424, -0.036113, 0.112606]
[0.109933, 0.194901, -0.036558, -0.034747, -0.06738, -0.022199, -0.012441, -0.04035, 0.178428, -0.124789, -0.034819, -0.094738, -0.049235, 0.192352, -0.220613, 0.143844, -0.02124, -0.129421, 0.038956, 0.11165, -0.026992, -0.044251, 0.099, 0.052954, 0.220917, -0.104448]
[-0.056673, -0.177547, 0.025773, -0.217948, 0.035349, 0.016265, 0.12421, 0.145845, 0.10076, -0.072482, -0.221873, -0.16249, 0.083399, 0.016868, -0.096445, -0.110839, -0.035123, 0.092797, -0.105614, -0.003092, -0.012493, 0.133255, 0.205696, 0.164314, -0.031847, 0.074368]
[0.063697, -0.198442, 0.213156, -0.154145, 0.0648, -0.023121, -0.021103, -0.03234, 0.199445, 0.091374, -0.000398, 0.107952, -0.022839, 0.217158, -0.076589, -0.197629, 0.179379, -0.20567, 0.011705, -0.168624, 0.094308, -0.203515, 0.055231, 0.119922, -0.098663, -0.051402]
[0.100031, 0.041428, -0.061629, 0.209036, -0.14569, 0.201751, -0.168952, -0.130741, 0.050591, 0.166984, 0.050024, -0.118264, 0.079943, 0.207262, -0.051645, -0.039375, 0.056018, 0.029453, -0.149601, 0.126558, 0.008937, 0.06028, -0.193099, -0.079853, -0.061152, 0.126895]
[-0.047126, -0.171044, -0.183499, -0.096399, 0.104843, -0.226265, -0.029268, -0.178099, -0.128626, 0.189418, 0.168721, 0.204467, 0.194405, -0.160952, -0.127756, 0.181124, 0.140314, -0.054419, 0.116567, 0.221123, 0.094312, -0.150965, -0.202349, -0.02672, -0.138446, 0.062004]
[-0.22547, -0.136921, 0.102291, 0.15125, -0.140835, -0.102058, 0.044359, -0.124304, -0.191726, 0.207118, 0.189344, 0.16222, 0.111577, 0.071276, -0.205549, -0.058906, -0.019917, -0.149502, 0.208668, 0.014779, -0.025353, -0.011987, 0.220812, -0.168112, -0.031742, -0.127594]
[0.209011, -0.066965, 0.168844, -0.218573, 0.109524, 0.08478, -0.094987, 0.021375, 0.226465, 0.044011, 0.222265, -0.206484, -0.110629, -0.047121, -0.068507, 0.002334, 0.112225, -0.039373, -0.135986, 0.006792, -0.121339, 0.048803, 0.139237, -0.163118, 0.202664, -0.192243]
[-0.037133, -0.121808, 0.140549, -0.030688, 0.13075, -0.205513, 0.050521, -0.079936, -0.170675, -0.083554, 0.048202, -0.20255, -0.148298, 0.135632, 0.014752, 0.222587, 0.05495, -0.145402, 0.090371, 0.05606, 0.142163, -0.142826, 0.02801, -0.087679, 0.028868, 0.111123]
[-0.171289, -0.021429, -0.090862, 0.173267, -0.058246, -0.09036, -0.120515, -0.175071, -0.008454, -0.096766, -0.224733, 0.002327, 0.173573, 0.046906, 0.097648, 0.191747, -0.183956, -0.110034, 0.008964, 0.014087, 0.05044, 0.114038, 0.173214, 0.036969, 0.000451, 0.166219]
[0.063451, -0.020637, -0.175427, 0.145762, 0.209869, 0.123536, -0.121307, -0.060231, -0.195045, 0.052011, -0.138323, 0.079023, -0.222855, -0.199511, 0.157006, 0.085103, -0.210408, 0.112041, -0.02119, 0.053976, -0.068558, -0.14855, -0.146244, 0.02601, 0.17856, -0.154541]
[-0.182531, -0.186571, 0.166723, -0.063499, -0.154149, 0.173823, -0.088487, 0.065994, 0.012562, -0.206288, -0.190491, -0.01536, -0.118797, 0.160434, 0.189261, -0.189314, -0.166575, 0.098354, 0.02744, -0.045727, 0.062516, 0.17376, -0.187179, 0.20868, 0.015038, -0.034513]
[-0.044009, -0.184677, -0.028867, 0.130791, -0.168783, -0.072271, -0.126381, 0.099317, -0.0023, 0.08834, -0.075079, -0.154025, -0.024233, -0.069039, -0.10617, -0.107577, -0.082195, -0.134195, -0.064726, 0.202211, 0.020738, 0.155022, -0.168822, -0.226313, -0.139155, -0.203164]
[-0.093981, 0.046563, 0.10075, -0.024813, 0.045199, 0.034076, -0.116808, -0.00356, 0.155827, 0.140573, -0.111538, 0.20957, 0.222525, -0.026677, -0.039858, -0.181644, 0.175479, 0.152743, 0.045633, 0.037165, -0.018219, -0.187977, 0.09307, 0.025862, 0.220234, 0.13191]
[-0.149262, -0.016325, -0.159758, 0.127691, -0.077202, 0.113037, -0.118663, 0.073659, 0.197465, 0.04395, -0.13828, 0.132476, 0.204014, 3.6e-05, -0.075978, -0.186342, 0.172361, 0.221939, 0.225971, 0.007766, -0.217184, 0.167839, -0.212497, 0.112624, -0.158265, 0.009825]
[0.190058, 0.080564, -0.120529, -0.1297, 0.114048, -0.120338, 0.105586, -0.011565, -0.123755, 0.223114, -0.065678, -0.078392, -0.181366, 0.077239, -0.117731, -0.14515, -0.110341, 0.060347, -0.127304, 0.07104, -0.163525, -0.055872, -0.175578, 0.043056, 0.080103, 0.141013]
[0.043884, -0.096096, 0.004616, -0.021475, -0.117211, 0.13671, -0.160009, -0.189933, -0.052892, 0.181819, 0.026242, 0.100955, 0.099799, -0.042058, 0.090158, 0.139834, 0.061081, -0.12267, 0.216901, -0.038738, -0.147113, 0.072954, -0.004773, -0.09453, 0.163093, 0.02387]
[-0.028861, 0.127613, -0.148505, 0.05583, -0.032301, 0.102274, 0.013767, -0.082167, 0.094801, 0.062921, 0.159504, -0.033358, 0.143178, 0.067433, 0.179218, -0.022466, -0.059157, 0.126422, 0.168228, -0.141078, 0.09342, 0.09269, 0.054931, 0.173849, -0.216639, -0.157997]
[0.197058, 0.141285, -0.107657, 0.170012, -0.009013, 0.036966, -0.034312, -0.064494, 0.051666, 0.090691, 0.153849, 0.015083, 0.074595, 0.080735, -0.21007, -0.052014, -0.125716, -0.132658, -0.225116, 0.082126, -0.186005, -0.201635, -0.073936, -0.002715, -0.087721, 0.129692]
[-0.011057, -0.189663, 0.078277, -0.053688, 0.07324, 0.114193, 0.159531, 0.209449, 0.154411, 0.093606, 0.00136, 0.087578, -0.113968, 0.220843, -0.023948, 0.010252, 0.130523, 0.02201, 0.156674, -0.205483, -0.133578, 0.032344, 0.022849, 0.137114, 0.093779, 0.069113]
[0.197891, -0.040487, 0.197665, -0.10357, -0.150715, -0.099304, -0.158333, -0.060467, 0.179082, -0.04169, -0.055966, -0.03611, -0.092423, 0.193963, -0.149102, 0.196202, 0.049827, 0.088506, -0.038569, 0.040728, -0.09404, -0.048167, 0.177093, 0.119118, 0.213294, -0.114948]
[-0.216195, 0.041018, -0.070629, -0.049426, -0.180394, -0.109591, -0.086326, -0.056636, 0.122645, -0.226726, 0.095246, -0.153457, -0.194119, -0.147202, -0.21996, -0.001557, -0.166709, -0.177368, -0.058171, 0.006585, -0.000911, 0.023931, 0.054792, 0.181068, -0.156372, -0.191583]
[0.03878, 0.069142, 0.100308, 0.211895, 0.079503, 0.192125, 0.137228, -0.09174, 0.186227, -0.11761, 0.136638, 0.015759, -0.074427, -0.140506, 0.11552, -0.042499, -0.126066, -0.15428, -0.152715, -0.165736, -0.191426, -0.0846, -0.215907, -0.083184, -0.137111, -0.063563]
[-0.217828, 0.044358, -0.221505, -0.090231, 0.135319, -0.166237, -0.077141, 0.216796, 0.206534, -0.120224, -0.100372, 0.054523, -0.059083, 0.006428, -0.038934, 0.17076, 0.04808, 0.221018, -0.012132, 0.111, 0.16898, 0.157567, 0.030738, 0.182798, 0.204557, 0.144411]
[0.162041, -0.207372, -0.074517, 0.201331, 0.107271, -0.139145, 0.030975, 0.184852, 0.018755, 0.091713, -0.184699, 0.169862, 0.06577, 0.103341, -0.141586, 0.196725, -0.19999, -0.044952, 0.043015, 0.128007, -0.212016, -0.214296, -0.16402, 0.177922, 0.072022, -0.101234]
[-0.065314, -0.004543, 0.040664, -0.000368, 0.030868, 0.196103, 0.112639, 0.113944, 0.104629, 0.01015, -0.116703, 0.012114, 0.080423, 0.183526, -0.16023, 0.146946, -0.071199, 0.169908, -0.186989, 0.009581, -0.13125, 0.042863, 0.10535, -0.032587, -0.206309, -0.147571]
[-0.126157, -0.146125, -0.13859, -0.129264, -0.103668, 0.171603, 0.001521, -0.104158, -0.02141, 0.11669, -0.020748, 0.010034, -0.126358, -0.182478, 0.159905, -0.149346, 0.051035, -0.022037, 0.019942, -0.13497, 0.131568, -0.074898, -0.171629, -0.161429, -0.095636, 0.19767]
[0.110289, -0.015169, -0.075811, 0.053707, 0.036563, -0.022674, -0.021414, -0.140768, -0.024184, -0.041721, 0.018369, 0.208459, -0.131136, 0.054197, 0.004441, -0.010366, 0.142887, 0.055832, 0.149604, 0.018555, 0.186926, -0.09828, 0.11582, 0.167392, -0.03218, 0.104148]
[-0.03205, 0.077002, -0.148262, -0.161742, 0.125678, -0.119909, -0.038035, 0.109202, 0.200135, 0.202591, -0.216957, 0.124036, 0.17895, 0.126173, 0.116436, 0.204563, 0.048016, -0.054078, -0.059628, 0.197771, -0.050928, -0.168716, -0.107337, 0.039254, 0.189218, 0.061436]
[0.172645, -0.0832, -0.123422, -0.14337, 0.145028, -0.193976, -0.017423, -0.048288, 0.206168, -0.07759, 0.210497, -0.051695, -0.180729, -0.132245, -0.090768, -0.065102, -0.059238, 0.124505, -0.158054, 0.200206, 0.194334, 0.181285, 0.123884, 0.106416, -0.193611, 0.110047]
[0.018345, -0.146534, 0.195625, -0.052584, 0.063892, 0.223228, -0.146028, -0.049396, -0.079971, 0.185982, -0.070795, -0.112507, 0.209004, -0.216297, -0.108961, -0.159691, -0.153441, 0.15921, -0.203271, 0.077901, 0.151684, -0.174972, 0.182061, 0.199149, 0.075452, 0.091425]
[0.174354, -0.132204, 0.034837, -0.040727, 0.047764, 0.113886, -0.173089, -0.131808, -0.051521, -0.223583, 0.117467, -0.116102, 0.11663, 0.226237, 0.093134, -0.015938, 0.02781, -0.205677, -0.115591, -0.139792, 0.127346, 0.104908, 0.109551, 0.077473, 0.012419, 0.068509]
[-0.081917, -0.160405, 0.100272, -0.226938, 0.173175, -0.172576, -0.050223, -0.078567, 0.136887, 0.114376, 0.050057, 0.133822, 0.144441, 0.214919, -0.038227, 0.103244, -0.100668, 0.15814, 0.142089, -0.132988, 0.161187, -0.181703, -0.198555, 0.213822, -0.118507, 0.158748]
[-0.130548, -0.032572, 0.060214, 0.222604, 0.026583, -0.196569, -0.154551, 0.088058, 0.153261, -0.133478, 0.101094, -0.150998, -0.027148, 0.226935, -0.122735, 0.205582, -0.166722, 0.076706, -0.187349, -0.078619, -0.186911, 0.016465, 0.131527, -0.183858, 0.137253, -0.119135]
[-0.199823, 0.19618, 0.161727, -0.018043, 0.215717, -0.192232, 0.066854, -0.204051, -0.057494, 0.211331, -0.039365, 0.068042, 0.156733, -0.125972, -0.179873, 0.010113, 0.038241, -0.146146, 0.220477, -0.169617, -0.135166, -0.046729, -0.121009, -0.210471, -0.223859, -0.08702]
[-0.145506, 0.072227, 0.007407, 0.096235, 0.024222, -0.085412, 0.120466, -0.094633, -0.053444, -0.1544, 0.066454, -0.064363, 0.192989, -0.191843, -0.156654, 0.098929, 0.147425, -0.012412, -0.19001, -0.058309, 0.120888, -0.143179, -0.030816, -0.041531, -0.042528, 0.00201]
[0.057598, 0.22194, 0.176916, 0.107568, -0.001535, -0.016596, -0.006258, 0.010496, -0.22381, -0.214291, -0.128537, 0.028939, 0.149265, 0.066215, 0.059731, 0.08127, 0.050913, -0.100461, -0.028305, 0.121359, -0.101833, 0.147972, -0.01419, 0.18035, 0.216112, 0.051446]
[0.036313, 0.170434, 0.043153, 0.087764, 0.100956, -0.076616, 0.009912, -0.04613, -0.148648, -0.196582, -0.02434, -0.126936, 0.155704, 0.085814, -0.128053, -0.18624, 0.072012, 0.166125, 0.011246, 0.147004, 0.043652, -0.22361, 0.056277, 0.172153, 0.173858, 0.012221]
[-0.051025, -0.143658, 0.140602, 0.049165, 0.205847, -0.179305, 0.020126, 0.088495, 0.033992, 0.110585, -0.151385, -0.047992, 0.016351, -0.225147, -0.148904, 0.175327, 0.005421, -0.0082, 0.070834, 0.204437, 0.124946, 0.214441, 0.100891, 0.081448, 0.148113, -0.203207]
[-0.20944, 0.083177, -0.225846, -0.120117, 0.174516, -0.140396, 0.013742, -0.010802, -0.217376, -0.0035, 0.131621, -0.203325, -0.12304, 0.059311, -0.184006, -0.117225, 0.014328, 0.007225, -0.089371, -0.217224, 0.008988, -0.037879, -0.163449, 0.190022, 0.146785, -0.190099]
[-0.119921, -0.156185, 0.009736, -0.123793, -0.185495, 0.161936, -0.09284, -0.029268, -0.16639, -0.173147, -0.201389, 0.062394, 0.215119, 0.175204, -0.080922, -0.219588, 0.095622, -0.137845, 0.193944, -0.048919, -0.177095, 0.051056, 0.186734, -0.113133, -0.213657, 0.030514]
[0.194273, 0.105632, -0.116583, -0.148397, 0.068772, -0.067815, 0.027509, -0.092517, 0.112011, -0.143152, -0.045709, 0.181117, -0.13247, -0.13244, 0.043617, 0.054411, -0.015461, -0.214816, 0.13467, -0.218802, 0.226759, 0.117966, 0.163834, -0.060438, 0.112545, -0.03535]
[-0.161203, 0.168995, -0.055642, 0.222257, 0.084271, 0.094274, 0.049219, 0.156805, 0.015908, 0.155567, -0.027548, 0.068348, 0.086356, 0.042294, 0.112942, 0.097329, 0.158543, -0.12948, -0.008619, -0.010865, 0.161279, 0.104883, -0.168532, -0.12632, -0.073717, -0.06497]

BIAS DA CAMADA DE SAÍDA (b0)
[-0.076649, 0.875158, 0.444204, 0.064544, -0.142901, -0.027504, -0.630447, -0.576538, 0.072186, 0.817223, 0.55078, 0.896004, -0.333415, 0.256429, -0.022133, 0.039566, -0.131547, 0.561524, 0.140387, -0.894188, -0.540981, -0.504913, -0.332761, -0.261103, 0.415491, 0.637288]
