PESOS ENTRADA OCULTA (W)
[0.175013, -0.075347, 0.167011, 0.155551, 0.11896, 0.011963, -0.006199, -0.107292, 0.023594, 0.064243, -0.021276, -0.067685, -0.100074, -0.111363, 0.104689, -0.111077, -0.043562, 0.032698, 0.130202, -0.144883, 0.12993, -0.025002, -0.05606, -0.107656, -0.157885, -0.046782, -0.091334, -0.156096, 0.061017, 0.014291, 0.048319, -0.041198, -0.081915, 0.11358, 0.064921, 0.00848, -0.121208, -0.114529, -0.042763, 0.056409, 0.070686, 0.219391, 0.04613, 0.221278, -0.129487, 0.102296, -0.138939, 0.083074, -0.133908, -0.087825, 0.011678, 0.035099, -0.058057, -0.096844, -0.302678, -0.119036, -0.03087, 0.050375, -0.108288, 0.145832, -0.164637, 0.016913, -0.034241, 0.139068, -0.185489, -0.147784, -0.013728, -0.10492, 0.126804, -0.012223, 0.044292, 0.06389, -0.166049, -0.193149, 0.018111, 0.109727, 0.064777, 0.065071, -0.20118, 0.051875, -0.039002, -0.009048, 0.128602, 0.091559, 0.032312, -0.041447, 0.179136, -0.05405, 0.031743, -0.060282]
[-0.024272, 0.285627, 0.036794, 0.050473, -0.083327, 0.130058, 0.220617, 0.064953, -0.107603, 0.114423, 0.070387, -0.038545, -0.202894, -0.116169, 0.007218, 0.150367, -0.02501, 0.092991, -0.218204, -0.0102, 0.235917, -0.051909, 0.047132, -0.128705, 0.061751, 0.080541, 0.003152, -0.286776, 0.307752, 0.061826, -0.301279, 0.108764, -0.061169, -0.03025, 0.023777, 0.062615, 0.181216, 0.264337, 0.012367, -0.082781, -0.19949, 0.13922, -0.154182, -0.203519, -0.034354, 0.024029, -0.055896, 0.185452, 0.025327, 0.079195, -0.060714, -0.030124, -0.123398, -0.068988, -0.030463, 0.030903, -0.124242, 0.055135, 0.01658, 0.175388, -0.14463, 0.097476, -0.142305, 0.193717, 0.204525, 0.220356, 0.171474, 0.162781, -0.057726, 0.294039, -0.247824, -0.153229, 0.17845, 0.105313, 0.203985, 0.01374, 0.122921, -0.044585, 0.074477, 0.097041, -0.178966, 0.153441, 0.024264, 0.204673, -0.170777, -0.165695, -0.205428, 0.338724, -0.180402, -0.048305]
[0.07117, -0.03266, 0.214232, 0.038672, -0.081999, 0.252927, -0.167293, -0.090675, 0.007675, 0.187991, 0.464053, 0.149447, 0.128229, 0.264054, -0.036954, 0.364115, -0.048109, 0.241998, -0.126292, -0.005795, 0.221423, 0.032544, 0.126945, -0.047028, -0.042796, -0.037784, 0.045013, -0.05055, 0.378875, -0.496859, 0.161767, -0.106217, -0.145717, 0.386153, -0.093034, -0.00282, 0.172364, -0.075376, -0.363162, 0.131534, -0.294616, 0.263007, -0.20603, -0.138194, 0.009765, 0.039858, 0.238712, 0.283276, -0.307472, -0.07173, 0.377305, -0.372899, 0.120938, 0.001487, -0.076003, 0.207281, -0.446763, -0.234954, -0.052229, -0.054417, 0.118952, -0.255462, -0.185211, -0.225604, 0.265591, 0.228369, 0.338045, 0.043041, 0.069119, -0.031478, -0.287062, -0.107784, 0.085634, 0.295593, 0.174448, -0.120008, 0.418445, 0.03063, -0.048426, -0.088523, -0.284263, 0.171238, 0.170918, -0.027815, 0.267482, -0.221316, -0.194164, 0.333085, -0.261061, 0.112356]
[-0.209162, -0.147347, 0.113437, -0.288113, 0.07957, -0.546807, -0.329268, -0.077934, -0.227225, -0.183388, 0.08063, -0.038775, -0.298118, 0.196801, 0.061468, 0.227096, 0.46446, 0.316336, -0.616385, 0.013685, -0.192239, 0.033882, 0.181267, -0.531916, -0.039765, 0.147881, 0.121587, 0.006957, 0.084051, -0.293507, 0.108275, -0.355656, -0.265294, 0.114319, 0.053127, -0.341724, 0.173179, 0.064499, 8.7e-05, 0.372942, 0.074509, 0.231194, -0.215723, 0.0273, 0.130835, -0.113193, 0.347619, 0.712895, -0.142916, 0.250962, 0.427226, -0.442965, 0.260165, 0.203359, 0.277572, 0.313707, -0.293179, -0.330463, 0.173108, -0.000153, 0.084116, -0.11194, -0.286641, 0.101823, 0.194827, 0.197158, -0.020051, 0.464486, -0.262916, 0.055374, -0.299043, -0.033429, -0.167341, -0.20652, -0.057624, -0.365509, 0.205361, 0.101136, -0.162185, 0.416484, -0.048919, 0.290532, -0.243577, -0.226692, 0.38091, -0.393279, -0.243383, 0.359473, 0.216622, 0.177002]
[-0.278714, 0.128149, 0.143593, -0.378926, -0.035385, -0.273581, 0.069603, -0.373441, -0.178803, -0.369778, 0.179287, -0.254793, -0.120053, -0.196187, -0.134945, -0.008639, 0.313196, -0.116643, -0.152295, 0.129935, -0.304553, 0.076581, 0.05622, -0.112959, 0.29481, -0.033369, 0.272549, 0.215554, 0.078483, 0.105226, -0.169713, 0.290845, 0.123209, 0.141225, 0.356391, -0.499213, -0.611705, 0.177185, 0.046037, 0.408738, 0.252007, 0.327808, 0.308318, -0.064233, 0.031292, 0.281768, 0.147916, 0.362039, 0.207198, 0.063649, 0.32266, -0.29695, 0.166907, 0.093406, 0.01517, 0.381033, -0.014263, -0.09591, 0.212359, 0.103018, 0.072063, -0.14288, -0.115998, -0.128218, 0.221389, 0.027214, -0.146163, 0.203878, -0.215743, -0.030209, 0.025893, -0.225228, -0.085918, -0.150712, -0.193438, -0.295825, 0.217652, -0.037382, 0.354756, -0.083543, 0.197161, -0.115309, -0.19711, 0.005978, -0.27409, -0.092621, 0.424606, 0.157106, -0.020994, -0.011465]
[-0.10367, 0.198133, -0.009858, -0.54918, -0.006616, -0.361197, 0.304106, 0.001873, -0.040902, -0.550552, -0.054672, -0.156435, 0.478392, -0.018452, 0.189471, -0.131459, 0.454256, -0.405776, 0.35707, 0.190301, 0.016112, -0.099965, 0.145286, -0.275361, -0.303656, -0.139066, 0.014512, -0.168576, -0.205548, 0.441774, 0.600212, 0.270049, 0.084519, -0.283208, 0.627596, -0.23113, -0.295371, -0.075787, 0.737603, 0.314122, 0.17963, 0.109967, 0.305226, -0.139897, 0.423344, 0.550266, -0.01394, 0.013872, 0.018052, 0.317742, 0.09583, 0.06353, 0.174529, 0.047298, 0.112248, -0.147528, -0.298252, -0.308349, 0.068715, 0.016037, 0.005478, -0.213569, 0.078819, -0.164979, -0.010505, 0.163751, -0.261835, -0.204293, -0.090575, -0.209839, -0.084237, -0.384272, 0.099568, 0.302401, -0.129184, 0.179901, -0.129356, -0.010731, 0.526604, -0.203327, 0.137103, -0.088278, -0.283843, 0.060055, 0.089606, 0.020171, 0.588478, -0.24018, 0.266126, 0.339598]
[-0.496096, -0.017579, 0.103991, -0.458672, -0.247263, -0.304901, 0.621548, -0.072256, -0.048902, -0.224674, -0.520789, -0.001467, 0.280796, -0.248001, -0.023014, 0.076761, 0.326853, -0.347064, -0.014147, 0.075124, 0.670648, -0.457244, -0.007973, -0.263466, 0.015184, -0.414013, -0.124049, -0.352574, -0.313443, 0.338722, 0.249673, 0.408918, 0.096153, -0.096748, 0.595296, -0.563436, -0.379326, -0.15407, 0.46625, 0.119772, 0.121179, 0.043205, 0.4808, -0.163009, 0.335192, 0.454004, 0.021574, 0.013183, 0.160657, 0.156484, 0.083111, 0.022708, 0.394037, 0.001195, -0.122092, 0.035574, -0.085439, 0.137049, 0.263845, -0.113112, 0.015497, 0.108977, 0.167528, -0.401142, -0.221553, 0.053501, -0.070812, -0.336179, 0.100029, -0.218586, -0.164803, -0.205396, -0.337125, 0.184679, 0.161449, -0.054987, -0.113917, -0.034874, 0.676693, 0.131562, 0.226967, -0.170968, -0.055811, 0.469575, -0.502077, -0.163994, 0.296567, 0.1405, 0.174765, 0.142576]
[-0.353907, 0.480188, 0.301726, -0.362467, -0.383002, 0.072423, 0.353286, -0.272617, -0.284666, 0.02941, 0.324984, -0.202474, 0.189533, -0.222122, -0.385809, 0.287516, 0.609835, -0.18364, 0.184513, 0.314392, 0.494106, -0.603511, 0.098372, -0.002989, 0.236835, -0.548326, 0.159913, 0.470314, -0.214083, 0.096898, 0.088654, 0.820027, 0.037788, 0.000819, 0.138689, -0.565445, -0.872004, -0.253529, 0.246229, 0.548998, -0.508868, 0.377382, 0.284744, 0.055735, 0.112647, 0.585828, 0.02927, 0.237613, 0.426446, -0.037853, 0.170074, -0.147659, 0.032508, -0.350669, -0.211074, 0.043125, 0.099974, -0.033778, 0.539204, 0.129695, -0.169121, -0.152688, -0.272725, -0.687587, 0.559768, 0.09843, -0.229744, 0.304124, -0.024877, -0.142597, -0.319976, -0.055949, 0.066417, -0.191252, 0.312198, 0.066742, 0.080605, -0.101473, 0.098682, -0.104817, 0.49986, -0.51983, 0.131912, 0.25291, -0.125435, -0.489142, 0.178459, 0.386949, 0.445338, 0.207307]
[-0.076393, 0.415013, 0.127968, 0.056674, -0.143724, 0.30165, 0.185634, -0.243778, -0.116662, -0.115589, -0.112064, -0.147887, -0.156578, -0.090699, -0.016874, 0.442531, 0.182997, -0.005074, 0.173909, 0.46173, 0.430293, -0.432617, 0.392741, -0.20325, 0.209397, -0.385918, -0.101441, 0.509018, -0.135583, -0.790607, 0.123748, 0.344462, 0.049956, 0.030913, -0.152477, 0.083505, -0.338058, -0.042934, 0.207004, 0.329471, -0.179779, 0.521053, -0.042366, 0.194781, 0.243195, 0.097615, 0.045727, 0.378249, -0.04557, -0.196717, 0.209903, -0.242533, -0.055765, -0.02266, -0.179308, -0.176279, 0.004877, 0.00931, -0.122379, -0.132749, -0.008924, -0.232885, -0.12677, 0.018594, 0.249324, 0.021879, -0.012001, 0.24317, 0.147144, 0.301536, -0.052791, 0.218447, 0.099932, -0.060432, 0.254899, -0.11819, -0.108991, -0.064567, -0.155515, -0.021635, 0.428642, 0.106418, 0.480822, 0.17561, -0.700483, -0.103241, 0.022195, 0.21181, 0.27849, 0.013997]
[0.312678, 0.082928, 0.255501, 0.191026, -0.213069, 0.339639, -0.066944, -0.071421, -0.040214, 0.215307, -0.166963, 0.205168, 0.01164, 0.279863, -0.240388, 0.20399, -0.194969, 0.3421, -0.265893, -0.060493, -0.19569, 0.182506, 0.354132, -0.003118, 0.018704, -0.172212, -0.009105, 0.187126, 0.283924, -0.668426, 0.137779, 0.09716, -0.025976, -0.100604, -0.250258, 0.193269, -0.054495, 0.143078, -0.12173, -0.040424, 0.016713, 0.268314, -0.155978, 0.113365, 0.09809, -0.243924, 0.064474, 0.127292, -0.311727, 0.002635, -0.058639, 0.196406, 0.030803, 0.28174, -0.13769, -0.270775, 0.259701, 0.09067, -0.221517, -0.271881, 0.281912, 0.266079, -0.07998, 0.17826, 0.215965, 0.029565, -0.087682, 0.154762, -0.196918, 0.446301, -0.009393, 0.366126, -0.110178, -0.193607, 0.218626, 0.046856, 0.193445, 0.148253, -0.285813, 0.218918, 0.250239, -0.112867, 0.302996, -0.148001, -0.291429, -0.142371, -0.111159, -0.077819, -0.223495, -0.030674]
[0.050808, -0.145407, 0.3039, 0.235491, -0.161852, 0.225626, -0.178934, 0.017409, 0.172356, 0.165781, -0.206817, -0.240633, -0.146851, -0.084384, 0.028381, 0.005166, 0.032868, -0.011411, -0.03311, -0.058035, -0.048649, 0.065821, 0.293981, 0.162312, -0.094072, -0.123327, -0.162807, 0.072815, 0.162438, -0.532253, -0.211841, 0.173824, -0.166683, 0.197228, -0.151408, 0.072995, -0.078866, 0.012072, 0.012908, 0.068229, -0.08512, 0.144302, 0.080251, -0.070219, -0.147221, 0.052276, -0.037755, 0.187784, -0.207205, -0.022622, 0.137626, -0.040737, -0.16515, 0.268251, -0.191999, 0.134351, -0.114595, -0.014436, -0.270253, 0.018554, -0.122214, 0.021305, 0.081111, 0.062553, 0.070058, 0.087142, -0.106155, 0.039851, -0.061698, 0.40559, -0.051332, -0.10899, -0.017927, -0.157, 0.070843, -0.10786, -0.063472, 0.087089, -0.057441, 0.166571, -0.066345, 0.123288, 0.071819, -0.081739, -0.083618, -0.23352, 0.166377, 0.056085, 0.058387, -0.203273]
[0.085071, 0.042888, 0.008929, 0.003923, -0.007302, 0.110322, -0.049357, -0.151666, 0.09046, -0.085865, 0.007109, 0.04169, 0.066837, 0.084983, -0.178223, -0.154918, -0.010447, -0.13425, -0.02467, 0.052993, 0.111437, -0.042196, 0.090652, 0.074564, 0.091894, -0.150332, -0.112301, 0.04798, -0.014859, -0.094085, 0.04243, -0.014788, 0.084811, 0.020054, -0.036533, -0.028168, -0.049856, 0.134602, -0.103069, -0.141914, -0.155078, 0.12439, -0.071498, -0.082921, 0.027379, -0.038633, -0.166932, 0.081319, -0.111298, -0.089982, -0.00047, 0.167797, -0.085342, -0.014764, -0.131468, -0.132581, -0.075451, -0.117373, -0.002419, -0.087529, -0.109188, 0.150585, 0.042716, 0.007889, 0.172078, -0.007032, -0.16969, -0.013633, -0.105128, -0.029543, -0.15154, 0.103729, 0.023758, -0.058583, -0.157073, 0.062764, -0.163167, 0.158621, -0.120634, -0.078807, 0.112001, 0.06264, 0.013422, 0.146618, 0.059694, -0.162779, 0.027114, 0.05301, -0.173264, 0.035067]
[0.145642, -0.137169, 0.169141, -0.056268, 0.119357, 0.191383, -0.067402, -0.029337, 0.044826, 0.090806, 0.046381, -0.235359, -0.076919, 0.073932, -0.061458, -0.1112, 0.031099, -0.17902, 0.237128, -0.013366, -0.02899, 0.118025, -0.017588, -0.065895, -0.040702, 0.042871, 0.202106, -0.113265, -0.259485, -0.092882, -0.100199, 0.09947, -0.0777, 0.10815, 0.111831, 0.058734, 0.021617, 0.071019, -0.149664, 0.083087, -0.189408, 0.23123, -0.018307, -0.168066, -0.12237, -0.253521, -0.092137, -0.257558, 0.015535, -0.291078, -0.24298, 0.174992, -0.028265, -0.316065, -0.264614, -0.07751, -0.145543, 0.049667, -0.138714, -0.000991, -0.245598, 0.225113, 0.247753, -0.067635, -0.047112, -0.000296, 0.026945, -0.244468, 0.092894, -0.103451, -0.158321, 0.183283, -0.147229, -0.17649, 0.04439, -0.157984, -0.263148, -0.001758, 0.009118, -0.036862, -0.001542, 0.122593, -0.139593, 0.195731, 0.104669, 0.144501, -0.021662, -0.288841, -0.171675, -0.087054]
[0.028605, -0.033948, 0.213986, 0.02437, -0.17046, -0.061451, -0.210861, 0.134946, 0.09841, -0.30309, 0.152314, -0.334443, -0.226124, 0.02353, -0.085611, -0.082281, 0.004207, -0.103668, 0.05157, -0.092164, -0.162891, 0.037155, -0.036051, -0.140125, 0.061222, 0.216443, 0.003923, -0.247834, -0.089062, -0.341681, -0.053487, 0.380498, -0.096966, 0.026034, 0.17764, 0.106393, -0.242138, -0.197118, -0.287283, 0.169365, 0.27552, 0.157963, 0.172168, -0.204827, -0.018011, 0.064468, -0.034127, -0.005116, -0.418008, -0.067281, 0.119462, -0.033362, -0.116044, -0.190382, -0.061775, -0.185635, -0.366068, 0.070879, -0.090223, -0.001166, -0.369756, -0.173022, 0.15716, -0.106851, -0.036618, -0.08861, -0.001312, -0.142692, 0.008835, 0.197178, -0.077013, -0.096633, -0.172502, 0.390343, -0.031529, -0.192445, -0.165639, -0.194374, -0.1206, 0.034128, -0.327685, 0.288869, 0.257425, 0.167829, -0.048878, -0.375088, 0.151558, -0.092905, -0.155883, 0.182743]
[-0.021993, 0.111615, 0.163917, -0.196291, 0.142088, 0.03335, 0.113041, 0.316784, -0.128766, 0.040381, -0.23922, 0.31925, 0.197702, -0.156191, -0.043379, 0.217389, -0.198409, -0.093834, 0.02217, -0.259993, 0.429146, -0.202921, -0.124775, -0.283592, 0.061535, 0.128389, -0.42018, -0.461713, 0.054552, -0.695712, 0.003657, 0.10235, -0.170335, 0.24369, -0.40519, -0.032646, -0.137291, 0.309206, -0.337136, 0.326385, 0.20278, 0.416274, 0.248259, -0.625331, -0.333234, 0.336044, 0.148093, 0.583178, -0.355423, -0.163891, 0.655805, -0.05668, -0.037332, -0.167752, 0.239866, 0.303966, -0.294744, -0.465345, 0.099033, -0.030526, -0.391432, -0.535152, -0.456004, 0.163128, 0.547183, 0.215473, 0.109792, -0.319282, -0.142389, 0.568877, -0.863947, -0.467487, 0.141531, 0.35052, 0.352318, -0.361046, 0.388759, -0.221362, -0.375986, -0.064081, -0.056412, 0.502747, 0.25118, -0.093625, 0.342065, -0.690724, -0.279594, 0.572541, -0.19185, -0.05339]
[-0.471946, -0.154028, 0.230403, -0.060371, 0.312404, 0.267357, -0.30982, 0.532999, 0.006535, -0.300781, -0.121041, -0.074684, -0.235163, -0.649584, -0.275307, 0.440186, -0.026799, 0.019399, -0.357203, -0.047677, -0.126172, 0.112266, -0.214822, -0.173999, 0.395787, 0.024108, -0.002604, 0.187572, 0.10639, -0.182515, -0.166791, -0.290978, -0.384622, 0.159515, -0.342105, -0.334709, -0.519792, 0.128189, -0.218102, 0.544146, 0.489019, 0.677481, 0.120193, -0.442419, -0.264349, 0.504622, 0.459279, 0.652951, -0.386461, 0.535915, 0.37397, -0.551854, -0.076299, 0.241867, -0.112417, 0.039281, -0.297925, -0.425391, -0.112399, 0.253124, -0.032828, -0.112632, -0.37283, 0.163075, 0.45414, -0.022085, 0.218135, 0.1786, 0.112443, 0.385568, -0.464965, 0.050213, -0.245093, 0.29193, 0.001799, -0.245504, 0.364518, -0.087126, -0.436861, 0.573178, -0.144956, 0.249291, 0.150037, -0.307211, -0.12307, -0.736148, -0.032421, 0.118417, 0.023932, -0.192203]
[-0.482563, -0.049766, 0.193587, -0.369951, 0.145409, -0.57677, -0.4877, 0.125006, 0.186637, -0.335398, -0.31138, -0.218819, -0.109481, -0.006889, -0.332282, -0.11214, 0.189598, 0.070238, -0.270635, 0.164789, -0.214673, 0.129449, 0.231156, -0.102063, 0.084731, 0.21361, 0.320186, -0.215577, -0.44094, -0.220425, -0.166109, 0.027664, 0.12533, -0.014753, -0.160337, 0.100707, -0.188645, 0.369333, 0.13516, 0.410522, 0.619398, 0.118512, 0.428192, -0.039122, 0.135968, 0.200776, 0.143823, 0.249709, -0.121172, 0.180395, 0.122435, -0.136538, -0.005626, 0.424094, -0.053292, -0.133228, -0.098506, -0.328404, -0.156028, 0.200386, -0.002453, -0.073885, 0.002297, 0.062604, 0.2067, 0.13359, -0.031095, 0.35727, -0.015246, 0.279767, 0.201138, 0.293058, 0.001843, -0.003936, -0.012775, -0.182569, 0.082522, 0.102793, 0.322858, 0.008992, -0.305055, 0.143728, 0.000843, -0.375751, 0.081828, 0.067191, 0.625018, -0.325951, 0.034024, 0.129555]
[-0.845302, -0.526292, -0.130968, -0.645718, 0.090629, -0.480146, -0.000841, 0.482212, 0.081516, -0.521499, -0.017673, 0.234174, -0.040218, -0.011275, 0.187334, 0.132246, 0.184798, -0.159326, 0.092915, 0.247815, 0.041495, 0.069924, -0.116595, -0.380694, -0.6007, -0.437453, 0.388743, -0.651402, -0.674459, 0.566696, 0.383896, 0.187393, -0.228592, 0.023538, 0.21571, 0.200803, -0.463949, -0.578314, 0.614674, -0.052851, 0.236678, -0.312432, 0.309735, -0.403068, 0.416819, 0.603024, -0.024154, -0.080804, -0.020789, -0.077674, 0.086856, -0.701197, 0.18, 0.259916, 0.090551, -0.179858, -0.497591, -0.616628, 0.252612, 0.008788, -0.043944, 0.150892, -0.32733, -0.228311, -0.286574, -0.302734, -0.222121, -0.303313, 0.095272, -0.594601, 0.213807, -0.103241, -0.12752, 0.625955, -0.146186, -0.121515, -0.397382, -0.03908, 1.035804, -0.041143, -0.151938, -0.113492, -0.129839, -0.032462, -0.223826, 0.375387, 0.709263, 0.000921, 0.139248, 0.429314]
[-0.381739, 0.258265, 0.13426, -0.503859, -0.420161, -0.330116, 0.451108, 0.142548, -0.486107, -0.065304, -0.4242, 0.05964, 0.152175, 0.203265, 0.024381, 0.103891, 0.132666, -0.576421, 0.432453, -0.018457, 0.784569, -0.524347, 0.055267, -0.074819, -0.357218, -0.718928, 0.069226, -0.595353, -0.750903, 0.553553, 0.453207, 0.362971, 0.089931, -0.130155, 0.35591, 0.330446, -0.285781, -0.290567, 0.263735, 0.120571, 0.031603, -0.086958, 0.094879, -0.377751, 0.2248, 0.278397, -0.236839, -0.120706, -0.084498, -0.356224, 0.223952, -0.39748, 0.552232, -0.008936, 0.046659, 0.00054, -0.029556, -0.053621, 0.429368, -0.144584, 0.478537, 0.185521, 0.112996, -0.64955, -0.420424, -0.114802, 0.13742, -0.297872, -0.010884, -0.688923, -0.151336, -0.119043, -0.000886, 0.149703, 0.07452, 0.00242, 0.063649, -0.462162, 0.705468, 0.256329, -0.098522, 0.031505, -0.361577, 0.415725, -0.012283, 0.003297, 0.281389, 0.16346, 0.029249, 0.222767]
[-0.648865, 0.689856, 0.243497, 0.063905, -0.095522, -0.03309, 0.343296, 0.024695, -0.121914, 0.047751, -0.575308, 0.167782, 0.25297, -0.023718, -0.246053, 0.652456, 0.053293, 0.03732, -0.539708, 0.135003, 0.271682, -0.623414, -0.259419, 0.343723, 0.206766, -0.360255, 0.3122, 0.978488, -0.365183, -0.025379, -0.152488, 0.327739, 0.056783, -0.476339, -0.193915, 0.00556, -0.431028, 0.146602, 0.128047, 0.237478, -0.228974, 0.077995, 0.511742, -0.060088, 0.060169, 0.21093, 0.060146, -0.198085, 0.474468, -0.1488, 0.463001, -0.570651, 0.042013, 0.31779, -0.041393, -0.45277, 0.079478, 0.170441, 0.151076, 0.111596, 0.610378, 0.004079, -0.225752, -0.204721, 0.034048, 0.058357, -0.098745, 0.416631, -0.009271, -0.114437, 0.015008, 0.660745, -0.03371, -0.278459, 0.360363, -0.188786, -0.042712, -0.164951, 0.076914, 0.13014, 0.3901, -0.307329, -0.021482, 0.023641, -0.643236, -0.064744, 0.072926, 0.036692, 0.494981, -0.071592]
[-0.490217, 0.541724, 0.418743, 0.382552, 0.268573, 0.235596, -0.073891, 0.100356, 0.202016, -0.091032, -0.579188, -0.216899, 0.044993, -0.306761, -0.126204, 0.335933, -0.276782, -0.102081, -0.388814, -0.113959, 0.714371, -0.529211, 0.231111, 0.115195, 0.417473, -0.270818, -0.534965, 0.665241, -0.181487, -1.096499, -0.186716, 0.490474, -0.204285, 0.026666, -0.156285, 0.041446, -0.472342, 0.237904, -0.143919, 0.304799, -0.168741, 0.495325, 0.114961, -0.356553, -0.40285, -0.156933, 0.00716, 0.166066, -0.271731, -0.323355, 0.235949, -0.397984, -0.142828, 0.118015, -0.402138, -0.605419, -0.085431, -0.089623, -0.24153, -0.253668, 0.458831, -0.220881, 0.15277, -0.027871, 0.136962, 0.188884, 0.1565, 0.082852, -0.091829, 0.588461, -0.100165, 0.536424, -0.156364, -0.507913, 0.833085, 0.281417, -0.305144, -0.109631, -0.329892, 0.132714, -0.054132, 0.027234, 0.615725, 0.220275, -0.625515, -0.137329, -0.236568, 0.226895, -0.059691, 0.173653]
[0.260738, 0.453286, -0.009328, 0.287773, -0.116239, 0.203349, -0.238755, -0.208478, -0.158142, -0.216461, 0.0347, 0.089752, -0.317581, -0.28798, -0.044169, 0.175624, -0.243176, -0.242607, -0.198121, 0.133903, -0.101886, -0.204248, 0.442107, 0.409137, 0.175404, -0.232442, -0.358103, 0.244195, 0.142706, -0.677459, -0.256147, 0.300145, -0.221776, 0.199827, -0.294841, 0.237592, -0.199255, 0.136314, -0.385383, 0.578302, 0.146695, 0.244474, -0.094371, -0.208665, -0.227036, -0.283206, 0.059946, 0.621896, -0.241876, 0.083866, -0.028778, -0.467884, -0.403663, -0.07781, -0.272484, -0.369597, 0.043466, 0.296338, -0.397718, -0.176688, 0.005614, -0.335586, -0.297059, -0.073889, -0.046944, 0.133398, 0.382096, -0.179964, -0.175082, 0.902962, -0.159701, 0.280018, 0.076585, 0.332422, 0.365819, 0.180117, -0.088991, -0.007341, -0.192972, -0.074925, -0.169265, -0.089342, 0.006013, 0.025857, -0.313324, -0.451964, -0.10636, 0.052463, -0.327252, -0.180482]
[0.223203, -0.154039, 0.18705, 0.247411, 0.116019, 0.072004, -0.186524, -0.202387, 0.189721, -0.133091, 0.060959, -0.22028, -0.073717, 0.096014, -0.044732, -0.150984, -0.121115, 0.023433, 0.009909, -0.159164, 0.250863, -0.067316, -0.099326, 0.094004, -0.335195, 0.078724, -0.00521, 0.229201, -0.164482, -0.202863, -0.051994, -0.038135, -0.092782, 0.029895, -0.106077, 0.139338, 0.044902, -0.029641, -0.156694, -0.199141, -0.033838, -0.105087, -0.014883, -0.129287, -0.236988, -0.415901, -0.22108, 0.021029, -0.037792, -0.192945, -0.166045, 0.096653, -0.057303, -0.290299, 0.076693, -0.275875, -0.045444, 0.115267, -0.239854, 0.000134, -0.16744, -0.016162, 0.096594, -0.138951, -0.294663, 0.062879, 0.036098, -0.204458, -0.177868, 0.494728, 0.113715, 0.216557, -0.027741, 0.206137, 0.18619, 0.087187, -0.098457, -0.021422, -0.009727, -0.173579, -0.178329, -0.08014, 0.000646, 0.255739, 0.116227, 0.039032, 0.040902, -0.260719, -0.227688, 0.025494]
[-0.005032, -0.273777, -0.081532, -0.154878, 0.091444, 0.157507, -0.029368, 0.054821, 0.174792, 0.000724, 0.157156, -0.299332, 0.007662, 0.095006, -0.012409, -0.067956, -0.144398, -0.257797, 0.083646, -0.02377, 0.016883, -0.090759, 0.174682, 0.038967, -0.03489, -0.195005, 0.069005, 0.032742, -0.214484, -0.031346, -0.149135, 0.097699, -0.054165, 0.07883, -0.174338, 0.150463, -0.038619, 0.055501, -0.068543, 0.116661, -0.108618, 0.189855, -0.165404, 0.080938, 0.095303, 0.035328, -0.051978, -0.031003, 0.065775, -0.096057, -0.171511, -0.037695, 0.034542, -0.007095, -0.292368, -0.277828, 0.013692, 0.04408, 0.070075, 0.106329, -0.182372, 0.134186, 0.082287, -0.147218, -0.068769, -0.075735, -0.058091, -0.098713, -0.028628, -0.187802, -0.038857, 0.193716, -0.191053, -0.163331, 0.051595, 0.028011, -0.014596, 0.175617, -0.074686, -0.025915, 0.156221, -0.145235, -0.051923, -0.015359, -0.08696, 0.116468, -0.068508, -0.048628, -0.180074, -0.096228]
[0.144612, -0.023098, -0.158912, -0.115518, -0.009918, 0.040365, -0.005825, -0.07893, 0.174592, -0.039016, 0.041436, -0.239813, 0.019332, 0.250611, -0.068491, -0.207285, 0.08487, -0.24584, -0.050496, 0.027694, 0.042438, 0.09108, 0.073556, -0.078644, -0.244524, 0.102792, 0.188095, 0.113853, -0.06042, 0.200199, 0.03345, 0.186327, 0.117818, -0.071152, 0.001112, -0.011325, -0.132251, 0.108949, -0.017111, 0.096299, -0.186455, -0.052821, 0.021328, 0.045844, 0.03201, -0.150841, -0.267665, -0.137543, -0.222235, -0.068921, -0.230998, 0.039629, 0.025637, -0.286655, -0.111596, -0.001707, 0.006549, -0.003809, 0.096889, -0.072479, -0.276534, 0.033552, 0.124016, -0.172717, 0.021793, -0.102789, 0.038567, 0.031537, 0.140688, -0.047313, 0.008321, 0.119629, -0.159187, -0.015072, -0.110027, -0.196647, 0.017177, 0.014092, -0.093085, 0.045712, -0.104122, -0.020241, 0.170555, 0.253946, 0.161193, 0.039956, 0.040459, -0.051598, -0.004536, -0.079345]
[0.033494, -0.338047, -0.032188, 0.234974, 0.113528, 0.191563, -0.33885, 0.091119, 0.274599, -0.283292, -0.119979, -0.342199, -0.054158, 0.424348, -0.071045, -0.269118, -0.127128, 0.005968, -0.013819, 0.136653, 0.143614, 0.206238, -0.264725, -0.08133, 0.144831, -0.001725, 0.05786, -0.0143, -0.149162, -0.220425, 0.2528, 0.034367, 0.042531, -0.23271, -0.120842, 0.312075, -0.013607, 0.039568, 0.304497, -0.361919, -0.143672, 0.005671, 0.475474, -0.036715, 0.126832, -0.317754, -0.25448, -0.113659, -0.297351, -0.17353, -0.08547, 0.248002, 0.369631, -0.191686, -0.12132, -0.415474, -0.133979, 0.132331, -0.012516, -0.146268, -0.045699, 0.118316, 0.532592, -0.16176, -0.026473, -0.068566, 0.057257, -0.125125, -0.013753, 0.045668, 0.055905, 0.341593, -0.371646, 0.122606, 0.145071, -0.088172, -0.013318, 0.121498, -0.187903, -0.020778, -0.165937, -0.09924, 0.035317, 0.193303, -0.058808, 0.050716, 0.015826, -0.673199, -0.249454, 0.110552]
[0.045506, -0.11602, 0.501905, 0.02467, -0.079822, -0.049533, 0.151915, 0.111549, -0.386096, -0.298384, -0.313706, 0.314031, -0.198771, -0.073482, -0.145382, -0.094593, -0.09066, 0.005199, 0.080147, -0.059577, 0.039288, -0.28621, -0.288566, -0.215546, 0.16236, 0.47225, -0.382905, -0.443391, 0.071326, -0.410628, 0.020973, 0.290781, 0.048622, 0.105891, -0.228427, -0.00415, 0.54368, 0.503678, -0.160788, -0.114932, 0.289612, 0.15563, 0.179699, -0.227009, -0.183532, 0.036292, 0.168268, 0.385256, -0.117181, 0.218913, 0.129769, -0.409238, 0.335122, -0.109849, 0.038716, -0.161174, 0.448246, -0.153802, -0.227956, -0.00646, 0.169811, -0.050626, -0.10264, -0.052254, 0.364237, 0.36744, 0.190671, -0.180093, 0.062488, 0.077459, -0.078274, -0.220732, -0.304502, 0.142226, 0.149042, -0.042272, 0.485858, 0.018946, -0.262713, 0.062574, -0.303585, 0.292684, 0.582586, 0.141329, 0.040233, -0.182563, -0.041315, -0.006112, -0.021504, -0.149948]
[0.103199, 0.003565, 0.484105, 0.022458, 0.115529, 0.116797, 0.219735, -0.553334, -0.133117, 0.207491, -0.041311, -0.217825, -0.139974, 0.000308, 0.07188, 0.401104, -0.455298, 0.281146, -0.381509, 0.052919, 0.498768, -0.041873, -0.254783, 0.034767, 0.149238, 0.311641, 0.435755, 0.141877, -0.009004, -0.650148, -0.375097, 0.055526, 0.105014, 0.159562, -0.428371, -0.136296, 0.188477, 0.540088, 0.136171, 0.336574, -0.270597, 0.511402, 0.217811, -0.131764, 0.074185, -0.12979, 0.052655, 0.32314, -0.098889, 0.116814, 0.084963, 0.268223, 0.439554, 0.103168, -0.319288, -0.271212, -0.128753, -0.10003, -0.204024, 0.084747, 0.113402, 0.077502, 0.024226, -0.409484, 0.007083, -0.013177, 0.150424, -0.229385, -0.076074, 0.369961, -0.251981, -0.345916, 0.024468, 0.116737, 0.305852, 0.05865, 0.257059, -0.191671, -0.331176, -0.120457, -0.225731, 0.059067, 0.306301, -0.311117, -0.151736, -0.347662, -0.471651, -0.130623, -0.164872, 0.031044]
[-0.082586, 0.252965, 0.605366, -0.437495, 0.1553, 0.120925, 0.170297, -0.386705, -0.39838, -0.494343, -0.031537, -0.148528, -0.038582, -0.127613, 0.076675, 0.575885, -0.077368, 0.470545, -0.140418, -0.023043, 0.195816, -0.139629, -0.502562, -0.287287, 0.099676, -0.029998, 0.695531, 0.506411, -0.007963, -0.032651, 0.344405, 0.071354, 0.038151, -0.465645, -0.366859, -0.076374, 0.189248, -0.013362, 0.486623, 0.484822, -0.046752, 0.325091, 0.378867, -0.030331, 0.464913, 0.204864, -0.209423, 0.424009, -0.270514, 0.085515, 0.178533, 0.035681, 0.801877, 0.289389, 0.054541, -0.632928, -0.354614, -0.345778, -0.105738, 0.25949, 0.436438, -0.092938, 0.195449, -0.526721, -0.06935, 0.264258, -0.141015, 0.154296, 0.205952, -0.065449, 0.294724, -0.144203, -0.427559, 0.329812, 0.094763, 0.3198, 0.644165, 0.046504, 0.339353, -0.229872, -0.454162, -0.185462, -0.044613, -0.429898, -0.091961, -0.078662, 0.073469, -0.699568, 0.363158, 0.37211]
[-0.101746, -0.38723, 0.364761, -0.649258, -0.06523, 0.023451, 0.284211, 0.0981, 0.291151, -0.772429, -0.168578, 0.342493, -0.054774, -0.450784, 0.041409, 0.217119, 0.4874, -0.33668, 0.212171, 0.052415, 0.207647, 0.031114, 0.028654, -0.023549, -0.33963, 0.065377, -0.043534, -0.601149, -0.257297, 0.208774, -0.091085, 0.38069, -0.275608, -0.339321, 0.291086, 0.24885, -0.326588, 0.045975, 0.321937, -0.009403, 0.382553, -0.086982, 0.259002, -0.313222, 0.256547, 0.786212, 0.064949, 0.203122, -0.427111, -0.077285, 0.353934, -0.848934, 0.477613, 0.332261, -0.302558, -0.1501, -0.223852, -0.385213, 0.368533, -0.012597, 0.299556, 0.120306, -0.031069, 0.501317, -0.220967, 0.064833, -0.222199, -0.048239, 0.247673, -0.510017, -0.264869, -0.375178, -0.606668, 0.567358, -0.196454, -0.122185, -0.178788, 0.206992, 1.333141, 0.294821, -0.310393, 0.205902, 0.253926, 0.264022, -0.378271, 0.038723, 0.674068, 0.021966, 0.444773, 0.032077]
[0.287902, 0.372319, 0.244089, -0.410658, -0.290724, -0.230056, 0.369475, 0.170909, 0.076925, 0.232635, -0.603506, -0.150298, -0.110582, 0.125856, 0.475631, 0.190545, 0.186111, -0.566107, -0.193703, 0.184828, 0.707106, -0.380763, -0.026806, 0.064543, -0.239443, -0.447404, -0.019989, -0.07853, -0.45132, 0.319386, 0.183505, 0.474122, -0.393207, -0.29285, 0.354733, 0.077805, -0.282174, -0.216381, -0.102529, 0.023809, 0.001814, 0.082808, -0.00884, -0.042751, -0.113528, 0.056407, -0.209222, -0.191413, 0.076285, 0.394957, 0.486884, -0.233183, 0.479567, -0.336658, 0.176133, -0.420788, -0.584737, 0.354034, 0.56997, 0.091509, -0.036231, 0.484954, -0.150719, -0.307262, -0.448914, -0.427558, 0.279343, -0.412607, -0.218978, -0.315162, -0.158817, -0.328588, 0.288243, 0.022135, 0.038563, 0.130756, -0.36241, -0.639993, 0.642661, 0.197815, -0.132663, -0.106443, -0.235894, 0.333272, -0.552648, 0.061092, 0.254075, 0.190375, 0.471263, 0.152977]
[0.458568, 0.495505, 0.229561, -0.000482, -0.01865, -0.445284, 0.689874, 0.101528, -0.159237, 0.748486, -0.231103, -0.270518, 0.517374, 0.087309, 0.072926, 0.555656, -0.302399, -0.292514, -0.410667, -0.383298, 0.118452, -0.630575, -0.22338, 0.409815, -0.074301, -0.363338, -0.02164, 0.394755, -0.261352, -0.202491, 0.164282, 0.30694, 0.103979, -0.235521, 0.219537, -0.088897, -0.081827, -0.037181, 0.188059, 0.153644, -0.31411, -0.126835, 0.343248, -0.285388, 0.196999, -0.600398, 0.164026, -0.093173, 0.332768, 0.291336, 0.495786, 0.219879, 0.10401, 0.181485, 0.652542, -0.297938, -0.682194, -0.088369, 0.228489, 0.265243, 0.02379, 0.156971, 0.444695, -0.501471, 0.108938, -0.308534, 0.052134, 0.01042, -0.193534, 0.278374, -0.567381, -0.309536, 0.2926, -0.023987, 0.501481, -0.111008, 0.066417, -0.343459, 0.002947, 0.127032, -0.094309, 0.264598, -0.571866, -0.114041, 0.104296, -0.416773, 0.181482, 0.120904, 0.372604, -0.24164]
[0.430775, 0.252851, 0.286429, 0.196784, 0.158998, -0.534294, 0.418215, 0.094418, -0.22159, 0.273102, -0.002113, 0.091494, -0.271188, -0.173865, 0.223503, 0.473464, -0.172162, -0.235102, -0.348636, -0.500356, 0.481248, 0.127517, -0.08617, 0.114671, -0.211623, -0.245301, -0.277911, 0.274563, -0.183389, -0.527507, 0.091468, 0.393813, -0.45876, -0.073446, 0.135848, -0.223634, 0.408467, 0.27188, 0.060066, 0.099472, -0.343526, 0.216922, -0.175142, -0.468766, -0.228654, -0.502348, -0.017137, 0.201506, -0.089591, 0.339125, 0.633048, -0.339816, 0.179169, -0.064682, 0.031611, -0.519037, -0.349823, 0.064297, 0.190343, -0.049456, 0.468441, 0.046449, 0.121041, -0.206736, 0.296231, -0.037663, 0.033411, 0.067192, -0.106745, 0.579145, -0.291658, -0.346173, -0.075183, 0.138998, 0.247219, -0.040947, 0.068889, -0.010075, 0.060859, -0.266793, -0.638878, 0.152003, -0.131248, -0.087129, -0.260908, -0.231177, 0.134608, 0.214525, 0.230996, -0.033062]
[0.377399, 0.158097, 0.174108, 0.457067, -0.411634, -0.182037, -0.140119, -0.008036, 0.09537, 0.520139, 0.032834, 0.001979, 0.068589, -0.105587, 0.3193, -0.208373, -0.160729, -0.306787, 0.203073, -0.209275, -0.181832, -0.094002, 0.165702, 0.199951, 0.141412, -0.262455, 0.181635, 0.058447, 0.211822, -0.123008, 0.053181, 0.223649, -0.239676, 0.106089, -0.038241, 0.034381, 0.103808, -0.092213, -0.574537, 0.389856, -0.133214, -0.126447, 0.038027, 0.056539, -0.185948, 0.331109, -0.184367, 0.112647, -0.212379, 0.3028, 0.234243, -0.380297, -0.126368, -0.150513, -0.072974, 0.265277, -0.061456, 0.455606, 0.100153, 0.057072, 0.089663, -0.280019, 0.304599, -0.436354, 0.027864, -0.099391, 0.208947, 0.077534, -0.134726, 0.282084, -0.187041, -0.106004, -0.146025, 0.158809, 0.365133, 0.347555, 0.315162, -0.278167, -0.01651, 0.226099, -0.47167, -0.081792, -0.409587, -0.128255, 0.510179, -0.171507, 0.30037, 0.342723, -0.101333, -0.308549]
[-0.078531, 0.080864, -0.086677, -0.100144, 0.057597, -0.259673, -0.069141, 0.010951, 0.095957, 0.115419, 0.194033, -0.169024, 0.12764, 0.22874, 0.172756, -0.220002, -0.212546, -0.188853, 0.011281, -0.283381, 0.103352, 0.25571, -0.194665, -0.013823, -0.133873, -0.104526, 0.066461, 0.046335, -0.142169, 0.372488, -0.026225, 0.126635, -0.065471, -0.089098, 0.030447, -0.101688, 0.055389, -0.148386, -0.259051, -0.217422, -0.047219, 0.005006, 0.332821, -0.196694, 0.02713, 0.133025, -0.057441, -0.139858, -0.253507, -0.036411, 0.052008, 0.083951, -0.038729, -0.047944, 0.129682, -0.09554, -0.325523, -0.15441, -0.026173, -0.013404, -0.114657, 0.119301, 0.365831, -0.209226, -0.250562, 0.036025, 0.068408, -0.063307, 0.04776, 0.205496, -0.176399, 0.120631, 0.144191, -0.060351, -0.038937, -0.107407, 0.053483, -0.164584, 0.125811, 0.042419, -0.219837, 0.049437, -0.17028, 0.283902, 0.229094, -0.25823, 0.34155, -0.110046, -0.226975, -0.140222]
[0.04492, -0.236243, -0.07551, -0.141694, -0.085505, -0.006215, 0.027366, -0.120732, 0.139142, 0.056725, -0.060653, -0.261719, -0.182784, -0.062747, -0.295745, -0.236252, 0.048471, -0.039948, -0.07205, -0.113558, 0.153626, 0.130271, 0.054998, -0.062842, -0.188055, -0.070779, 0.082822, -0.110005, 0.017514, -0.013522, -0.014341, -0.076913, 0.012294, 0.106777, -0.069606, 0.02022, -0.187457, -0.06657, 0.006663, -0.007907, 0.097687, -0.009592, 0.053231, -0.06419, -0.020806, 0.019336, 0.115004, 0.115496, -0.19831, 0.087706, -0.198886, -0.010958, -0.029714, -0.03856, -0.250763, -0.045603, -0.035701, -0.083842, -0.031503, -0.004543, 0.038423, -0.041758, -0.063567, 0.085482, -0.017866, 0.153905, 0.006201, -0.128866, 0.170536, -0.170672, -0.141296, -0.069859, -0.175902, -0.107343, -0.147543, 0.099583, -0.12698, 0.126591, 0.038034, -0.143812, -0.119516, -0.107716, 0.053268, 0.058535, -0.141737, 0.092949, 0.142885, -0.023406, -0.047911, -0.028535]
[-0.084735, -0.119047, -0.135755, -0.010125, 0.015012, 0.120866, -0.102051, -0.046065, 0.067049, 0.03908, 0.168263, -0.109754, 0.075569, 0.043487, -0.026275, -0.174817, -0.105332, -0.046246, -0.063947, -0.011178, 0.167599, 0.19029, 0.062583, -0.112778, -0.026161, -0.164704, 0.04234, 0.03575, -0.276723, 0.117047, 0.101874, 0.172411, 0.064337, 0.107845, -0.173541, 0.024845, -0.081896, 0.07532, -0.080527, 0.107792, -0.034804, 0.059479, 0.156313, -0.041989, 0.037072, -0.256479, -0.160427, -0.006871, 0.073798, -0.033735, -0.208092, 0.19489, 0.199802, -0.25617, -0.197558, 0.046184, -0.037735, -0.056995, 0.08029, -0.043082, -0.156757, 0.214531, 0.21238, 0.04544, -0.302982, 0.053372, -0.007621, -0.055265, -0.120955, -0.025451, -0.064914, -0.039993, -0.0629, 0.069506, -0.016117, 0.111258, -0.153818, 0.12588, 0.082643, -0.007213, -0.152419, -0.102431, 0.215789, 0.191489, -0.115539, -0.158251, 0.039195, -0.216846, -0.217373, 0.0492]
[-0.015576, -0.110445, -0.072369, -0.042265, 0.029841, 0.056853, -0.33299, -0.023518, 0.040853, -0.278625, -0.129612, -0.429249, -0.101957, 0.091637, -0.069146, -0.055788, -0.28026, -0.171066, -0.036711, 0.019839, -0.055634, -0.099885, -0.06078, -0.09306, -0.117042, 0.172469, 0.12373, 0.138861, -0.136476, 0.023082, -0.020273, -0.034337, 0.344288, -0.467665, 0.063185, 0.169675, 0.118008, -0.179538, 0.293012, -0.430033, -0.135555, -0.073471, 0.315545, 0.144308, -0.101067, -0.204441, -0.157144, -0.430023, -0.125099, -0.055906, -0.166993, 0.489527, 0.075978, -0.012348, -0.046015, -0.373441, 0.154716, 0.165738, -0.38967, -0.117968, -0.080222, 0.098197, 0.079998, -0.115201, -0.027148, -0.06309, -0.239938, -0.151035, 0.136422, 0.174173, 0.132147, 0.321655, -0.116357, -0.204183, -0.052809, -0.134005, -0.119806, -0.040742, 0.014838, 0.026785, -0.113654, -0.044751, -0.183637, -0.016544, -0.149726, 0.191358, 0.03391, -0.348679, -0.129835, 0.077181]
[-0.10023, -0.030724, -0.136747, 0.019706, -0.023564, -0.197643, -0.260491, -0.402539, -0.09029, -0.159393, -0.023162, 0.242739, -0.128841, -0.083077, 0.024194, -0.057019, 0.028408, 0.237067, 0.082066, 0.044042, -0.028938, -0.01754, -0.075681, 0.309443, 0.442516, 0.11402, 0.104978, 0.139115, 0.201973, -0.256039, -0.034999, 0.252954, 0.01689, -0.081809, 0.03732, -0.101319, 0.394809, -0.016737, 0.009701, 0.001448, 0.0359, -0.120673, 0.119465, -0.139774, -0.020766, 0.223095, 0.072036, -0.019789, -0.289149, -0.171638, 0.061667, 0.141642, 0.030761, -0.348202, -0.452872, -0.149774, 0.283325, 0.116638, -0.251108, -0.128122, 0.407162, -0.311061, -0.100029, -0.386874, -0.127036, 0.125939, -0.094079, -0.188208, -0.12921, 0.320984, -0.123017, -0.154741, 0.094713, 0.275575, 0.028068, 0.16689, 0.172455, 0.165251, -0.241677, -0.171713, 0.015945, -0.073782, 0.21715, -0.056825, 0.171462, 0.032842, -0.148728, -0.446267, -0.213798, 0.098915]
[0.142246, 0.529439, 0.139169, 0.000527, -0.144214, -0.127085, 0.018379, -0.197185, -0.335368, 0.100669, -0.028562, 0.049492, -0.203865, 0.201057, -0.253468, 0.031639, -0.327121, 0.243854, -0.456055, -0.253676, 0.066528, -0.179484, -0.153991, 0.230642, -0.173926, 0.125295, 0.388118, 0.05822, 0.256325, -0.41691, -0.404396, 0.006725, -0.009011, -0.547156, -0.431581, 0.053623, 0.464327, -0.109171, 0.193583, -0.03164, -0.1613, -0.009039, 0.081549, -0.023518, -0.088902, -0.474446, -0.446183, -0.167564, -0.147595, 0.225566, -0.03931, 0.217611, 0.476023, -0.296234, -0.015662, -0.379252, -0.101812, -0.00499, -0.336639, 0.152501, 0.071869, -0.09246, 0.168205, -0.341975, -0.142502, 0.419736, 0.185259, -0.222341, 0.007281, 0.395329, -0.008603, -0.228365, 0.259673, 0.221845, 0.156364, 0.093022, 0.712293, 0.089962, -0.0619, -0.428935, -0.531976, -0.518359, 0.089031, -0.259364, 0.190759, -0.068104, -0.423006, -0.505117, -0.279221, 0.028324]
[0.169269, 0.159514, 0.509224, -0.051411, -0.14891, 0.482644, 0.264032, -0.294424, -0.48264, -0.263652, -0.039552, -0.418861, -0.149338, -0.381659, 0.044434, 0.076893, -0.454355, 0.244537, 0.19576, -0.241707, 0.035627, 0.362909, -0.405025, 0.018653, 0.256547, 0.278057, 0.22991, -0.022717, 0.321231, -0.322835, 0.063732, -0.779494, -0.000984, 0.115368, -0.587599, -0.303993, -0.424569, 0.350828, 0.039393, 0.214018, -0.192686, 0.084715, 0.124318, -0.001924, 0.189059, -0.060269, -0.141729, -0.229804, -0.15656, -0.020769, -0.590598, 0.28618, 0.608878, 0.038093, -0.286183, -0.269612, -0.17223, 0.237065, -0.280181, 0.018312, 0.163976, -0.05447, 0.312572, -0.136461, -0.360857, 0.271685, 0.008242, -0.773837, -0.085026, -0.00058, 0.16369, -0.446381, -0.320917, 0.856876, -0.338108, 0.449604, 0.619434, 0.042657, -0.673898, -0.365604, -0.345219, -0.064648, 0.458519, -0.629829, 0.116675, -0.405602, -0.712537, -0.781627, 0.026964, 0.163694]
[-0.016495, -0.036475, -0.1346, 0.474485, 0.06579, -0.126649, 0.453169, -0.436193, -0.708481, -0.047011, 0.061871, -0.230263, -0.300793, -0.529574, 0.483392, -0.233809, -0.208258, -0.035004, -0.120214, 0.186272, -0.12775, -0.097581, -0.096359, 0.280817, 0.240229, -0.314735, 0.101564, -0.167852, -0.318726, -0.378971, -0.063531, -0.192236, -0.347927, 0.291235, -0.168285, -0.13839, -0.704944, 0.206399, 0.285582, -0.011795, -0.108728, 0.134495, -0.003418, -0.109999, 0.376632, -0.444408, 0.200462, 0.153713, -0.237166, 0.014328, -0.42093, -0.099974, -0.153142, -0.488976, -0.134745, -0.232238, -0.324514, -0.191756, 0.331242, 0.072542, -0.315031, 0.289888, 0.033096, 0.054598, -0.376196, -0.350531, 0.218755, -0.528607, -0.323805, 0.298873, 0.095331, 0.298625, 0.175734, 0.158162, -0.311612, 0.167936, -0.768932, 0.034378, -0.182269, 0.376394, 0.159502, 0.472229, 0.399558, 0.161323, -0.20928, -0.559041, -0.094545, 0.247335, 0.20026, 0.153566]
[0.267455, 0.465333, -0.808837, 0.182353, 0.239712, -0.138241, 1.047277, -0.346196, -0.903626, 0.240081, 0.34722, -0.115152, -0.153022, -0.235966, 0.570244, -0.245311, 0.141222, -0.641098, -0.191755, -0.088823, -0.082976, -0.487991, -0.23981, 0.075969, 0.164474, -0.453002, 0.247932, 0.285831, 0.425715, 0.264445, 0.320638, -0.544142, -0.244728, 0.330705, 0.396296, -0.139204, -0.481813, 0.115952, -0.224087, -0.284499, 0.119842, 0.036112, -0.267715, -0.045121, 0.090164, -0.059572, -0.198214, -0.193932, -0.10652, 0.288836, -0.146637, -0.53439, -0.315891, -0.564192, 0.122745, 0.040578, -0.732494, 0.460513, 0.319338, 0.045827, -0.284468, 0.44032, -0.138462, -0.066916, -0.190576, -0.704253, 0.566873, -0.441478, -0.635038, -0.120507, -0.33464, -0.359849, 0.794673, 0.055193, -0.321597, 0.164284, -0.488964, -0.916552, -0.281166, 0.484961, 0.028104, 0.63806, -0.153398, -0.504372, -0.054355, -0.575691, 0.253745, 0.819435, -0.252413, 0.09251]
[0.682759, 0.353476, -0.375906, -0.006493, 0.102889, -0.427583, -0.242904, 0.698703, -0.229557, 0.6587, 0.608968, 0.366455, -0.289011, 0.368387, -0.045974, 0.018622, -0.277567, -0.469709, 0.132258, -0.42344, -0.461587, -0.382421, -0.310698, -0.257584, -0.128434, -0.80871, 0.453802, -0.087082, 0.338991, 0.632891, 0.370945, -0.082293, -0.265812, 0.057791, 0.378624, -0.200146, 0.625581, -0.531846, -0.378213, 0.163602, -0.299604, -0.411211, 0.314547, -0.097529, -0.114545, 0.417542, 0.058682, 0.216821, -0.074774, 0.729117, 1.171093, -0.613168, -0.1154, -0.463161, 0.44126, 0.899167, -0.727677, -0.129513, 0.307413, 0.03472, -0.065716, 0.181526, 0.088865, -0.380658, -0.278899, -0.085225, 0.717761, 0.092761, -0.203863, -0.210337, -0.792754, 0.245432, 0.493181, 0.105594, -0.070081, -0.018317, 0.551153, -0.330281, -0.21276, 0.309856, -0.777707, 0.30174, -1.315731, -1.074353, 0.958694, -0.514462, 0.403181, 0.634104, -0.198595, -0.35276]
[0.506609, 0.134382, -0.118591, 0.428041, -0.219485, -0.862874, -0.25648, 0.637309, -0.642791, 0.28827, 0.09375, 0.346503, 0.039538, -0.14163, 0.070277, -0.293069, -0.50256, -0.802454, -0.347826, -0.403411, -0.582826, 0.198603, -0.147218, 0.427388, -0.620568, -0.316505, 0.062207, -0.142776, -0.089077, 0.734091, -0.151733, 0.285432, -0.360698, 0.078309, 0.387523, -0.350736, 0.504248, -0.289235, -0.148047, 0.116064, -0.117416, -0.398522, -0.296053, -0.575201, -0.33252, 0.279758, 0.06469, 0.557574, -0.318543, 0.77077, 0.745633, -0.520861, -0.381135, -0.093238, 0.450587, 0.715093, -0.463429, 0.129706, 0.022142, 0.041633, 0.190968, 0.045912, 0.344135, -0.157248, -0.288588, 0.259852, 0.184997, -0.173382, -0.311048, 0.466614, -0.678069, 0.2889, 0.023696, 0.086485, -0.086661, -0.125778, 0.13751, 0.235701, -0.2477, 0.131794, -0.76108, -0.066412, -0.80307, 0.099569, 0.701994, -0.277374, 0.431886, 0.575029, -0.353528, -0.125449]
[0.055286, 0.020664, 0.048852, -0.049295, 0.036366, -0.454028, 0.042316, 0.361357, -0.077245, 0.128317, 0.324454, -0.094811, -0.188854, -0.118891, 0.15799, -0.166495, -0.259317, -0.520083, 0.028415, -0.510847, -0.291828, 0.372296, -0.330809, 0.172246, -0.289095, -0.072092, -0.020474, -0.080457, -0.101373, 0.685038, -0.000329, -0.130683, -0.317843, 0.040734, 0.207153, -0.300131, 0.03371, -0.064649, -0.406305, -0.185357, 0.105091, -0.229936, 0.416487, -0.506722, -0.253858, 0.41175, -0.178422, 0.147884, 0.07045, 0.47883, 0.451142, -0.33602, -0.20997, -0.214461, 0.175495, 0.37671, -0.460877, -0.00815, -0.127386, 0.216299, -0.31033, -0.003506, 0.223588, -0.470424, -0.433644, 0.155048, 0.497786, 0.055199, -0.16269, 0.056483, -0.301657, -0.078294, 0.012042, -0.1143, -0.135457, -0.267688, 0.138158, -0.084924, 0.156438, -0.084744, -0.511877, -0.085393, -0.544643, 0.127715, 0.71968, -0.203178, 0.309716, 0.337694, -0.210187, -0.313466]
[-0.019971, -0.099453, 0.083009, 0.063783, 0.070091, -0.238515, 0.074201, -0.054594, 0.182079, 0.217838, 0.012844, -0.269128, -0.004592, 0.072391, 0.039805, -0.317891, -0.019898, -0.077055, 0.090709, -0.259369, -0.088302, 0.046518, -0.257752, 0.147707, 0.147407, 0.157995, 0.182037, 0.131249, 0.073671, 0.471394, -0.246703, 0.027099, -0.013828, -0.023653, -0.042259, -0.005471, -0.03801, -0.113636, -0.103317, 0.072061, -0.061041, -0.161975, 0.167461, -0.317869, -0.062555, 0.061624, -0.063268, 0.035028, -0.12723, -0.072373, 0.20363, -0.097302, -0.045775, -0.152757, 0.098188, 0.273263, -0.247927, -0.080834, -0.113488, 0.24932, -0.154311, 0.116833, 0.11533, -0.280797, -0.39439, 0.09647, -0.016424, 0.06841, -0.169429, 0.205055, -0.019971, 0.027998, 0.016216, -0.028439, 0.090204, -0.084449, -0.165015, -0.061567, -0.266789, -0.1223, -0.201814, -0.096318, -0.453893, 0.294231, 0.171216, -0.164784, 0.074043, 0.018461, -0.032378, -0.167472]
[0.021549, -0.235519, 0.09594, -0.126677, 0.004845, 0.043493, 0.20687, -0.160413, 0.15171, -0.109078, 0.102502, -0.023826, -0.054326, -0.219573, -0.316932, 0.043138, 0.091977, 0.03271, -0.045802, -0.029323, 0.174607, 0.12429, 0.045113, 0.133319, -0.005132, -0.048635, 0.061675, -0.124715, 0.069987, -0.059056, -0.002265, -0.091847, 0.045262, -0.035772, -0.210088, -0.023077, -0.228785, 0.184579, -0.079959, 0.130287, -0.000609, 0.183077, -0.039766, -0.059507, -0.044641, 0.087968, 0.013171, -0.012942, 0.127913, 0.028647, 0.004406, -0.155041, -0.012856, 0.03682, -0.337904, -0.108167, 0.051107, -0.155996, -0.079322, -0.130102, -0.046424, 0.103501, -0.122821, 0.069862, 0.04329, -0.045413, -0.02036, 0.073013, 0.047406, -0.062237, -0.022657, 0.12454, 0.057184, -0.091225, 0.107135, -0.020593, 0.115167, 0.032737, 0.062051, -0.093406, 0.196929, 0.16783, 0.295575, 0.027071, -0.175894, 0.103105, 0.11418, 0.007565, -0.070498, 0.159259]
[-0.150952, -0.097015, 0.023123, -0.059647, -0.039566, 0.054735, -0.047062, 0.052128, -0.128801, 0.092568, 0.048684, -0.120146, -0.086378, -0.052413, -0.15203, 0.024487, -0.068275, -0.114803, 0.05974, 0.162387, 0.157351, 0.014237, -0.061513, -0.088017, -0.221, 0.033919, 0.09267, -0.011127, 0.042262, -0.118545, 0.130832, -0.085269, -0.062938, 0.117893, -0.057037, 0.219952, -0.113292, 0.143506, 0.140808, 0.03156, -0.100787, 0.121383, -0.017771, 0.081307, 0.040632, -0.097764, -0.085167, -0.204301, 0.038336, -0.001469, 0.051331, 0.178336, -0.04276, -0.038353, 0.025983, -0.161098, 0.023614, -0.017819, -0.125106, 0.009879, 0.063487, 0.205495, -0.065655, -0.175396, -0.226948, 0.138366, -0.000231, -0.005148, 0.179305, -0.260803, 0.005497, 0.03128, 0.127786, -0.038, -0.082116, -0.009984, -0.128803, 0.156014, 0.002279, -0.0973, -0.088604, 0.037843, 0.32851, -0.038165, -0.09082, 0.058807, -0.041414, -0.005608, 0.1441, 0.231579]
[-0.014379, -0.161134, -0.137865, 0.020486, 0.066439, 0.073144, -0.317291, -0.156332, -0.030997, -0.289441, -0.262098, -0.270906, -0.164999, 0.118536, 0.032563, -0.14202, -0.238611, -0.209549, 0.112284, -0.050887, 0.269626, -0.144676, -0.374829, 0.095837, 0.291401, -0.062867, 0.034695, 0.218077, -0.037512, -0.014067, -0.246447, 0.203713, 0.249467, -0.565097, 0.09008, -0.009901, -0.011226, -0.261243, 0.200863, -0.206844, -0.001051, -0.207413, 0.296439, 0.026632, 0.117265, -0.065797, -0.320468, -0.459044, -0.039156, -0.039769, -0.074462, 0.468979, 0.102801, -0.262667, -0.184603, -0.24237, 0.273252, 0.223077, -0.327448, -0.110696, -0.055103, -0.109771, 0.179155, -0.145997, -0.106491, -0.00576, -0.177993, -0.013451, 0.006435, 0.112206, 0.05942, 0.493512, -0.05685, -0.067428, -0.025667, -0.012139, -0.143121, -0.002741, -0.138499, -0.1796, -0.005478, -0.299005, -0.106275, -0.119398, -0.417325, 0.137377, 0.155395, -0.538053, -0.245203, 0.096797]
[-0.177759, -0.136603, -0.208671, 0.226272, 0.143314, 0.258685, -0.212593, -0.208438, 0.172646, -0.471641, -0.24572, 0.110297, -0.179156, 0.110887, -0.10908, -0.234853, 0.19296, -0.018986, -0.199448, -0.027528, 0.05434, -0.131414, -0.075701, 0.410312, -0.112667, -0.1622, 0.097379, 0.384468, -0.025366, -0.361757, -0.138475, 0.190444, 0.348933, -0.544232, 0.178657, -0.046191, 0.322459, -0.114769, 0.003231, -0.229781, 0.327825, -0.207612, -0.073492, -0.116413, -0.275928, 0.021693, -0.108831, 0.183309, -0.298571, 0.205264, -0.145815, -0.311938, -0.165859, -0.027459, -0.285402, -0.084415, 0.208943, 0.123242, -0.167386, -0.334908, 0.199866, 0.045777, 0.32285, 0.100756, -0.052514, 0.175164, -0.022926, 0.089756, 0.032309, 0.410582, 0.278255, 0.567789, -0.015183, -0.293805, -0.054016, 0.124593, 0.356556, 0.314407, -0.276344, -0.124464, 0.002617, -0.087273, 0.066079, 0.142233, 0.015088, 0.323899, -0.02809, -0.314224, -0.081058, -0.155371]
[-0.240225, 0.049295, 0.470601, 0.389308, -0.106786, -0.279269, -0.042966, -0.659367, -0.056805, -0.156305, -0.001698, 0.203753, -0.839869, 0.602273, 0.071021, 0.196366, 0.402506, 0.206945, -0.628016, -0.030189, -0.034289, -0.209978, 0.137594, 0.233403, -0.047665, 0.298192, -0.033814, 0.210014, 0.230391, -0.143133, -0.636416, 0.837148, 0.212345, -0.307542, -0.208294, 0.121824, 0.287231, 0.231368, -0.039058, 0.065597, 0.293597, 0.05033, 0.227914, 0.26681, -0.268572, -0.307268, -0.068412, 0.314537, -0.121837, 1.064983, 0.081432, -0.335583, 0.211696, -0.253455, -0.676781, -0.668797, 0.736134, 0.164969, 0.038504, -0.084333, 0.601343, 0.275993, 0.113971, -0.215802, -0.054304, 0.543073, -0.235595, 0.423272, -0.237985, 0.361082, 0.403439, -0.093969, 0.24531, -0.418889, -0.185479, 0.370646, 0.514193, 0.604024, 0.249862, -0.065411, -0.141686, -0.394712, 0.326876, 0.417062, -0.108939, 0.593713, -0.209821, 0.043362, -0.38082, -0.191502]
[-0.137014, -0.156377, 0.330266, 0.409533, -0.039031, -0.075168, -0.366573, -0.727829, 0.161282, -0.36344, 0.893073, -0.155598, -0.288615, 0.043549, -0.080236, 0.284382, -0.010166, 0.575439, -0.416654, 0.081301, -0.176945, 0.357726, 0.38798, 0.590002, 0.076181, 0.633698, -0.007511, 0.015733, 0.840282, -0.048512, -0.774074, -0.02915, 0.357135, -0.094665, -0.695151, -0.090863, 0.290937, 0.277875, -0.051232, 0.257309, -0.355392, -0.160175, 0.205643, 0.035569, 0.123518, -0.277091, -0.226878, 0.052211, -0.225845, -0.187402, -0.342611, 0.306168, 0.341496, -0.193482, -0.540088, 0.204142, 0.461858, -0.354265, 0.140103, 0.30981, -0.45678, -0.31004, 0.022766, -0.097535, 0.184061, 0.018685, -0.256166, -0.277119, -0.210637, 0.212478, 0.172778, -0.189928, 0.138489, 0.122504, -0.033468, -0.255729, -0.05678, -0.070332, -0.029092, -0.247154, -0.137796, -0.161265, -0.30267, -0.058624, 0.039004, 0.083161, -0.851224, 0.045787, -0.357709, 0.119362]
[-0.380186, -0.191916, 1.20895, 0.427971, -0.006088, 0.033016, -0.221237, 0.156171, 0.311666, 0.39744, 0.116425, -0.253696, 0.482455, -0.298032, 0.315977, 0.574154, -0.714636, 0.468503, -0.473671, 0.333665, 0.151209, 0.257979, 0.333929, 0.645231, -0.435131, 0.597751, 0.298589, -0.311459, -0.459426, -0.226537, -0.870734, -0.151095, 0.283915, 0.072657, -0.6138, -0.332501, 0.695813, 0.320012, 0.668041, 0.191403, -0.960456, -0.49803, 0.167829, -0.185402, 0.715395, -0.827389, -0.232494, 0.385194, -0.370622, 0.155354, 0.088496, 0.846956, 0.372949, 0.527647, 0.848315, -0.417906, 0.091332, -0.733162, 0.370234, 0.356485, -0.460225, -0.451051, 0.292494, 0.204473, -0.810058, 0.153805, -0.437213, -0.485684, -0.105318, 0.38235, 0.131892, 0.436312, -0.338565, 0.50507, 0.104425, -0.339983, -0.190795, 0.260272, 0.196818, 0.152864, 0.242784, 0.608685, 0.344399, 0.223, 0.490042, 0.754287, -0.196031, 0.169991, 0.55944, 0.387951]
[-0.222688, -0.011898, 0.194064, 0.020758, -0.297527, 0.337494, -0.635975, -0.012362, 0.223377, 0.537629, 0.592693, 0.019388, -0.222464, 0.667088, -0.138369, 0.670264, -0.420524, 0.516093, 0.158434, 0.443563, 0.910484, 0.250731, 0.485281, 0.273334, -0.362648, 0.110494, -0.307337, -0.347475, 0.321235, 0.123814, -0.210331, 0.157949, 0.539708, -0.06848, -0.346909, -0.068109, -0.192863, -0.526752, -0.040717, -0.152477, -1.018203, -0.568943, 0.447409, 0.230573, -0.295046, 0.504502, 0.129399, -0.187822, -0.012933, -0.581981, 0.590687, 0.515273, 0.561759, 0.270759, -0.259654, 0.751217, 0.284873, -0.400393, 0.436831, 0.064764, -0.525159, -0.277335, -0.268553, -0.069893, 0.049584, -0.258365, -0.22822, -0.449344, -0.219995, -0.144878, -0.239105, -0.010205, 0.039017, 0.222756, 0.851835, -0.463991, 0.167645, -0.457227, 0.476285, -0.301384, 0.228171, -0.306375, 0.069941, 0.061913, -0.010134, -0.047927, -0.715764, 0.352457, 0.032898, 0.189261]
[-0.001685, 0.106639, -0.029904, 0.030106, -0.382716, 0.227835, -0.47402, 0.300587, -0.413581, 0.018339, 0.564998, 0.106348, -0.20913, 0.326726, -0.436584, 0.533083, -0.102687, -0.122943, -0.127304, 0.037257, -0.141954, 0.400335, 0.021315, 0.307327, -0.436547, -0.47028, 0.2493, -0.200445, 0.488531, 0.295055, 0.361501, 0.003758, 0.184537, -0.029525, -0.004032, 0.297737, -1.007579, -0.944765, -0.205385, 0.151658, -1.111923, -0.445617, 0.107212, 0.214167, -0.233848, 0.692451, 0.005755, 0.041925, -0.013549, -0.661863, 0.80249, -0.170937, 0.171903, -0.204077, -0.268214, 0.746925, -0.029255, -0.285898, 0.088225, 0.172361, -0.151051, -0.04726, -0.097572, -0.127471, -0.369515, -0.217325, 0.130566, 0.015866, -0.362337, -0.162964, -0.483914, -0.021389, -0.324137, -0.169609, 0.521088, -0.128502, -0.056983, -0.659411, -0.20192, -0.122499, -0.459568, -0.648612, -0.160003, -0.347837, 0.118679, -0.776289, -0.138736, 0.360522, 0.085987, -0.083886]
[0.197586, -0.20387, 0.059718, 0.160554, 0.042957, -0.531219, -0.190565, 0.407621, -0.257161, -0.178552, 0.184107, 0.393963, -0.506839, 0.092278, 0.156466, -0.432537, -0.413425, -0.927842, -0.172782, -0.564709, -0.283832, 0.144612, -0.274676, 0.253424, -0.549747, -0.159094, -0.078061, -0.037618, -0.074894, 0.185366, -0.169121, 0.291147, -0.485386, -0.193035, 0.477205, 0.026503, 0.040911, 0.277734, -0.284935, -0.211283, 0.088749, -0.208385, 0.075667, -0.526416, -0.266349, 0.571251, 0.024276, 0.190859, -0.249001, 0.587402, 0.967175, -0.608522, -0.133464, -0.272184, 0.203826, 0.457316, -0.545071, 0.192289, 0.081508, -0.077207, 0.181052, 0.070624, 0.007073, -0.020002, -0.174919, 0.249537, 0.274633, -0.046401, -0.170324, 0.091517, -0.37045, -0.447298, -0.359333, 0.36102, -0.059931, -0.303328, 0.040496, -0.023476, 0.084287, -0.085355, -0.617529, 0.365478, -0.664221, 0.326564, 0.436027, -0.17623, 0.220561, 0.446071, -0.180573, -0.266061]
[0.003875, 0.063508, 0.146619, -0.122999, -0.101706, -0.40414, 0.136829, 0.511444, -0.30964, 0.067406, 0.05773, 0.101942, -0.137821, -0.208891, 0.359003, -0.143382, -0.297915, -0.472226, -0.250914, -0.406208, -0.232813, 0.043355, -0.543676, 0.04737, -0.043146, -0.000101, -0.105256, -0.198617, -0.258387, 0.599922, -0.274824, 0.076576, -0.376858, -0.126249, 0.303185, -0.294998, 0.257346, -0.237402, -0.315718, -0.339142, 0.240192, -0.166792, 0.260641, -0.471379, -0.158679, 0.22442, -0.170405, 0.167134, 0.06903, 0.305742, 0.233162, -0.314222, 0.128305, -0.08752, 0.375184, 0.111126, -0.330712, -0.043229, -0.137236, 0.040321, -0.273902, -0.038294, -0.014507, -0.311659, -0.249531, -0.024152, 0.185105, -0.175599, 0.03037, -0.135508, -0.239706, -0.435853, 0.112933, -0.125832, 0.151166, -0.165431, 0.133539, -0.025221, 0.0236, -0.251658, -0.356055, -0.138453, -0.319143, 0.262702, 0.500098, -0.10506, 0.036223, 0.339299, 0.142435, -0.346561]
[0.105155, 0.05947, -0.140977, -0.087402, -0.047154, -0.207581, -0.069166, 0.048228, 0.158547, 0.000211, 0.026772, -0.077116, 0.026778, -0.197693, -0.139598, -0.107232, -0.070351, -0.10799, 0.027807, 0.004987, -0.165827, 0.193226, -0.232848, 0.205292, 0.102994, 0.143948, 0.061765, -0.004533, 0.047929, 0.37128, -0.080541, -0.086313, 0.196539, -0.077012, 0.094611, -0.23189, -0.0178, -0.046754, 0.100437, -0.233005, -0.079665, -0.007235, 0.075406, -0.129199, -0.100734, -0.020932, -0.086987, 0.043316, -0.012804, 0.018086, 0.163468, 0.152458, -0.067087, 0.127995, -0.054646, -0.020667, -0.226452, -0.148742, -0.15581, 0.137465, -0.240716, -0.102653, -0.055848, -0.115468, -0.214343, -0.117807, -0.10964, -0.178338, 0.189453, 0.021932, 0.081241, 0.090197, -0.038891, -0.073092, -0.136049, -0.210322, 0.018925, 0.095707, 0.071, -0.002877, -0.02105, -0.101244, -0.233733, 0.133209, 0.304553, -0.111031, -0.03206, -0.051592, -0.14161, -0.130443]
[-0.09506, -0.05841, -0.053922, -0.175813, -0.048604, 0.070432, 0.131832, -0.174574, 0.020369, 0.133102, -0.059112, -0.08811, 0.045571, -0.079034, -0.184685, 0.110172, -0.013358, 0.193254, 0.06939, 0.1059, 0.140024, 0.086794, -0.028951, -0.02779, -0.057204, -0.203277, -0.165636, -0.104362, -0.163373, -0.1024, 0.127005, -0.135817, -0.002941, -0.00042, 0.00288, -0.003026, -0.1708, -0.123988, -0.009462, -0.129979, -0.006777, 0.089074, -0.017438, 0.306333, 0.004559, -0.11667, -0.015004, 0.103926, -0.091288, 0.16679, -0.135415, 0.031759, 0.038846, 0.131116, -0.117571, -0.058176, 0.081859, -0.0511, -0.114227, -0.115406, -0.115563, -0.049894, -0.068691, -0.100344, 0.082076, -0.05833, 0.044942, 0.101575, -0.045216, 0.007128, 0.031019, 0.003823, 0.133023, -0.253113, 0.015212, -0.183829, 0.083504, 0.035135, -0.151635, 0.05182, 0.135357, 0.124604, 0.19549, -0.008406, -0.175428, 0.001, 0.013015, -0.111017, -0.147295, 0.131792]
[-0.108682, 0.030945, -0.030121, -0.016917, -0.18604, -0.00855, -0.009965, -0.008942, 0.156559, 0.273468, -0.078062, -0.059091, 0.131443, -0.034554, -0.101385, 0.181556, 0.13949, 0.077127, -0.140465, 0.12694, 0.015972, 0.192142, -0.049182, 0.092085, -0.153453, -0.207272, 0.136227, 0.161431, 0.148428, -0.185139, 0.01993, -0.148784, 0.041184, 0.18333, -0.111375, 0.303197, -0.155194, 0.057241, -0.063188, -0.035642, 0.075653, 0.081304, -0.012452, 0.239583, 0.123687, -0.305951, -0.058144, -0.227106, 0.125293, 0.021063, -0.142383, -0.094506, -0.059184, 0.235359, -0.175013, -0.189975, 0.013019, -0.230912, 0.080036, 0.055232, 0.284691, 0.126267, 0.038766, -0.016122, -0.000604, 0.108547, 0.031607, 0.176379, 0.114435, -0.218023, 0.146002, -0.220869, -0.100502, 0.057052, 0.200466, 0.023282, 0.014909, -0.14241, 0.247943, -0.158209, 0.100648, 0.085798, 0.265273, -0.209274, -0.229019, 0.045872, -0.081948, -0.079008, 0.050622, 0.158582]
[0.082901, 0.129405, -0.289974, 0.153248, 0.128939, -0.141166, -0.269881, 0.120055, -0.014056, -0.005347, -0.212421, -0.124159, -0.052396, 0.026972, -0.049438, 0.151093, -0.307201, -0.254292, 0.239099, 0.056924, 0.23517, -0.20043, -0.142254, 0.073783, 0.217382, -0.037361, 0.272141, 0.524802, 0.025521, -0.272545, 0.101704, 0.109878, 0.398584, -0.653361, 0.159228, 0.235366, -0.052434, -0.144058, 0.192468, 0.018191, -0.01037, -0.272743, 0.531933, -0.100487, 0.034583, -0.442805, -0.475438, -0.671037, -0.099078, -0.133199, 0.057635, 0.497414, -0.133239, 0.037402, -0.035583, -0.184187, -0.080388, 0.201504, -0.405643, -0.01003, -0.009601, 0.000633, 0.35273, -0.341753, -0.264767, -0.094369, 0.089211, 0.135918, 0.192718, -0.164519, -0.084654, 0.173069, 0.050253, -0.040738, 0.037007, -0.220864, -0.055572, -0.116621, 0.080215, -0.19219, -0.003112, -0.337325, -0.069536, -0.143086, -0.018459, -0.112705, -0.015186, -0.371305, -0.042037, 0.288257]
[-0.035733, -0.047077, -0.179641, 0.142399, 0.306043, 0.011406, -0.390254, 0.279216, -0.132428, -0.00921, -0.327211, 0.132263, -0.160982, 0.089859, -0.139098, 0.049095, -0.070368, -0.465512, -0.132357, -0.204797, -0.090017, -0.112684, -0.280071, 0.030258, -0.22942, -0.33593, 0.094228, 0.717638, -0.213387, 0.063877, -0.186064, 0.197864, 0.415975, -0.936319, 0.058837, -0.120821, 0.53177, -0.441724, 0.549735, -0.167235, 0.272738, -0.479675, -0.00029, 0.035079, 0.019475, -0.330301, -0.504701, -0.284369, 0.016188, 0.43537, 0.111507, 0.062445, 0.275137, 0.015659, -0.162655, -0.434086, 0.003668, 0.032657, -0.273505, 0.13309, 0.457489, 0.387651, 0.721465, 0.110626, -0.441993, 0.155745, -0.128848, 0.276676, -0.007932, -0.184413, 0.25203, 0.785011, 0.039477, -0.247485, 0.048525, 0.164207, 0.162727, 0.255916, 0.156622, 0.229148, -0.495671, -0.195172, -0.294074, 0.132759, -0.157048, 0.562247, -0.104213, -0.423427, 0.005072, 0.198599]
[-0.13745, -0.127323, 0.099641, 0.147621, 0.258501, 0.104507, -0.753831, -0.362784, 0.132116, -0.316372, 0.084075, 0.100952, -0.565614, 0.360873, 0.009679, 0.107656, 0.311465, 0.261953, -0.196693, 0.200904, -0.096531, 0.216463, 0.152771, -0.073246, -0.05308, -0.048328, -0.017937, 0.505818, 0.415703, 0.003885, 0.305269, 0.394305, -0.073407, -0.086402, 0.070913, 0.065813, -0.052225, 0.062409, -0.027694, 0.115871, 0.05654, 0.242558, 0.090716, 0.159313, -0.483086, 0.52606, -0.139967, -0.00636, -0.220408, 0.639903, 0.298438, -0.595624, -0.065992, 0.130169, -0.45966, -0.119262, 0.289327, 0.12329, -0.009039, 0.175692, 0.598075, 0.457952, 0.222811, 0.439169, -0.066747, -0.059351, 0.015685, 0.615375, -0.22195, -0.434339, 0.444774, -0.001072, -0.36827, -0.264605, 0.075697, 0.203191, -0.023885, -0.112651, 0.238209, 0.477547, -0.495809, 0.039621, -0.247645, -0.3268, -0.489178, 0.578431, -0.040087, 0.184473, -0.021747, 0.148729]
[0.361866, -0.295416, 0.338097, 0.041471, -0.09423, -0.478059, -1.032029, -0.608329, 0.059768, -0.18394, 0.811113, -0.273793, -0.163231, 0.062636, 0.144966, 0.493106, 0.000805, 0.49909, 0.064405, 0.079586, -0.690071, 0.495141, 0.540513, 0.32667, 0.106286, 0.205225, 0.396383, 0.309796, 0.509286, -0.068016, -0.409119, 0.247391, -0.012619, -0.227988, -0.640831, 0.060187, 0.057553, -0.34209, 0.049818, 0.68575, -0.48957, 0.020704, 0.004817, -0.162114, -0.087997, 0.293712, -0.240346, 0.320064, 0.094233, -0.237313, 0.297758, 0.155161, -0.040539, -0.108655, -0.449741, 0.230944, 0.018891, -0.562536, 0.071629, 0.552371, -0.139804, -0.489831, 0.058671, 0.12688, 0.064112, 0.098357, 0.086902, 0.425631, -0.369099, 0.496822, -0.345585, -0.070747, -0.17853, 0.319323, 0.135582, 0.136886, -0.016323, -0.269246, 0.063331, -0.009962, -0.077747, -0.395955, -0.491827, -0.201958, 0.225262, -0.124361, -0.36815, -0.008198, -0.090876, 0.184033]
[-0.084307, 0.29921, 0.460287, 0.37125, -0.21273, -0.541302, 0.081384, 0.017178, -0.399512, 0.485826, 0.108516, -0.209876, 0.204059, -0.06031, -0.170905, 0.500037, -0.48212, -0.084595, -0.459228, 0.026439, 0.513906, 0.15699, 0.034711, 0.491993, 0.079705, 0.008123, -0.132593, -0.206919, -0.110505, -0.152197, -0.987674, -0.098466, 0.064686, 0.150387, -0.123884, 0.023172, 0.123443, 0.558656, 0.706248, 0.37915, -0.566542, 0.084462, 0.614697, -0.236814, 0.104649, -0.473659, 0.048201, 0.03367, -0.121581, -0.231102, -0.239202, 0.926842, 0.422276, -0.147531, -0.055341, 0.0458, -0.126673, -0.318409, 0.35391, 0.369154, -0.342153, -0.090819, -0.090885, 0.169278, -0.601751, -0.388383, -0.292022, -0.575047, -0.411387, 0.277053, -0.521718, 0.072062, 0.403648, 0.525971, 0.032866, -0.161422, -0.448267, -0.105503, -0.097855, -0.457578, -0.151935, 0.472444, -0.226379, 0.120829, -0.286676, -0.216629, -0.201782, 0.329243, -0.262052, 0.336573]
[0.190309, -0.082918, 0.058567, -0.139682, 0.019735, 0.028997, -0.155689, 0.168864, -0.325523, 0.138094, 0.505839, 0.007294, -0.159143, 0.377949, 0.41754, 0.849486, -0.140228, 0.012851, 0.222243, 0.487739, 0.3212, 0.136579, 0.165676, -0.295729, -0.438848, 0.047986, -0.231083, -0.597669, -0.162481, -0.06152, 0.259948, 0.140518, 0.067389, -0.376958, 0.034968, 0.024199, -0.080768, -0.318005, -0.023135, -0.01009, -0.859278, -0.313022, -0.21657, 0.060701, 0.044093, 0.428263, 0.07558, 0.004197, -0.089737, -0.548869, -0.072381, 0.274973, 0.357841, -0.197403, 0.159878, -0.112024, 0.060351, -0.039354, 0.107464, 0.045213, -0.066397, -0.384015, -0.30081, -0.161556, 0.104102, 0.035452, -0.446779, -0.644945, -0.232997, 0.083773, -0.752108, -0.161478, -0.019233, 0.253121, 0.709446, 0.203009, 0.117659, -0.227419, 0.179519, -0.426225, 0.00102, -0.019878, -0.03538, 0.312984, 0.053822, -0.392558, -0.947564, 0.088761, 0.095953, 0.214729]
[-0.451557, -0.562409, 0.32783, 0.027448, -0.380588, 0.541294, -0.671874, 0.095569, 0.406423, 0.266404, 0.286554, 0.089518, -0.194029, 0.137609, 0.107319, 0.325165, 0.066718, 0.253267, 0.345219, 0.107472, -0.494368, 0.484425, 0.333975, 0.290266, -0.534018, -0.149049, -0.211329, -0.111203, -0.108535, -0.104157, 0.386717, 0.231552, 0.089341, -0.221582, 0.089275, 0.185065, -0.769521, -0.413068, -0.024477, -0.120036, -0.400551, -0.684461, -0.041081, 0.490547, -0.125608, 0.961701, 0.386184, -0.293953, -0.173721, -0.36428, 0.274891, -0.200154, 0.076933, 0.212803, -0.02942, 0.131776, 0.496173, 0.083304, 0.345811, -0.095106, 0.873211, -0.190483, 0.307367, -0.171446, -0.195935, 0.311737, -0.148024, 0.046408, 0.004055, -0.363573, 0.419734, 0.245235, -0.985214, 0.247679, 0.473953, 0.544733, 0.114131, -0.227561, 0.483817, -0.069087, -0.006162, -0.083415, 0.089196, 0.40909, 0.032187, -0.260479, -0.625045, -0.209402, 0.552841, -0.156189]
[-0.510447, -0.358028, 0.081264, 0.133432, 0.210148, -0.015822, 0.301726, 0.650696, 0.46028, 0.424542, -0.157427, 0.005267, -0.015698, 0.1229, 0.027667, 0.095668, 0.004097, 0.138134, -0.232616, -0.489952, -0.289303, 0.379617, -0.43004, -0.352557, -0.413302, 0.245431, -0.113875, -0.143305, -0.084691, -0.26938, 0.085057, -0.047574, 0.075559, -0.171302, 0.370312, -0.128058, 0.022667, 0.047837, -0.170063, -1.004116, -0.225327, -0.319302, 0.088834, 0.115314, -0.425085, 0.136285, -0.214419, -0.527748, 0.138497, -0.207301, 0.070389, 0.28004, 0.115881, 0.002278, 0.339433, 0.168406, -0.103164, -0.235498, -0.088548, -0.274594, 0.550626, 0.090412, 0.20831, -0.210492, 0.027998, 0.031981, -0.156573, -0.121329, 0.047528, -0.363926, 0.388718, -0.572171, -0.329646, -0.102392, 0.255956, 0.044484, 0.277169, -0.063875, 0.217518, -0.056412, -0.05832, 0.179668, 0.122279, 0.589185, 0.404854, 0.332363, -0.365369, -0.319177, 0.310725, -0.524066]
[-0.237709, 0.150015, 0.105561, 0.017969, 0.208229, -0.163985, 0.15027, 0.768556, 0.243105, 0.402866, -0.31588, -0.154832, -0.226175, -0.059864, 0.228785, -0.145084, -0.314099, 0.077129, -0.256014, -0.365166, 0.01483, 0.047106, -0.828313, -0.27183, 0.049786, 0.146524, -0.04752, 0.28258, -0.266134, 0.159535, 0.006375, -0.137637, -0.050146, -0.458133, 0.166004, -0.303655, 0.087545, -0.269092, -0.175367, -0.757555, -0.045477, -0.208129, 0.343327, -0.42461, -0.173135, 0.093303, 0.102016, -0.557, -0.077904, -0.195196, 0.196906, -0.009163, 0.086678, -0.177162, 0.466721, -0.28755, -0.258892, -0.001928, -0.125189, -0.016867, 0.066092, -0.1694, 0.344713, -0.123311, -0.189068, 0.094291, 0.01878, 0.092535, 0.008435, 0.063534, 0.191943, 0.067895, -0.154563, -0.126647, 0.125697, -0.316899, 0.306572, 0.237647, -0.15784, 0.025134, -0.177278, -0.028067, -0.120364, 0.263872, 0.203451, 0.119162, 0.083422, -0.107188, 0.283547, -0.168307]
[0.116141, -0.120316, 0.096151, 0.077176, -0.09749, -0.197407, 0.122409, -0.04529, 0.026407, 0.129286, 0.110211, -0.029477, 0.064262, -0.11742, -0.09755, 9.8e-05, -0.015229, 0.178623, -0.001506, -0.08303, -0.11714, 0.145819, -0.355174, -0.060866, 0.085743, -0.054654, 0.028387, 0.083335, -0.026886, 0.009107, 0.080764, -0.087494, -0.114837, -0.06722, -0.082926, -0.114253, -0.233175, 0.034363, -0.027997, -0.041736, -0.047278, -0.182361, 0.133805, -0.23293, -0.004412, -0.106516, -0.00051, -0.056964, 0.095392, 0.12711, 0.21644, 0.039817, -0.122847, -0.136921, -0.139296, 0.0904, -0.209905, -0.176582, 0.082089, 0.204769, -0.210871, 0.025145, 0.069303, -0.196536, -0.238879, -0.206613, 0.139662, -0.000845, -0.100835, -0.219949, -0.076663, -0.201256, 0.124389, -0.165595, -0.201585, -0.26177, 0.166619, -0.185267, -0.277031, 0.015906, -0.163672, -0.150141, -0.10211, -0.010038, 0.091569, -0.112126, 0.107002, 0.12467, 0.050694, -0.140378]
[-0.042431, -0.020016, -0.132002, 0.021167, -0.06297, 0.147815, 0.086318, -0.084718, -0.075518, 0.04518, 0.128434, -0.102151, 0.037201, -0.069176, -0.297012, 0.075116, 0.215014, 0.128283, -0.170934, -0.05981, 0.182691, -0.141319, 0.22104, -0.05771, 0.055171, -0.11782, -0.086938, -0.069338, -0.133801, -0.100436, -0.103704, 0.068241, -0.109077, 0.246762, -0.281677, 0.095041, -0.075946, -0.006819, -0.055736, 0.090683, -0.136889, 0.13995, -0.236106, 0.219599, -0.09417, -0.020441, 0.133396, 1.2e-05, 0.070488, 0.181054, 0.031047, -0.10138, -0.119734, 0.124058, -0.304726, -0.14712, 0.116848, -0.070709, 0.011607, 0.041368, 0.027846, 0.073091, -0.034308, -0.061134, 0.197235, 0.170539, -0.070583, -0.014136, -0.073899, -0.084114, 0.09598, -0.015123, 0.102428, -0.29029, -0.062741, -0.158906, 0.114245, -0.044958, -0.163216, -0.009503, -0.009611, -0.176903, 0.111697, -0.106017, -0.185144, 0.072007, -0.103996, -0.105809, -0.126009, 0.13957]
[-0.091411, -0.141742, 0.02209, 0.108513, -0.175008, 0.024111, 0.248035, -0.008532, -0.189087, 0.006196, -0.152567, -0.176915, 0.078234, -0.153883, -0.008902, -0.181905, 0.064234, 0.060339, 0.103058, -0.020944, -0.006091, -0.171681, 0.123642, -0.056681, -0.143918, -0.108317, 0.018042, -0.07249, 0.082448, -0.079933, 0.155568, -0.163073, -0.093669, -0.107117, -0.168102, -0.127851, 0.02621, -0.010876, 0.127859, -0.108772, 0.117143, 0.051431, 0.03594, 0.002148, -0.213049, 0.045216, -0.033558, -0.003847, 0.127935, -0.155313, -0.230015, -0.109505, -0.195234, 0.200573, -0.114182, 0.016891, 0.123074, -0.169174, -0.123026, -0.102411, -0.061832, -0.110231, -0.127819, -0.243563, -0.192253, 0.083698, 0.001732, 0.087897, -0.040085, -0.171294, -0.131717, 0.113594, 0.093261, -0.012183, -0.165515, -0.020876, -0.117954, -0.014834, -0.087312, 0.121187, 0.228325, -0.098191, 0.049519, 0.062797, 0.112069, 0.001641, 0.223815, -0.082529, -0.134639, 0.028063]
[0.028021, -0.072366, -0.258866, 0.283956, 0.053078, 0.201028, -0.425271, 0.046551, -0.092628, -0.098534, -0.264191, -0.097303, -0.221546, 0.407059, -0.128419, -0.103502, -0.359219, 0.066962, 0.030968, 0.052031, 0.259498, -0.159639, -0.312245, 0.201768, 0.213769, 0.073938, 0.168567, 0.642605, 0.065995, -0.123825, 0.195322, -0.025327, 0.266382, -0.608598, 0.342501, 0.398331, -0.073072, -0.356095, 0.161689, -0.098029, 0.147699, -0.293503, 0.389996, 0.141175, -0.027078, -0.209401, -0.298198, -0.269176, -0.064296, 0.006066, -0.115058, 0.318013, 0.012813, -0.105231, -0.052652, 0.048672, -0.040725, 0.215301, -0.279057, 0.004618, -0.088931, 0.445127, 0.306466, -0.26878, 0.066885, -0.171245, 0.126751, 0.086675, 0.060949, -0.139644, 0.074235, 0.314012, 0.082892, -0.217707, 0.140928, -0.160988, -0.102124, -0.360358, 0.178644, 0.012823, 0.187639, -0.198323, -0.161052, -0.09596, -0.365473, 0.150155, -0.06618, -0.344871, -0.264744, -0.08936]
[0.01324, -0.027986, -0.024209, 0.434899, 0.198441, 0.33903, -0.075703, 0.135848, 0.201443, -0.165775, -0.175468, 0.034416, 0.184646, 0.109694, -0.264019, -0.034593, -0.31451, -0.152722, -0.261212, -0.09598, -0.052235, 0.059532, -0.114508, 0.014652, -0.185702, -0.091004, -0.162157, 0.311648, -0.130353, 0.094553, 0.080637, -0.043993, 0.091063, -0.29833, 0.053938, -0.028405, -0.157839, -0.193542, 0.045544, -0.115797, -0.092536, -0.162582, -0.154926, 0.127748, -0.052565, -0.021151, 0.058363, -0.494435, 0.157565, -0.01711, 0.073513, 0.262405, 0.169696, 0.138217, -0.181107, 0.006122, 0.087404, 0.027768, 0.142495, -0.133395, 0.168157, 0.420456, 0.035312, 0.162969, -0.095588, 0.010744, -0.089295, 0.176135, 0.127686, -0.156276, 0.362559, 0.296925, 0.115381, -0.382385, 0.199652, 0.230217, -0.211943, -0.147963, 0.196869, 0.081009, -0.262509, 0.05969, 0.18819, -0.128033, -0.026526, 0.308611, -0.119279, -0.188607, 0.299922, 0.08834]
[-0.314286, -0.718389, -0.398898, 0.250482, 0.300206, 0.351975, -0.514044, 0.159486, 0.197015, -0.174659, -0.258369, -0.186644, -0.46066, -0.086349, 0.348144, -0.084537, 0.1942, -0.116924, 0.159652, 0.209179, -0.170558, 0.182504, 0.135323, -0.47052, -0.045012, -0.336372, -0.048928, 0.438766, -0.050901, 0.391473, 0.323273, -0.186477, -0.150001, 0.194272, 0.173125, -0.300825, -0.392398, -0.695034, -0.076491, -0.095032, -0.561768, 0.056126, -0.044549, 0.064731, -0.091339, 0.877551, 0.108935, -0.199834, -0.143761, 0.252227, 0.30754, -0.526263, -0.177569, 0.103227, -0.26457, 0.368304, -0.106109, 0.108931, -0.083726, 0.057891, 0.243616, 0.418729, 0.217215, 0.590025, -0.050384, -0.43713, 0.202751, 0.279379, -0.152622, -0.611063, 0.052757, 0.668152, -0.028073, -0.306267, -0.102298, 0.278422, -0.429479, -0.304682, -0.125767, 0.534816, -0.040611, 0.142878, -0.408197, -0.32443, -0.438364, 0.136096, 0.07103, 0.281523, 0.094987, 0.058471]
[0.029334, -0.475627, -0.548492, -0.050329, 0.550649, -0.515477, -0.757414, 0.497178, 0.34899, -0.279239, 0.191283, -0.169277, -0.016988, -0.085571, -0.032912, -0.059704, 0.046376, 0.010083, 0.3926, 0.020676, -0.353585, 0.425987, 0.176374, -0.014148, 0.119197, -0.078438, -0.307532, 0.469076, 0.586262, 0.07357, 0.191169, -0.371553, 0.081116, -0.070837, 0.222518, -0.117454, -0.189978, -0.267903, -0.214216, 0.098145, -0.276829, 0.428447, -0.217654, 0.120968, -0.111358, 0.259872, 0.044073, -0.093406, -0.052546, -0.358855, 0.609961, -0.099605, -0.333848, 0.278582, -0.300992, 0.645422, -0.352502, 0.066439, -0.279984, 0.500816, 0.087003, -0.057237, 0.296887, 0.558335, 0.370163, -0.163127, 0.059527, 0.461234, -0.20038, 0.073198, -0.48327, 0.360673, -0.176329, -0.115446, 0.103752, -0.275188, -0.289086, -0.560412, -0.268169, 0.222224, 0.391005, 0.171862, -0.631655, -0.52449, -0.126502, -0.037939, 0.22164, -0.181091, -0.430622, 0.11091]
[0.355201, 0.261389, -0.278906, 0.283536, 0.24303, -0.098461, -0.200818, 0.060061, -0.595494, 0.157411, -0.43696, -0.252173, -0.095072, -0.182593, -0.014154, 0.418495, -0.229967, 0.633521, -0.449744, 0.145868, 0.141618, -0.242191, -0.03478, 0.271992, 0.422179, 0.281821, -0.021721, 0.450307, 0.50861, -0.492668, -0.089428, -0.416065, 0.075486, 0.093933, -0.213646, -0.172268, -0.133925, 0.482922, 0.512766, 0.117793, -0.141466, 0.073706, 0.146634, 0.372406, -0.373653, -0.398105, 0.107149, 0.058516, -0.537034, -0.175351, 0.08196, 0.018598, -0.235645, 0.085644, -0.353357, 0.054347, -0.237081, -0.122366, -0.012272, -0.124913, 0.08703, 0.047075, -0.296184, -0.193688, -0.184689, -0.226212, 0.305857, -0.345649, -0.204139, 0.481187, -0.269997, -0.222323, -0.024178, 0.180875, 0.134832, -0.018379, -0.379692, -0.421035, -0.130278, 0.114299, 0.35334, 0.687915, -0.132993, -0.463787, 0.071615, -0.220216, 0.070408, -0.09817, 0.252519, 0.252785]
[0.294954, -0.293289, -0.144709, -0.193717, -0.144299, 0.236984, 0.319285, 0.329894, -0.834284, -0.544025, 0.038207, -0.004168, -0.096958, -0.295782, 0.595623, 0.269359, 0.229789, 0.07501, 0.925054, 0.547989, -0.592992, -0.528656, -0.227072, -0.617083, 0.086799, 0.628689, -0.152224, -0.943361, 0.066483, -0.114258, 0.742751, -0.265985, 0.199687, -0.398462, 0.231167, -0.107424, -0.114134, -0.227589, 0.00058, -0.120437, 0.111163, -0.056082, -0.253993, -0.241148, 0.538821, 0.331713, -0.012409, -0.068195, -0.064501, -0.142912, -0.481392, -0.742734, 0.273333, -0.126268, -0.108684, -0.414014, 0.854299, 0.510507, -0.304837, -0.409857, 0.551069, -0.032411, -0.322916, -0.013822, 0.031079, 0.137828, -0.60122, -0.368032, -0.267853, 0.106621, -0.002385, 0.282789, -0.523444, 0.41656, -0.03162, 0.566381, -0.069924, -0.146326, -0.366083, -0.136498, 0.23765, 0.001189, 0.548764, 0.27599, 0.145052, -0.232313, -0.817493, -0.344389, 0.266687, 0.31908]
[-0.075319, -0.07181, 0.171661, -0.086379, -0.508973, 0.307063, 0.145188, 0.349009, -0.079944, 0.204272, 0.075616, 0.215011, 0.417772, -0.196873, 0.012044, -0.018841, 0.008569, 0.460396, 0.557677, 0.382208, -1.125075, 0.347793, -0.365834, -0.106439, 0.013562, 0.531529, -0.185141, -0.520008, -0.608044, -0.355441, 0.657101, -0.222753, 0.23845, -0.034725, -0.106288, -0.066397, 0.08568, -0.550139, -0.055473, -0.460655, 0.190006, -0.79534, -0.106634, -0.102416, -0.07487, -0.106302, 0.147679, -0.46155, 0.319547, -0.250993, -0.416185, 0.16309, 0.28144, 0.11673, 0.859547, -0.231168, 0.238025, 0.057104, -0.282651, -0.346673, 0.292504, -0.43132, -0.112665, -0.09702, -0.321522, -0.198315, -0.61979, -0.302583, 0.07028, 0.197457, 0.171849, -0.021093, -0.190691, 0.398636, -0.114412, 0.638456, 0.322989, 0.137792, -0.028719, -0.03763, 0.391063, -0.299864, 0.307413, 0.067286, 0.3279, 0.043676, -0.496855, -0.550611, 0.379755, 0.00165]
[-0.259569, -0.386127, 0.070351, 0.20937, -0.140885, 0.279749, 0.137903, 0.798195, 0.251683, 0.910758, -0.483292, 0.201171, 0.383877, -0.232501, 0.184932, 0.270396, -0.291051, 0.728299, -0.384919, -0.2646, -0.664592, 0.140195, -0.68368, -0.588051, -0.283356, 0.533543, 0.101664, -0.467914, -0.600972, -0.274922, 0.237875, -0.573746, -0.06329, 0.178983, 0.247855, -0.211302, 0.416468, -0.674032, -0.281748, -0.946004, 0.054891, -0.655665, -0.35682, 0.081082, -0.348454, 0.036325, 0.447858, -0.48073, -0.265536, 0.010824, -0.499017, 0.343578, 0.385871, -0.053554, 0.800276, 0.113513, -0.112196, -0.021499, -0.036815, -0.84084, 0.208461, -0.334548, 0.053915, 0.036849, 0.134812, -0.236783, -0.460215, -0.484465, -0.021616, 0.05379, 0.485091, -0.115394, -0.190893, 0.456832, -0.043656, 0.274235, 0.507903, 0.355044, -0.130741, 0.522008, 0.044535, -0.01724, 0.272286, -0.001732, 0.181877, 0.571141, -0.318206, -0.401615, 0.140608, -0.430196]
[-0.055551, -0.014626, 0.19943, 0.027622, -0.266686, -0.122662, 0.368796, 0.222986, -0.029382, 0.432688, -0.218903, 0.184387, 0.270672, -0.184646, 0.138322, -0.103851, -0.306079, 0.14266, -0.083323, -0.009914, -0.279438, 0.057531, -0.600131, -0.063436, 0.14954, 0.133039, 0.567622, -0.491399, -0.343448, 0.229227, 0.058448, -0.307071, -0.040241, 0.067283, 0.053324, -0.223449, 0.059068, -0.173968, -0.209337, -0.391251, 0.243083, -0.311587, 0.123998, -0.309788, 0.06661, 0.007509, -0.178052, -0.317417, -0.0474, -0.214202, 0.068977, 0.142384, 0.246456, -0.021159, 0.604043, -0.329356, -0.375948, -0.186311, 0.013553, -0.220809, -0.079453, -0.283874, 0.326375, -0.430705, -0.519308, -0.021358, 0.003734, -0.297503, 0.053469, -0.135708, 0.30897, -0.001342, -0.19329, 0.207119, -0.155816, -0.014781, 0.473886, 0.236598, -0.026013, -0.044771, -0.060228, -0.219959, 0.148133, -0.019309, 0.653948, 0.036518, -0.073933, -0.450337, 0.11733, -0.033855]
[0.065378, -0.081187, 0.062596, -0.155608, 0.065416, -0.138871, 0.278548, 0.046418, -0.126414, -0.061648, -0.028414, 0.009244, -0.134621, -0.167876, 0.198653, 0.0869, 0.071921, 0.043393, 0.182737, -0.259759, -0.04652, 0.004785, -0.104245, 0.076027, 0.139403, 0.006607, -0.016391, 0.034006, -0.046061, 0.155059, 0.068715, 0.092766, -0.098554, 0.126341, -0.176361, -0.16048, -0.022687, 0.146717, -0.066993, -0.013015, 0.190594, 0.121246, -0.216628, -0.081926, 0.030507, 0.135715, 0.187273, 0.058014, -0.076893, 0.016759, -0.058887, -0.022436, 0.110884, 0.147173, -0.002766, 0.086184, -0.134578, -0.178028, -0.0248, 0.167173, -0.019634, 0.011031, 0.055709, -0.039562, -0.124663, -0.078951, 0.125334, 0.168845, -0.14049, -0.291758, 0.051664, -0.268011, 0.073363, 0.024034, -0.081031, -0.02597, -0.069932, -0.050177, -0.182721, 0.075086, -0.063434, -0.102519, 0.001588, -0.021448, 0.033247, -0.147187, -0.05453, -0.008206, 0.149071, -0.088433]
[-0.036602, -0.166861, 0.009493, 0.028957, 0.004021, 0.073327, 0.161181, -0.036739, -0.030379, -0.070405, 0.025785, -0.190017, 0.123616, -0.180933, -0.126583, -0.00887, -0.019476, -0.036169, 0.076562, 0.072711, 0.107245, -0.107505, 0.089567, -0.050804, -0.031963, 0.067501, -0.010992, -0.198447, -0.115834, 0.167915, -0.070782, 0.086956, 0.197844, 0.162709, -0.09141, -0.103991, -0.031845, 0.174363, 0.015074, 0.096461, 0.127652, -0.014218, 0.082703, 0.302518, -0.043197, 0.151782, 0.01433, 0.007094, 0.063848, 0.090835, -0.055495, -0.060433, 0.102045, 0.262735, -0.331051, -0.059077, 0.204899, 0.016266, 0.096741, -0.026445, -0.056947, 0.018547, -0.141957, -0.104653, -0.088293, 0.080364, 0.006012, -0.026292, 0.040189, -0.109879, 0.100777, -0.04906, -0.110472, -0.170834, -0.05767, 0.052511, 0.067857, 0.116374, -0.059099, -0.027899, 0.002047, -0.161085, 0.044841, 0.036017, -0.056198, -0.125564, 0.141296, 0.087099, -0.110436, -0.077135]
[0.087608, 0.098663, -0.046917, -0.000499, -0.111097, 0.262036, 0.184095, -0.259298, 0.006025, -0.029258, -0.032465, -0.103208, 0.050737, 0.030066, -0.122011, -0.148805, 0.119048, -0.014415, 0.169024, 0.100245, 0.162813, 0.126204, -0.008989, 0.141401, -0.014799, -0.067846, 0.001455, -0.110701, -0.168588, 0.142357, 0.046405, -0.155647, -0.065157, -0.007752, -0.010439, -0.112154, -0.233354, 0.018555, -0.110782, -0.18406, 0.116792, -0.016631, -0.154683, -0.017296, 0.054616, 0.006206, 0.036598, -0.160428, -0.069298, 0.103654, -0.17804, -0.063042, -0.088932, -0.033059, -0.02886, 0.076829, -0.091828, -0.000873, -0.010027, -0.148531, 0.020759, -0.029846, 0.056412, -0.198279, -0.049623, 0.06683, -0.04741, 0.008458, 0.149021, 0.108247, -0.024684, -0.212276, -0.002505, -0.046658, 0.139026, -0.098825, -0.07328, -0.129339, 0.050857, 0.079396, 0.221624, -0.056315, 0.230724, -0.125737, -0.141421, -0.004758, 0.05646, -0.055583, 0.132377, 0.081494]
[0.176761, -0.000266, -0.24676, 0.279445, -0.102602, 0.111143, 0.042342, 0.095098, -0.009945, -0.185957, -0.439484, -0.08756, -0.157928, 0.128672, 0.183888, 0.030414, -0.032488, 0.029511, 0.251876, -0.031907, 0.2265, 0.074383, -0.032782, -0.236397, 0.17164, 0.020341, 0.331078, 0.212731, 0.069608, -0.149438, -0.048223, -0.046228, 0.100108, -0.40855, 0.196972, 0.334457, 0.113393, -0.273072, 0.178858, -0.17809, 0.018298, -0.151394, 0.013643, -0.047432, -0.115107, -0.481507, -0.228616, -0.45791, -0.01243, 0.14596, -0.216167, 0.331834, -0.134433, -0.145994, -0.043073, 0.15944, -0.035189, 0.292022, -0.105085, -0.022882, -0.051461, 0.296311, 0.297857, -0.014004, 0.026148, -0.119617, 0.122952, 0.031842, -0.122956, -0.047345, 0.222454, -0.140465, -0.108348, 0.026398, -0.149436, 0.022108, 0.066972, -0.430677, 0.022619, -0.093806, 0.102744, -0.156792, 0.019138, -0.016847, -0.306751, 0.015966, 0.082267, -0.159743, -0.135032, 0.045318]
[-0.047705, 0.262253, -0.027173, 0.189775, 0.304487, -0.001349, -0.093437, 0.030066, 0.053516, -0.149547, -0.133618, -0.346882, -0.310537, -0.009755, 0.291569, -0.005063, -0.435086, -0.413982, -0.450321, -0.029996, -0.103588, 0.308812, -0.304388, 0.166111, -0.197877, 0.131752, -0.014401, 0.13797, -0.166963, -0.001874, 0.208216, -0.482529, 0.199217, -0.35959, 0.361176, 0.070811, -0.202429, 0.223231, 0.043006, -0.394773, -0.264976, -0.266174, -0.393228, 0.01496, -0.255428, -0.556489, -0.100101, -0.365929, 0.405387, -0.096947, -0.046718, 0.35745, -0.16387, 0.073679, 0.527997, -0.15858, -0.223504, 0.083251, 0.056465, 0.128947, 0.368407, 0.372113, 0.204261, 0.431724, 0.165105, -0.308757, -0.099875, -0.20479, -0.108903, 0.17101, 0.012094, 0.215768, -0.157676, -0.24298, -0.190884, 0.169245, -0.021022, -0.081314, 0.065517, 0.125722, -0.134627, 0.122749, -0.104507, -0.041205, -0.221293, 0.295745, -0.132653, -0.007134, 0.078938, -0.124283]
[0.3464, -0.089421, -0.516547, -0.210764, 0.344288, 0.055922, -0.39015, 0.292962, -0.14849, -0.186274, -0.068483, -0.289593, -0.19169, -0.085199, 0.443022, -0.117894, -0.066793, -0.393024, 0.200004, 0.05135, -0.203366, 0.104836, -0.145833, -0.463287, -0.14013, -0.176526, 0.019383, 0.251596, 0.013414, 0.171825, 0.362716, -0.145329, 0.039308, -0.20454, 0.115416, -0.032358, -0.179074, -0.008205, -0.001149, 0.237301, -0.424978, 0.059437, -0.180397, -0.059191, 0.037442, 0.202663, 0.143347, -0.180272, 0.495591, 0.114423, -0.054569, -0.341491, -0.216408, 0.108828, 0.047672, 0.10907, -0.00302, 0.16616, -0.485067, 0.281761, -0.160523, 0.121908, 0.057122, 0.502444, -0.252956, 0.021221, 0.186063, 0.049566, -0.373019, -0.165552, -0.244864, 0.539339, 0.109572, -0.466913, -0.047133, 0.560289, -0.375747, -0.469967, -0.183133, 0.196806, -0.175467, 0.331648, -0.361692, -0.35372, -0.006009, 0.190441, -0.24189, 0.301574, -0.14752, 0.233995]
[0.24169, -0.315185, -0.517031, -0.076127, 0.272592, 0.186854, -0.45434, -0.152367, -0.409607, -0.264907, 0.150647, -0.223067, 0.169392, -0.288323, -0.042399, -0.569496, 0.297622, -0.573042, 0.856805, 0.158805, -0.022431, -0.60339, 0.063624, -0.099352, 0.528497, -0.32879, -0.162421, 0.18645, 0.285757, 0.114146, 0.431144, 0.261691, 0.251606, -0.093483, 0.19793, -0.098988, -0.145551, -0.233222, 0.150678, 0.246625, -0.407154, 0.395307, -0.078349, 0.417005, 0.314302, 0.372263, -0.285368, -0.552656, 0.027472, -0.286441, -0.580144, -0.062958, -0.158381, -0.188331, -0.380035, 0.364957, 0.350975, 0.574415, -0.403384, 0.061282, 0.281357, 0.021078, 0.273842, -0.163878, 0.030477, -0.083485, -0.099256, -0.0585, -0.254925, -0.069188, -0.074194, 0.487433, -0.24241, -0.312808, 0.029364, 0.256704, -0.10899, -0.535176, -0.268496, 0.423312, 0.307301, 0.035958, -0.177995, -0.408338, -0.109594, -0.25101, -0.014741, -0.2003, -0.175626, 0.222814]
[-0.020056, 0.564517, -0.380127, 0.31808, -0.223514, 0.257953, 0.123611, -0.219534, -0.810428, -0.453044, -0.788912, 0.031282, -0.01093, -0.277953, -0.218785, 0.080082, 0.239374, 0.417607, 0.053852, 0.338245, -0.253153, -0.560853, -0.326622, 0.282137, 1.135531, 0.583194, -0.176097, -0.207796, 0.09736, 0.001152, -0.271971, -0.015641, 0.069348, 0.237014, 0.127276, -0.6738, -0.047564, -0.351234, -0.1448, -0.386722, 0.513586, -0.180363, 0.603001, -0.283898, -0.28537, 0.110331, 0.202934, 0.228863, -0.124527, 0.025836, -0.276116, -0.413574, -0.43572, 0.273301, -0.349427, 0.524654, 0.567034, 0.547699, 0.087305, -0.577658, 0.560626, 0.018198, -0.201284, 0.140906, -0.056702, -0.161942, 0.014238, -0.630195, -0.188652, 0.401538, -0.342227, 0.703073, -0.443967, 0.648246, -0.229276, 0.010942, -0.059403, 0.42398, -0.591067, 0.142729, 0.600871, -0.173162, 0.20658, -0.107028, -0.282614, -0.088836, 0.20217, 0.152989, -0.253689, -0.423534]
[0.116038, 0.533829, -0.280921, -0.022237, -0.488062, 0.143861, 0.242882, 0.109002, -0.612937, -0.361504, 0.866143, -0.077536, -0.158262, -0.190153, 0.604149, -0.595195, -0.071696, -0.490298, 0.552412, 0.301372, -0.800335, -0.355947, -0.360721, -0.412459, 0.046095, 0.072263, 0.679254, -0.538446, -0.275516, 0.012854, 0.371463, 0.37543, -0.073285, -0.006881, -0.306309, -0.278457, -0.19853, -0.664368, -0.706028, 0.657089, 0.0101, -0.049301, -0.266409, -0.468957, 0.237812, 0.183356, -0.221494, 0.607033, 0.386301, 0.190463, -0.339696, -0.377126, -0.279995, -0.906555, 0.209851, -0.10381, 0.380281, 0.579314, -0.015472, -0.563692, -0.004135, -0.738162, -0.177543, -0.353862, -0.635809, -0.108635, 0.008355, -0.313178, 0.085659, 0.569632, -0.321765, -0.016081, 0.256703, 0.138882, -0.555786, 0.833373, -0.109996, 0.024142, -0.477243, 0.054269, -0.184781, -0.096692, 0.187629, 0.142928, 0.708112, -0.641639, -0.243113, -0.25045, 0.265115, -0.16577]
[-0.447743, 0.280282, 0.028677, -0.206792, 0.151707, 0.017602, 0.431938, 0.663268, -0.211902, -0.32764, -0.009593, 0.329598, -0.04432, -0.597887, -0.023887, -0.437641, -0.002856, -0.193376, 0.682801, 0.121682, -1.077973, -0.014272, -0.369756, -0.175807, -0.292461, 0.735465, 0.287325, -0.764368, -0.224623, 0.086059, -0.004663, -0.159656, 0.378863, 0.115586, 0.03683, -0.276061, 0.578621, 0.123592, -0.19012, -0.462554, 0.410026, 0.011008, -0.327164, -0.119749, 0.009725, 0.018576, 0.157354, 0.685149, 0.731601, 0.289806, -0.586093, 0.04927, 0.161759, 0.027613, 0.679311, -0.009402, 0.319361, 0.279936, -0.443198, -0.099286, 0.060789, -0.178466, -0.323936, 1.097995, -0.337656, -0.144462, -0.806927, -0.369276, 0.17464, 0.29087, 0.027295, 0.095748, 0.088878, 0.565538, -0.940042, 0.470405, -0.008024, 0.5453, -0.311557, -0.398515, -0.016236, 0.320736, 0.061829, 0.20111, -0.135423, 0.472804, -0.18461, -0.018111, 0.117221, -0.086664]
[-0.327466, -0.132074, -0.020268, 0.101132, -0.188231, 0.224506, 0.013945, 0.399896, 0.153284, 0.253558, 0.206226, 0.356362, 0.289234, -0.18632, 0.156833, 0.057538, -0.244388, 0.488839, 0.036191, 0.062265, -0.242947, 0.332835, -0.07957, 0.10411, -0.171579, 0.141938, 0.083217, 0.011972, -0.084282, -0.146167, 0.139028, -0.544618, 0.128554, -0.08568, -0.268607, -0.181119, 0.203299, -0.17896, -0.124635, -0.491076, -0.006175, -0.410158, -0.507758, 0.045509, -0.044239, -0.108954, -0.105632, -0.29349, 0.243356, 0.322737, -0.270244, 0.303075, 0.469163, -0.160408, 0.789423, -0.561976, -0.045225, 0.320229, 0.151692, -0.031952, -0.007188, -0.455456, 0.207491, 0.136372, 0.116524, 0.238626, -0.559636, -0.138432, 0.177993, 0.154872, 0.034745, 0.000441, 0.168204, -0.061949, -0.092478, 0.119652, 0.537929, 0.479403, -0.033125, 0.337942, 0.07873, -0.103743, -0.126794, -0.300704, 0.061098, 0.428584, 0.033306, -0.542758, 0.119315, -0.198185]
[0.094012, 0.101091, 0.064412, -0.137552, -0.345008, -0.270751, -0.209028, 0.173599, 0.07658, 0.726669, 0.140175, 0.20475, 0.228462, 0.151999, 0.0723, 0.140736, -0.542458, 0.285987, 0.043405, -0.11214, -0.327053, 0.272757, -0.281129, 0.05933, -0.257247, 0.157444, 0.109279, -0.268598, -0.446948, 0.211811, 0.323267, -0.518395, -0.194756, -0.054055, -0.07007, 0.206506, 0.307344, -0.477978, -0.031583, -0.12607, 0.042598, -0.484761, 0.178543, 0.028124, -0.268143, -0.298088, -0.319553, -0.459702, 0.008632, 0.204904, 0.202298, 0.162846, 0.173949, 0.11737, 0.437661, -0.103823, -0.153059, -0.068524, -0.075458, -0.12748, 0.16492, -0.137233, 0.3345, -0.446839, -0.202952, 0.023691, 0.069377, -0.141959, -0.136217, -0.266833, 0.232671, 0.094357, -0.111752, 0.160684, 0.142989, 0.162251, 0.257512, 0.019302, 0.064654, 0.013507, -0.232827, -0.092635, 0.116954, -0.26545, 0.670009, 0.053556, -0.086227, -0.348426, 0.1549, 0.049644]
[0.017344, 0.142138, -0.122425, 0.001089, 0.073871, 0.032791, -0.011249, -0.228058, -0.117272, 0.137975, -0.174078, 0.011867, -0.004604, -0.096822, 0.045803, -0.100902, -0.01812, 0.26078, 0.060781, 0.038647, -0.028714, 0.044807, 0.115076, 0.081564, 0.173085, -0.162532, -0.164876, -0.070741, 0.096967, -0.017398, 0.014333, 0.124559, 0.062639, 0.154612, -0.199847, 0.164732, -0.165376, 0.12867, -0.097527, 0.04474, 0.066209, 0.054872, -0.203643, 0.210232, -0.066137, -0.25223, 0.082086, -0.044691, -0.025499, -0.086603, -0.087186, 0.055027, 0.002539, 0.205254, -0.048295, 0.150938, -0.013009, -0.147674, -0.026233, 0.174253, -0.053295, 0.0462, -0.057821, -0.227574, -0.063969, -0.160744, 0.091617, 0.073899, -0.02179, -0.133455, 0.213674, -0.155131, -0.020797, 0.018957, -0.122179, -0.029833, 0.166687, -0.13236, 0.01944, -0.213091, -0.120079, 0.029167, 0.055248, 0.025885, -0.146026, -0.013004, -0.014495, -0.042456, -0.056225, -0.112166]
[-0.012603, 0.084992, -0.017412, -0.137149, -0.136622, 0.13137, 0.055313, -0.264237, -0.13, -0.178585, -0.140961, -0.113567, 0.004448, -0.171748, -0.138333, -0.101262, 0.201946, 0.106555, 0.01501, -0.126864, 0.030675, -0.176859, 0.004757, -0.161913, -0.076193, 0.019128, -0.181558, -0.215966, 0.115181, 0.18038, 0.139215, -0.088157, 0.049943, -0.060793, -0.028126, -0.155862, -0.119044, 0.035402, -0.004581, 0.106273, -0.10875, 0.088681, -0.190817, 0.142363, -0.045656, 0.076137, -0.040106, 0.117363, 0.004439, 0.175073, -0.139727, -0.020146, 0.092268, 0.074528, -0.204496, -0.174191, -0.001801, 0.045167, 0.045608, 0.045848, 0.086205, -0.139061, -0.137265, -0.201207, -0.115323, -0.121558, 0.049578, -0.062737, 0.122903, -0.194552, 0.148017, -0.205434, -0.147451, -0.213713, -0.15869, -0.045847, -0.002971, 0.160766, -0.191256, 0.162564, 0.062833, -0.113416, 0.112338, 0.027011, -0.044244, 0.100416, 0.098636, -0.087621, -0.098679, -0.083529]
[-0.072815, 0.127506, -0.029913, 0.114333, -0.107055, -0.017794, -0.049115, 0.017077, -0.068258, -0.001493, 0.114754, 0.064852, 0.166433, -0.214117, -0.035316, -0.089027, -0.011474, 0.244619, 0.263147, -0.106165, -0.05736, -0.018168, -0.143072, -0.048488, -0.028408, 0.018738, 0.045579, -0.026492, -0.018326, 0.046953, 0.034759, -0.31361, -0.185315, 0.088072, 0.002572, -0.075394, -0.313279, -0.063552, -0.142208, -0.04216, -0.044026, -0.063517, 0.068731, 0.230008, -0.205323, -0.097751, -0.180832, -0.243627, -0.00037, -0.112914, -0.085629, 0.120381, -0.069263, -0.046949, 0.148997, 0.16599, -0.166729, 0.111539, -0.104362, 0.147595, 0.080076, -0.036512, -0.138476, 0.094427, -0.080282, -0.027383, -0.088168, -0.198677, -0.10141, 0.049136, -0.168348, -0.081665, -0.034746, 0.31415, -0.175442, 0.056349, -0.018463, -0.269735, 0.007301, 0.122431, -0.025056, -0.132108, 0.15139, -0.224818, 0.131256, -0.144966, 0.218816, -0.100414, 0.070806, 0.055416]
[-0.191301, -0.103783, -0.192755, -0.044447, 0.235404, -0.447774, 0.119415, 0.10795, 0.073481, 0.277505, -0.044832, -0.13417, -0.095514, -0.379283, 0.724657, 0.066818, -0.031252, 0.176798, 0.311179, -0.139622, 0.282516, 0.396129, -0.058714, -0.354573, 0.03254, 0.092182, 0.04733, 0.001745, 0.199103, 0.515687, 0.104051, -0.456424, -0.410503, 0.128966, 0.187119, 0.093244, -0.107601, 0.038121, -0.108724, -0.288414, -0.130365, 0.200719, -0.135777, -0.109415, -0.416904, 0.175581, -0.046323, -0.274112, -0.004914, -0.091599, -0.005707, 0.039904, 0.182741, 0.051799, 0.801823, 0.54719, -0.65327, -0.105872, 0.285594, 0.533323, -0.357763, -0.295763, -0.225021, 0.409538, 0.180783, -0.608039, 0.027157, -0.159596, -0.196662, -0.420096, -0.047047, -0.931893, -0.058734, 0.258333, 0.062027, -0.052802, -0.295955, -0.803098, 0.116698, -0.244437, -0.12408, -0.15102, -0.370944, -0.498841, -0.024091, -0.084896, 0.206748, 0.186473, 0.247768, 0.11473]
[-0.396864, -0.327556, 0.067948, -0.136319, -0.084475, -0.337703, 0.53741, -0.142969, 0.652977, 0.184769, 0.460909, -0.345301, -0.24397, 0.255198, 0.681711, 0.094007, -0.008413, 0.007842, 0.294689, -0.258379, -0.132016, 0.492414, 0.077436, 0.05481, -0.49618, -0.367345, 0.473007, -0.212108, -0.134079, 0.569488, 0.101471, -0.152623, -0.569395, 0.772418, 0.055143, -0.076476, -0.575437, -0.031601, -0.206363, -0.170707, -0.569305, 0.05549, -0.939799, 0.192438, 0.02375, 0.031498, 0.444019, 0.394755, 0.176466, 0.415124, -0.375779, 0.313462, 0.226844, -0.078817, 0.260277, 0.510738, -0.241135, -0.089234, 0.639717, 0.36323, -0.039055, 0.530628, -0.384996, 0.454706, 0.7874, -0.595459, 0.062831, -0.357932, -0.269474, -0.62721, 0.449738, -0.787756, 0.163723, -0.308661, -0.030613, 0.161931, -0.448536, -0.206872, 0.240812, 0.024273, -0.30095, 0.051426, -0.254038, -0.142675, 0.009263, 0.169103, -0.08767, 0.868619, 0.390698, -0.294526]
[0.439478, 0.089926, -0.257841, -0.589981, 0.102833, -0.367411, -0.089664, 0.042899, 0.270204, 0.163176, 0.733911, -0.383356, -0.16843, 0.385125, 0.253504, -0.162063, 0.177705, -0.569023, 0.126659, 0.15636, 0.136525, 0.120496, 0.179111, -0.065004, -0.408468, -0.189431, 0.283646, -0.188306, -0.123394, 0.391534, 0.448649, 0.030151, 0.195684, 0.137856, 0.115942, 0.422837, -0.230313, 0.287123, 0.162604, 0.483573, -0.609863, 0.240452, -0.623334, 0.388914, -0.162541, -0.353825, -0.287099, 0.315023, 0.633957, 0.129373, -0.355832, 0.703246, -0.321667, -0.480881, 0.134789, -0.232842, -0.032745, -0.110418, -0.160963, 0.493156, -0.242236, 0.436877, -0.128951, -0.129878, -0.106423, 0.003622, 0.124129, 0.226461, -0.228011, -0.415755, 0.150695, -0.076018, -0.027388, -0.466266, -0.158997, 0.151182, -0.322497, -0.420676, -0.199142, -0.178501, -0.201239, 0.096884, -0.091086, -0.122485, 0.425728, 0.248182, -0.552102, 0.155243, 0.32469, 0.388719]
[0.129789, -0.143528, -0.321442, -0.205771, -0.073838, 0.185928, -0.171816, -0.340493, 0.303132, 0.085101, 0.25604, 0.495708, 0.014245, 0.525824, -0.819264, -0.236118, 0.079872, -0.339463, 0.039875, 0.166806, 0.20213, -0.48673, 0.250099, 0.372901, 0.165053, -0.805831, -0.194574, 0.401932, -0.003045, -0.039134, -0.080914, 0.323093, 0.308799, 0.4079, 0.126966, 0.271386, 0.559818, 0.039867, 0.100263, 0.182614, -0.013473, 0.312253, -0.117456, 0.552432, -0.098489, -0.556302, 0.008468, 0.264908, 0.139882, -0.42994, 0.307296, 0.872204, -0.234914, 0.013149, -0.404301, 0.003501, 0.094845, -0.375013, -0.001358, -0.028522, -0.500255, -0.141113, -0.201851, 0.00528, -0.107897, 0.226643, 0.476512, 0.095294, 0.57749, -0.141203, 0.509634, 0.252816, 0.662185, -0.324619, -0.026703, -0.467877, 0.136632, 0.351053, -0.02452, 0.295218, 0.188079, 0.024725, 0.072736, -0.171011, -0.359151, 0.443051, 0.100863, -0.033714, -0.178694, -0.156814]
[0.312976, -0.133893, -0.416008, -0.221911, -0.186167, -0.42558, 0.115412, -0.18352, 0.166619, 0.372859, -0.635244, 0.883762, 0.009412, 0.20771, -0.961214, -0.135212, 0.104983, 0.088603, -0.367561, 0.225985, -0.115506, 0.072093, -0.133211, -0.33534, -0.195983, -0.213807, 0.178187, -0.322192, -0.271139, 0.385069, -0.82906, -0.115501, -0.046849, 0.500454, 0.063989, -0.163518, 0.774364, -0.376276, -0.224218, 0.01616, 0.748675, 0.121667, 0.501098, 0.161691, -0.442532, -0.115458, 0.384437, 0.397268, 0.455984, -0.269609, -0.077846, 0.134523, -0.596665, 0.031168, -0.13169, 0.081661, 0.217434, -0.370744, 0.471322, -0.478376, -0.662603, -0.066401, -0.331816, 0.298406, -0.098231, 0.150422, 0.550766, 0.229624, 0.842314, -0.249005, 0.244133, 0.582225, 0.554963, 0.531769, 0.034542, -0.703895, -0.014042, 0.978925, -0.109521, 0.119571, 0.569217, -0.641366, 0.156756, 0.10488, -0.207584, 0.262892, 0.395, 0.15894, -0.681986, -0.361321]
[0.046076, 0.330288, 0.084196, -0.110195, -0.449244, -0.306372, -0.214212, 0.093109, 0.519132, -0.038436, -0.390795, 0.542993, 0.111978, -0.184929, -0.162001, -0.156289, 0.094353, 0.107905, 0.163656, 0.155135, -0.424629, -0.137244, -0.232423, -0.348093, -0.53892, 0.123668, 0.829471, -0.118509, 0.213975, 0.065149, -0.694719, 0.199049, -0.276933, 0.520363, -0.390055, -0.31096, 0.416896, -0.318791, -0.474098, 0.088462, 0.450759, 0.412648, -0.520084, 0.305858, -0.009917, -0.145646, 0.424797, 0.648419, 0.806618, -0.078244, -0.246465, 0.414588, -0.21726, -0.07354, 0.147415, 0.071408, 0.376549, 0.030049, 0.188269, -0.213824, -0.350161, 0.089697, -0.482091, 0.881215, 0.036236, -0.230494, -0.046866, 0.139004, 0.514502, -0.236808, 0.307837, 0.160039, 0.701825, -0.227069, -0.111972, -0.13058, -0.280078, 0.779104, -0.165437, 0.376477, 0.056772, -0.364731, -0.742207, -0.046907, -0.537595, 0.239271, 0.146241, 0.162985, -0.354072, -0.28136]
[-0.132221, 0.376608, -0.624147, -0.017283, 0.227035, -0.249876, 0.022799, -0.046121, 0.105147, -0.824136, -0.249234, 0.625968, -0.144829, 0.184704, 0.003633, -0.121111, 0.076235, 0.159331, 0.352538, 0.509619, -0.232997, -0.253749, 0.133712, -0.017235, -0.09067, 0.472869, 0.366542, -0.598022, 0.33236, 0.35612, -0.403202, -0.465109, 0.440606, -0.381903, -0.170012, -0.06243, 1.032947, 0.169499, -0.080258, 0.004081, 0.147594, -0.076836, -0.39677, 0.112543, 0.262892, -0.428983, 0.015012, 0.477296, 0.783903, 0.404114, -0.4738, 0.552559, -0.129084, -0.032094, 0.133504, -0.270356, 0.460606, -0.048128, -0.117021, 0.233844, -0.422893, 0.358413, -0.582729, 0.847896, 0.226869, -0.01624, -0.462504, -0.254415, -0.144619, -0.013079, 0.192139, 0.236511, 0.23772, -0.092284, -0.870822, -0.327954, 0.054534, 0.439158, 0.192483, 0.097117, 0.054332, -0.269658, -0.14383, -0.360367, -0.320625, 0.796829, -0.110009, -0.266243, -0.073991, 0.293691]
[0.058116, 0.312237, -0.366767, 0.011789, 0.168148, -0.176258, 0.397985, 0.163931, 0.031893, -0.311732, -0.006278, 0.157798, -0.286954, -0.396213, 0.494751, -0.029059, -0.383182, 0.207174, 0.090271, 0.34648, 0.011393, -0.525083, -0.149224, -0.207387, 0.294221, 0.378511, -0.116459, -0.378328, 0.658031, -0.065572, -0.450156, -0.76727, 0.10206, -0.266716, -0.413313, -0.293369, 0.464649, 0.174294, -0.001831, -0.010193, -0.05976, 0.18022, -0.865957, -0.312458, -0.157341, -0.466112, 0.102256, -0.052523, 0.471668, 0.249447, -0.623747, -0.165465, 0.133673, 0.214053, 0.340647, -0.406836, 0.180945, 0.22859, -0.249361, 0.193742, 0.177147, -0.038471, -0.07356, 0.932678, 0.657859, 0.151474, -0.576645, -0.0608, -0.027929, -0.018529, 0.074964, -0.188566, 0.081942, 0.046815, -0.586538, 0.093717, -0.254731, -0.070335, 0.276734, 0.076469, 0.022139, 0.137561, -0.441046, -0.631114, -0.613754, 0.382696, 0.132478, -0.618745, 0.138858, -0.045704]
[-0.159073, 0.148225, -0.194787, 0.22199, 0.207206, -0.008978, 0.128819, 0.03892, 0.025473, -0.22817, -0.345264, 0.077834, -0.200957, -0.202621, 0.445297, 0.171902, -0.037879, 0.313439, 0.109425, 0.137184, -0.140674, -0.318722, 0.059096, -0.317499, 0.64918, 0.478982, -0.25881, -0.024282, 0.460574, -0.006891, -0.410923, 0.158508, 0.00827, -0.272851, 0.008307, -0.514219, 0.268213, -0.181832, -0.056953, -0.281568, 0.117717, 0.185108, -0.197141, -0.10605, -0.323753, -0.250835, 0.441552, -0.036502, -0.043687, 0.054461, -0.657793, -0.248705, -0.320992, 0.266199, -0.078353, -0.177183, 0.802638, 0.593704, 0.1067, 0.071108, 0.146255, 0.226065, -0.176549, 0.587901, 0.416837, -0.15117, -0.65527, 0.05943, -0.309008, 0.150101, 0.336637, -0.227705, -0.426851, 0.183872, -0.193004, 0.16866, -0.104367, -0.224633, 0.21839, -0.040372, -0.237078, -0.317691, -0.368429, -0.003895, -0.698401, 0.091698, 0.117434, -0.189787, 0.255906, -0.16365]
[0.101527, 0.173648, -0.186353, 0.048896, -0.045372, 0.145002, -0.024607, -0.188065, -0.223873, 0.220368, -0.207119, -0.054973, -0.094102, 0.015867, -0.059174, -0.089935, 0.159518, 0.149175, 0.065829, -0.067805, 0.214764, -0.009846, 0.221695, -0.10709, 0.140685, 0.255767, 0.07156, -0.253146, 0.320214, 0.148237, -0.117463, -0.009715, -0.034269, -0.206745, -0.148489, 0.034909, 0.175152, 0.158301, -0.186151, 0.003968, 0.182337, 0.304892, -0.236744, 0.112333, -0.142426, -0.059523, -0.06938, 0.049709, -0.138289, -0.138704, -0.177459, -0.118011, 0.015444, 0.126543, -0.201112, 0.024148, 0.291286, -0.01764, -0.013143, 0.171946, -0.009, -0.145902, -0.070576, 0.00148, 0.098302, -0.137232, 0.030293, 0.019888, 0.08915, 0.144553, 0.062761, -0.398558, 0.027477, 0.110137, -0.106756, -0.019129, 0.027154, -0.219446, 0.012667, -0.133545, 0.109472, 0.168167, 0.052528, -0.042444, 0.12839, -0.043419, 0.111099, 0.123699, 0.191394, -0.051339]
[-0.11802, -0.172109, 0.085582, 0.148818, -0.025903, 0.001335, -0.053738, -0.112844, -0.102135, 0.006781, 0.027651, 0.027132, 0.161446, 0.036484, -0.299355, 0.104147, 0.084625, 0.077612, 0.083273, 0.019015, 0.17472, 0.107742, 0.232912, -0.136728, 0.114716, -0.090962, -0.244427, 0.06435, -0.039585, 0.129627, 0.075829, -0.09887, -0.058116, 0.045028, -0.026159, -0.062535, -0.180574, 0.092718, -0.072344, -0.154045, 0.048883, 0.044679, -0.13852, 0.072124, -0.083313, -0.130116, 0.179506, 0.212494, -0.050779, 0.060302, -0.07268, -0.229061, -0.144166, 0.119782, -0.30082, -0.109578, 0.005946, -0.212188, 0.061459, -0.013338, -0.091773, 0.183278, -0.188928, -0.028614, 0.114964, 0.148367, 0.120339, -0.106732, -0.108026, -0.050788, 0.06487, 0.103554, -0.054227, -0.290952, 0.126909, -0.162313, 0.120194, 0.216266, 0.076621, -0.085021, 0.054843, 0.035293, 0.311944, 0.024745, -0.181773, -0.036131, -0.08038, 0.18119, 0.081635, 0.034668]
[-0.01215, 0.060692, -0.158753, 0.073304, 0.097318, 0.180868, 0.022306, -0.221315, 0.099784, -0.006468, 0.050999, -0.041676, 0.128549, -0.30051, -0.078897, 0.090154, 0.127638, 0.072172, 0.022756, -0.154297, 0.031572, 0.062361, 0.100789, 0.027635, -0.055231, 0.116377, -0.232413, -0.207683, -0.085509, 0.020474, -0.002048, -0.182853, -0.02061, -0.008912, -0.155789, 0.097199, -0.154596, 0.039273, -0.077606, 0.020967, -0.031597, -0.055077, -0.016017, 0.008473, -0.02129, 0.024863, -0.071125, 0.027008, 0.047732, 0.061175, -0.11766, -0.121968, 0.018403, 0.248696, -0.103435, -0.026566, -0.11007, 0.000372, 0.185182, 0.096364, -0.154574, -0.068492, 0.035407, -0.078284, -0.036899, -0.162415, 0.05368, -0.209719, -0.017648, -0.210792, -0.018357, -0.230325, 0.152605, 0.051613, 0.064948, 0.044884, -0.10109, -0.116231, -0.069459, -0.188762, 0.099457, -0.071155, -0.086009, -0.151385, -0.076361, -0.114542, 0.163708, 0.070282, -0.047624, 0.053923]
[-0.141579, -0.226937, -0.276154, 0.074904, 0.025626, -0.204526, 0.147287, -0.311712, -0.036097, 0.085588, 0.155429, 0.021272, -0.261387, -0.3633, -0.081183, 0.042656, 0.032201, 0.02046, 0.121396, 0.066868, 0.075087, 0.194886, -0.033225, 0.014095, -0.040256, 0.110854, -0.259486, -0.005632, 0.212531, 0.183108, 0.074322, -0.511053, -0.214271, 0.256002, -0.022632, 0.02001, -0.179347, -0.273842, -0.160688, -0.169642, 0.036525, -0.016848, -0.169537, 0.104107, -0.062588, -0.208812, 0.021032, -0.275993, 0.169874, -0.104705, 0.03332, -0.28196, 0.000896, 0.022618, 0.177972, 0.275715, -0.300801, -0.124944, 0.117207, 0.161097, -0.147435, -0.261121, -0.400297, 0.027474, -0.034454, -0.264688, 0.024466, -0.060365, 0.051455, -0.306389, 0.094561, -0.396936, 0.376411, 0.025508, -0.038447, 0.060467, -0.417965, -0.362396, 0.12744, -0.338611, -0.148244, -0.113608, -0.296451, -0.399849, -0.142633, -0.0174, -0.035365, 0.238488, -0.108135, 0.229042]
[-0.409529, -0.429292, 0.312559, -0.384503, -0.076175, -0.376111, 0.378294, -0.011915, 0.075156, 0.244716, 0.276622, -0.463629, -0.2482, -0.255656, 0.797599, 0.226536, 0.13121, 0.48478, 0.00609, -0.004961, -0.385506, 0.342413, 0.040051, -0.285117, -0.062237, 0.341835, 0.337139, -0.551571, -0.176171, 0.214123, 0.103656, -0.053488, -0.313596, 0.800265, -0.432747, -0.468911, -0.082795, 0.044443, -0.465456, -0.049653, -0.092566, 0.062933, -0.271131, 0.083498, -0.337698, 0.047431, 0.37882, -0.087541, -0.032103, -0.060832, -0.515222, -0.412279, 0.20128, -0.352632, 0.024071, 0.18504, 0.089227, -0.312597, 0.472276, 0.14405, 0.053595, -0.091812, -0.148293, 0.299552, 0.327995, -0.717769, -0.293675, -0.347443, -0.446922, -0.649505, 0.397258, -0.761534, -0.231079, 0.21997, -0.371435, 0.500732, -0.36401, -0.40787, 0.292098, -0.057436, -0.045181, 0.030574, 0.020221, 0.221834, -0.109718, 0.059104, 0.035219, 0.285235, 0.180951, -0.116419]
[0.184331, -0.118193, 0.151074, -0.414131, -0.021763, -0.125184, -0.21833, -0.111777, 0.247376, 0.17235, 0.523148, -0.375, -0.128647, 0.392452, 0.552898, -0.059015, 0.11591, 0.070765, -0.14647, 0.16509, 0.237248, 0.075958, 0.292712, -0.263378, -0.311541, -0.157096, 0.448864, -0.675883, -0.640957, 0.301227, 0.219423, -0.178452, 0.137962, 0.369312, -0.140218, 0.15662, -0.458454, -0.160519, -0.231846, 0.531453, -0.16112, -0.136532, -0.350896, 0.324788, -0.118666, 0.249658, -0.000154, 0.290153, 0.158433, 0.126771, 0.014594, -0.113976, -0.050567, -0.311339, 0.144081, 0.458128, -0.228691, -0.45001, 0.055311, 0.402828, -0.474813, 0.110275, 0.133869, 0.008922, 0.140679, -0.138987, 0.273018, -0.127442, 0.043476, -0.27753, 0.067748, -0.086287, -0.161524, 0.063621, -0.099205, 0.106236, -0.097371, -0.526728, 0.018967, -0.132816, 0.024033, 0.263391, 0.020513, 0.170624, 0.558042, 0.009136, 0.055618, 0.241988, 0.29769, 0.034716]
[0.377787, 0.245695, 0.123494, -0.139652, -0.137544, 0.400845, -0.191658, -0.008701, 0.394941, 0.602368, 0.349921, 0.478815, 0.016109, 0.682376, -0.214878, 0.176494, -0.056819, -0.371349, -0.08665, -0.140367, 0.160978, -0.101134, 0.386786, -0.620877, -0.795404, -0.821174, 0.094556, -0.043215, -0.265064, -0.15643, 0.338194, -0.097389, 0.073353, 0.437697, -0.100574, 0.339623, -0.038957, -0.146243, -0.024224, 0.395153, 0.048123, 0.044796, -0.255482, 0.301277, -0.08294, -0.182939, -0.127156, 0.172126, 0.29483, 0.20478, -0.05399, 0.093327, 0.022673, -0.561042, 0.203358, -0.289162, -0.246873, -0.752618, 0.069711, -0.112979, -0.507334, -0.117819, -0.052649, -0.015455, 0.112289, 0.245349, 0.479105, 0.245026, 0.347694, -0.190395, -0.109244, -0.065403, 0.728836, -0.044883, 0.216275, 0.0794, 0.096149, 0.225622, 0.267174, -0.413622, -0.36873, -0.019528, 0.694108, 0.028126, 0.428684, -0.271371, -0.279951, -0.013143, -0.00947, 0.235971]
[0.458844, -0.091957, -0.07794, -0.106728, -0.631576, 0.639966, 0.186578, -0.455692, 1.30628, 0.305827, -0.481509, 0.583759, 0.383103, -0.079109, -1.362612, -0.168153, -0.154593, 0.481131, -0.135753, 0.252544, 0.242695, 0.101293, 0.106205, -0.253115, 0.014559, -0.823961, 0.130477, 0.566454, -0.746022, 0.223394, -0.458148, -0.663601, -0.04121, 0.50858, -0.276409, -0.537306, 0.082077, -0.753379, 0.123159, -0.09943, 0.426484, -0.244908, 0.205636, 0.089188, -0.092749, -0.224665, 0.036324, 0.044653, 0.041901, -0.161256, 0.389293, 0.104087, -0.244125, -0.049412, -0.101335, -0.028282, 0.107745, -0.498366, 0.522979, -0.289773, -0.406718, -0.325759, 0.05708, -0.075825, 0.160122, -0.126567, 0.650151, 0.323788, 1.353589, -0.227818, 0.689437, 0.242258, 0.325536, 0.221994, 0.305356, -0.156985, -0.030688, 1.423506, -0.266159, -0.055621, 0.474613, -1.371568, 0.235278, -0.285538, -0.019057, 0.26713, 0.440686, 0.025973, -0.255893, -0.16996]
[-0.122878, -0.225652, -0.107412, -0.090448, -0.323243, -0.195607, 0.378658, -0.399764, 0.59767, -0.22813, -0.411217, 0.407869, 0.207892, -0.146362, -1.20686, -0.61578, 0.180873, 0.354081, -0.222018, 0.151521, -0.429021, -0.159301, 0.165393, 0.40241, 0.632452, 0.165771, 0.38888, -0.363184, -0.172111, 0.474706, -0.804987, -0.581401, 0.525724, 0.607509, -0.30856, -0.310566, 0.854945, 0.414446, -0.051294, -0.331477, 0.275832, -0.139767, -0.089792, 0.486759, 0.058461, -0.412106, 0.399203, 0.565393, 0.771447, -0.029925, -0.41675, 0.599258, -0.457746, 0.384382, -0.596505, 0.135229, 0.420501, 0.00874, 0.296348, -0.315937, -0.239098, 0.257541, -0.358546, 0.82608, 0.319301, -0.22923, -0.112525, -0.144979, 0.466408, 0.01613, 0.199747, 1.1423, 0.622133, -0.080582, -0.43516, -0.564438, -0.222435, 1.155429, -0.39276, -0.098524, 0.490977, -0.720076, -0.083524, -0.079606, -0.548627, 0.951686, 0.279197, 0.28523, -1.099416, -0.045653]
[-0.223371, 0.180666, -0.35627, 0.023531, 0.24449, -0.00202, -0.491595, 0.368099, 0.614783, -0.13786, 0.115252, 0.358243, 0.02159, -0.249229, -0.351967, 0.312152, -0.446794, 0.161579, 0.012103, 0.328262, -0.57496, 0.158156, -0.562167, -0.016443, -0.04292, 0.563822, 0.450382, 0.614892, 0.493554, 0.430281, -0.707087, -0.413708, 0.491626, -0.135387, -0.249469, -0.345073, 0.286876, -0.469111, 0.149503, 0.002013, -0.218991, 0.271103, -0.159797, 0.182459, -0.1472, -0.174988, 0.530452, 0.219691, 0.816311, 0.061188, -0.060315, 0.692235, -0.139454, 0.46589, 0.28493, 0.193129, 0.372247, 0.262947, -0.003993, 0.48633, -0.086061, -0.121216, -0.354761, 0.946553, 0.425449, -0.060768, -0.761772, 0.414934, 0.13807, 0.075144, -0.045311, 0.89416, 0.33225, -0.409447, -0.201106, -0.505816, -0.432691, 0.443127, -0.081194, -0.601752, 0.746102, -0.53058, -0.682115, 0.182968, -0.59712, 0.613223, -0.052511, -0.103863, -0.031747, -0.258247]
[-0.623032, 0.11121, -0.473493, 0.228113, 0.596495, 0.013141, -0.356519, 0.51881, -0.009381, -1.078962, 0.025035, 0.058921, -0.153335, -0.425604, 0.383494, 0.084768, 0.066749, -0.349144, 0.09722, 0.068254, -0.414449, -0.459156, 0.014104, -0.516642, -0.139919, 0.547258, -0.100009, 0.245839, 0.859366, -0.007125, -0.468982, 0.192258, 0.234813, -0.643926, 0.200961, -0.481819, 0.193866, 0.144087, -0.142005, 0.026559, -0.088641, 0.619483, -0.830966, 0.054915, 0.213709, -0.206182, 0.370112, 0.480156, 0.530666, 0.162156, -0.115515, -0.349355, -0.307797, 0.399659, 0.059718, -0.012109, 0.737519, 0.387407, -0.327258, 0.485341, -0.048578, -0.082044, -0.583649, 1.315744, 0.089773, 0.1308, -1.199852, 0.479294, -0.164728, 0.376675, -0.480837, -0.070247, -0.162584, -0.428316, -0.518333, -0.349205, -0.658641, -0.194236, -0.126755, -0.307173, 0.29971, -0.033441, -0.686939, 0.281475, -0.62345, 0.843843, 0.16183, 0.119758, 0.367375, -0.074714]
[-0.268596, 0.182269, -0.024806, 0.188967, 0.064513, 0.001284, -0.043373, -0.081391, -0.138919, -0.630994, -0.138318, -0.114097, -0.168209, -0.330377, 0.246897, -0.038228, 0.224839, 0.254647, 0.153905, 0.019657, 0.104846, -0.087885, 0.001733, -0.025219, 0.424469, 0.428978, -0.267272, 0.093826, 0.314326, 0.126055, -0.330392, 0.332891, 0.229046, -0.402608, -0.033225, -0.360478, -0.06874, 0.150332, 0.038196, -0.1564, 0.237963, 0.189772, 0.010003, -0.086166, -0.021993, -0.009233, 0.331988, -0.06055, 0.251604, 0.102952, -0.308205, 0.105443, -0.465721, 0.066023, -0.065621, 0.126205, 0.590565, 0.367068, -0.215032, 0.033158, -0.058647, -0.020907, -0.28731, 0.402514, 0.24934, -0.198933, -0.248932, 0.111666, -0.12345, 0.362131, -0.150085, -0.098401, 0.011133, -0.145175, -0.120165, -0.166136, -0.319014, -0.191311, -0.003666, -0.177907, 0.365123, -0.031354, -0.191379, 0.077709, -0.545421, 0.251192, 0.152002, 0.184972, 0.456217, -0.224125]
[0.027763, 0.193964, -0.033561, -0.156002, -0.003701, -0.005066, 0.057168, 0.129364, -0.129785, -0.082363, -0.01997, 0.113996, -0.105619, 0.005915, -0.013331, -0.091807, 0.164919, 0.12758, 0.1232, 0.199258, 0.142706, 0.060683, 0.08382, 0.069706, 0.037795, -0.089483, -0.071692, -0.146844, 0.177089, 0.182627, -0.076626, 0.095453, 0.039615, -0.07263, 0.009627, 0.012263, 0.009786, -0.125963, 0.050752, 0.124135, 0.182213, 0.190996, 0.050703, 0.099658, -0.178566, -0.111971, 0.072035, -0.122346, 0.122474, -0.062439, 0.123395, -0.038444, 0.080579, 0.100212, 0.040141, -0.019723, 0.192631, -0.211011, -0.223368, -0.027515, 0.135512, -0.123663, -0.096446, -0.188429, -0.054155, 0.044591, -0.093117, -0.16234, 0.130394, -0.01394, -0.098781, -0.253202, -0.043832, 0.130289, 0.050867, -0.213658, -0.014495, -0.147385, -0.021293, -0.159594, -0.125052, 0.065418, -0.032493, -0.134321, -0.065817, 0.085618, 0.130324, -0.027891, 0.048954, -0.017448]
[0.090816, -0.030708, 0.040348, -0.050906, 0.078239, 0.154061, 0.037395, -0.298324, -0.040008, 0.047146, -0.11867, -0.049661, -0.031756, -0.239767, -0.070056, 0.014362, 0.171128, 0.096991, -0.001636, -0.154359, -0.030865, 0.006936, 0.189739, -0.003398, 0.019558, -0.176712, 0.011935, -0.048782, -0.114353, 0.142561, -0.0709, 0.0204, -0.078391, 0.216805, -0.177605, -0.145665, 0.015061, 0.083662, -0.122569, -0.062584, 0.02596, 0.079214, -0.137822, 0.018849, -0.151327, 0.083594, 0.052379, -0.029087, 0.060883, -0.069439, -0.026568, -0.109535, -0.118294, 0.016892, -0.132698, -0.196747, 0.170575, 0.064428, 0.111148, -0.131686, 0.163787, -0.077102, -0.143645, -0.242395, -0.089678, -0.025861, -0.151429, 0.113281, 0.085949, -0.222267, -0.100247, -0.161451, 0.036473, -0.19538, -0.160128, -0.169312, 0.049598, 0.021787, -0.187048, 0.12094, 0.242509, 0.137867, 0.179912, -0.117959, -0.112991, -0.020405, -0.088251, 0.121541, 0.125914, -0.080131]

BIAS DA CAMADA OCULTA (w0)
[0.141677, -0.789072, -0.003502, 0.421352, -0.320819, -0.728931, -0.6848, -0.269968, 0.528182, -0.904925, -0.878115, -0.18084, 0.718181, 0.811367, 0.298741, -0.825006, -0.692834, -0.490984, -0.470538, -0.721181, 0.563527, -0.760098, 0.672717, 0.477101, -0.317861, -0.837813, -0.062972, 0.346447, 0.723522, -0.779286, 0.165641, -0.732946, -0.900044, 0.762121, -0.136856, -0.837322, -0.037413, 0.72907, 0.820998, 0.813639, 0.522092, -0.826902, 0.224765, 0.651737, -0.948186, 0.422039, -0.566208, -0.606327, -0.866755, 0.312651, -0.745654, 0.477178, -0.898149, -0.697039, -0.094365, -0.552032, 0.221484, -0.004244, 0.364762, -0.521462, 0.626265, -0.673592, 0.680289, 0.782033, -0.225862, 0.209441, 0.617883, 0.765851, -0.161519, -0.739355, 0.144245, 0.430224, 0.195942, -0.532459, -0.395362, 0.012546, -0.17131, -0.417491, -0.934109, -0.768799, -0.720454, 0.568538, 0.112472, -0.745554, 0.499969, -0.941225, -0.74641, 0.059761, 0.24176, -0.880286]

PESOS OCULTA SAÍDA (B)
[0.086506, -0.278242, -0.364673, 0.349646, 0.279546, 0.423218, 0.231906, 0.221333, -0.330931, -1.231238, -0.156769, -1.079574, -1.386533, 0.053966, -0.205881, -1.191612, 0.10789, -0.142508, 0.167246, 0.434382, -1.160124, -1.119328, -0.511498, -0.620504, -0.988008, 0.008729]
[0.735684, 0.153778, -0.825302, 0.124132, 0.332068, 0.657107, -0.127241, 0.560735, 0.218027, -0.658384, -0.873046, 0.866486, -0.855125, -0.156, -0.669264, 0.206076, -0.431486, -1.03851, -0.538061, -0.425242, -0.27555, -0.132041, 1.01984, -0.598284, -0.338306, -0.257109]
[0.079898, -0.841512, -0.134493, -0.752219, -1.015713, -0.603558, -0.171151, -0.800058, 0.116248, 0.060325, -0.262742, 0.78902, 0.135452, -1.335472, 0.015279, -0.405578, 0.465036, -0.394206, -1.08816, -0.926369, -0.360275, 0.44117, -0.399191, -0.567873, -0.848856, 0.531567]
[-0.655513, -0.225303, -0.195789, 0.606365, -0.103182, -0.101599, 0.168674, -1.130437, -0.357872, -0.323804, -1.033971, -0.315804, -1.002278, -0.900937, -0.112581, -0.306988, -0.379814, 0.808389, 0.396259, -0.283585, -1.51109, -0.746186, -0.673653, -0.052113, -0.770454, -0.078515]
[-0.131153, 0.119321, -0.123123, -0.319582, -0.423626, -0.542028, -0.324302, -0.099949, 0.216456, 0.387667, -0.516256, -0.987876, 0.467112, -0.290725, -0.109841, -0.295428, -0.067011, -0.596375, 1.05467, -0.042878, -0.404988, 0.515767, -0.223452, -0.489017, 0.1026, -0.654792]
[-0.204123, 0.026182, -0.855336, 0.476674, -0.639945, -1.17295, -0.877169, -0.36755, 0.631669, -0.934548, 0.51385, -0.305092, 0.209565, -0.272622, -0.083222, 0.896293, -0.010461, 0.452104, 0.423983, -0.265167, -1.07592, -0.702404, -0.102673, 0.022788, -0.249295, 0.26568]
[-0.82423, 0.824719, -0.594725, -1.131505, 0.639138, 0.14941, -0.028185, 0.796406, -0.926911, -1.093503, -0.122864, 0.627907, 0.341269, -1.043295, -0.578137, 0.279757, -0.974058, 0.322042, -1.34914, -0.175963, 0.435746, 0.886288, 0.371965, -0.785082, -0.873186, -0.63508]
[-0.145178, -0.884628, 1.210233, -0.194589, 0.49587, 0.657848, -1.309661, -0.714189, 0.461192, -0.526133, 0.600122, 0.046069, -0.648286, -1.139511, -1.022412, -0.069702, -1.12041, -1.10507, 0.348357, -0.692721, -0.848542, 0.508799, -0.945651, -0.811823, -0.037876, -0.72616]
[0.242058, -1.028962, -0.37835, -0.589364, -0.930541, -0.773701, -0.832069, -1.667021, -0.21189, -0.106191, 0.486406, -1.093162, 0.209675, 0.695575, 0.543725, 0.335153, 0.052297, 0.6118, -0.171774, -0.118323, -0.681837, 0.083776, -0.81576, -0.116458, -0.325667, -1.161061]
[0.14789, -1.632397, 0.788612, -0.583081, 0.025696, 0.083819, -0.543678, -0.793675, -0.099453, -1.205721, -0.028506, 0.718846, -1.067048, 0.031731, -0.8884, -0.671824, 0.563615, 1.257069, -0.375597, 0.267111, -0.676385, -0.456006, -0.005806, -0.755763, -0.827115, -0.555142]
[-0.306306, -0.616338, 0.430353, -0.480601, -0.61863, 0.056967, 1.024235, -0.39643, 1.026579, -1.032521, -0.275543, -0.857545, -0.059529, 0.092128, 0.254854, -0.356653, 0.327545, -0.337529, -0.973683, 0.645531, 0.246474, -0.57876, -0.757392, 0.348705, -1.252755, -0.362703]
[-0.444049, -0.608016, -0.608687, -0.096774, -1.019043, 1.007998, -0.154034, -0.233428, -0.624538, 0.310743, 0.278287, -0.542771, -0.386692, -0.668186, -0.192867, 0.154524, -0.04487, -0.63724, 0.231634, -0.067019, -0.165913, -0.383313, 0.992527, 0.766581, -0.653165, -0.212708]
[-0.057648, -0.656618, -0.556456, 0.034155, 0.088243, -0.330575, -0.544998, -0.29899, -0.665958, -1.024903, 0.992767, -0.390742, 0.537395, -0.102286, -0.828551, -0.18671, -0.514957, -0.008146, -0.908668, -0.393837, -0.022979, -0.19249, -0.176338, -0.832118, -0.545008, -0.661686]
[0.155014, -0.49233, -0.281528, -0.211005, -0.461587, -0.576003, -0.60725, -0.811838, -0.288149, -0.507917, -0.417944, -0.115409, -0.108762, 0.774703, -0.710742, -0.292967, 0.728071, -0.581647, -0.039622, 0.529196, -0.877742, -0.044239, -0.497767, 0.994455, -0.673537, -0.311308]
[-0.821655, 0.331909, 0.427461, -0.749873, 0.579152, -0.589886, -0.152783, -1.010749, 0.639034, -1.20311, -1.190733, 0.016417, -0.976615, -0.890996, 0.506901, -0.595432, -0.170137, -1.273068, 0.187249, 0.290314, 0.365962, 0.092142, -1.026612, -1.304987, 0.317824, -0.142777]
[-0.321641, -1.039143, 0.251591, 0.307584, -1.420275, -0.313548, -0.781769, -0.355297, 0.553524, 0.257039, -0.692609, 0.772168, -0.261469, -0.309259, 0.518724, -0.277067, 0.408392, -0.357852, 0.058821, -0.971119, 0.222281, -0.110876, 0.902184, -0.213066, -0.314664, -0.286728]
[-0.623338, 0.262276, -0.68381, -0.953347, -0.471584, -0.760132, -0.340001, 0.664897, -0.337631, -0.723177, -0.74655, -0.788096, 0.568798, 0.713273, 0.384162, -0.536796, -0.443875, -0.739152, -0.487703, -0.394964, 0.18357, -1.057898, 0.240985, 0.115511, 0.155676, -0.213881]
[-0.689166, -0.72078, 0.882931, -0.351778, -0.507176, -1.452235, -0.841357, -0.504277, -0.157443, 0.80594, -0.973534, -1.011839, -0.754741, -0.697894, 0.738489, 0.402855, 0.334087, 0.298, -0.565316, -0.358453, 0.526249, -0.492918, 0.680192, -0.389389, -0.824534, 0.473641]
[-1.277073, -0.659723, -0.475, 0.041554, -0.447113, -0.298474, -0.595437, -0.067873, -0.365011, -1.244786, 0.664549, -0.848807, -0.789064, 0.161445, 0.083234, -0.25856, -0.662767, -1.180481, -0.091084, 0.686733, 0.355841, -0.571699, -1.150663, -1.194687, 0.023754, -0.092634]
[-0.077754, -0.480667, -0.338849, 0.641211, -0.296445, -0.696574, -0.583569, 0.753244, -0.312321, -0.340002, -0.52055, -0.405136, 0.157696, -0.003141, 0.586682, 0.455231, -0.109632, -0.951527, -0.662258, -0.090572, 0.644119, -0.655375, -0.246509, -0.227548, 0.065823, -0.01058]
[0.136004, 0.967538, -1.255179, 0.36472, -1.590786, -1.479468, -0.150775, 0.194756, -1.410777, -0.500654, 0.144116, 0.361238, -0.449628, 0.171035, -0.678841, -0.494374, 0.915223, 0.001914, -0.036521, -0.717704, 0.391933, 0.371224, -0.07525, -0.197441, -1.756211, -1.20346]
[-0.920919, -0.761319, 1.305576, -0.628375, -0.867294, -0.526622, 0.037581, -0.696455, -0.219049, 0.531214, 0.203148, -1.104493, -0.073296, -0.34296, -0.135408, -0.686685, 0.777298, 0.423601, -0.555238, 0.415143, -0.657297, -0.176481, -0.523957, -0.513212, 0.297404, -0.2539]
[-0.395335, -0.369877, -1.129248, 0.845676, -0.712298, -0.275424, 0.431686, -0.567981, -0.500216, -0.66435, -0.637502, -0.7649, 0.806935, 0.765519, 1.000326, -0.713685, 1.072131, -0.406439, -0.831567, -0.285031, 0.307085, -1.302488, 0.336266, -0.156929, -0.413105, -0.526736]
[-0.103891, -0.18216, 0.310139, 0.843451, -0.774416, -0.470687, 1.307348, -0.3872, -1.009825, 0.31043, -0.773999, 0.595258, -0.288086, 0.246163, -0.247256, -0.688854, -0.214535, 0.384708, -0.857092, -0.165497, -0.276836, -0.56188, 0.049025, -0.133044, -0.494864, -0.204786]
[-0.415106, 0.496822, -0.769826, -0.130357, 0.363951, -0.778592, -0.255648, 0.434644, -0.994935, 0.334118, -1.267498, -0.629906, -0.610388, 0.039908, -0.030398, 0.279738, -1.248383, 0.338742, -0.075217, -0.564891, 0.470664, -0.822983, 0.144575, -0.819503, -0.631733, 0.092559]
[-0.476863, -0.043374, 1.13548, 0.058803, 0.180814, -0.305702, -0.575335, -0.699736, -0.229674, 1.081485, -0.961237, -0.955221, -0.679782, -0.403992, 0.349747, 0.787022, -0.918613, -1.107115, -1.283035, -0.009509, -0.241127, 0.124118, -0.555405, -0.645938, -0.280399, 0.733349]
[0.280325, -1.12252, -0.435397, -0.936121, -0.419644, 0.243623, 0.099493, 0.61756, -0.584248, -0.054695, -0.669045, -0.781446, -0.774804, -0.838995, -0.839336, -0.087431, -0.170057, -0.234418, -0.270822, 0.458358, 0.343796, -0.196522, -0.817127, -0.676816, -0.142079, -0.110357]
[0.492877, 0.052854, -0.772504, 0.403847, -1.184971, -0.798019, -0.420684, -0.675043, 1.402347, 0.072701, -1.158718, -0.430311, -0.827286, 0.654918, -1.272093, -0.762344, -0.338196, 1.163561, 0.949511, -0.549083, -0.223393, -0.429207, 0.096282, 0.233575, 0.208104, -0.729952]
[-1.053021, 0.748664, -0.236537, 0.452512, -0.762814, 0.012712, 0.288565, -1.473152, 0.736964, 0.578404, -0.861456, -1.292288, -0.822578, -0.122997, 0.02108, -0.445644, 0.173629, -0.703134, 0.688521, 1.185412, 0.06842, -0.67833, 0.159073, -0.515995, -1.300876, -0.375866]
[-1.042523, -0.989678, 0.031737, -0.809002, -0.596682, 0.870116, 0.258177, 0.337763, -1.398928, -0.902964, 0.119323, -0.468608, -0.192354, -0.00391, -0.779144, -0.867695, -0.953022, -0.895839, -0.200571, 1.162215, 0.6745, 0.60454, -0.148378, 0.462717, 0.632443, -0.752831]
[-0.855492, -0.552417, -0.424077, -0.88801, 1.084117, -0.877419, -1.396153, 0.292412, 0.354872, -1.447578, 0.371219, 0.006334, -0.265268, 0.042122, -0.486489, -0.802984, 0.49933, -0.97755, 0.120624, 0.039483, -0.535179, -0.951951, -0.617687, -0.349228, 0.395621, -0.618922]
[0.543067, 0.407514, -1.090695, -0.055127, -1.023657, -0.52742, 0.093288, -0.623992, -0.067024, -0.7356, -0.702333, 0.915811, 0.075442, 0.604313, 0.701453, -0.386001, -0.707318, -1.195728, -0.266674, -1.030024, 0.168537, -0.758191, -0.510799, 0.77679, -0.338343, 0.258756]
[-0.114404, -0.390203, -0.324547, 0.823671, -0.139606, -0.565877, -0.544178, -0.134992, -0.589886, 0.074381, -0.358943, -0.401021, 0.208128, 0.030369, -0.738242, 0.349362, -0.685602, -0.344647, -0.534286, 0.441716, -0.304682, 0.209654, -0.435978, 0.355523, -0.53219, 0.219133]
[-0.58776, -0.440217, -0.022654, -1.576657, -0.286986, 0.082475, 0.553349, 0.681124, -0.389463, -0.670798, 0.344323, -0.789828, 0.627267, 0.083312, 0.917989, 0.318883, 0.510671, 0.554281, -0.953729, -0.237322, -0.449734, -0.906494, 0.303525, -0.843886, -0.628827, -0.68785]
[-0.391233, 0.345364, -0.165019, -0.194774, 0.349703, 0.239877, -1.018088, -0.295083, -0.953152, -0.904306, 0.844562, 0.278379, -0.280415, 0.124214, -0.781824, -0.970566, -0.862511, -0.602427, 0.363211, -0.559873, -0.411881, 0.032075, -0.561992, 0.541974, 0.699717, -0.705243]
[-0.009415, 0.520844, -0.352653, 0.534068, -0.21757, -0.351445, -0.088508, -0.406743, -0.145742, -0.311592, -0.393506, -0.330759, 0.389097, 0.318604, -0.626502, 0.069984, 1.379756, -0.080017, 0.060947, -0.006265, -0.562131, -0.156829, -0.25223, -0.057703, 0.080103, -0.406878]
[0.287397, -1.24622, -0.478715, -0.49808, -0.01771, 1.027937, -0.459251, -0.569295, -1.264965, 0.704153, -0.71144, -0.825759, -0.570723, -0.73305, -0.313878, 0.525685, -0.221663, -1.123252, 0.065722, 0.742395, -0.560363, 0.099572, -0.01486, 0.206644, -1.209145, 0.394055]
[0.181055, 1.476933, -0.488199, -0.420626, -0.254505, -0.624804, 0.460004, -0.554243, -0.85883, 0.614505, -0.61968, -0.536145, 0.981841, -0.532722, 0.230931, -0.472692, 0.466682, -0.244986, -0.536783, -0.56425, -0.732666, 0.065348, 0.039149, -0.659402, -0.657241, -0.378824]
[-0.399456, -0.506531, -0.834897, 0.897985, -0.650597, -0.759952, -1.059031, 0.587379, -0.729178, 0.377871, -0.466322, -0.29283, 0.411677, -0.164394, -0.749697, -0.758905, -0.285056, -0.103628, -0.442968, -0.320041, 0.770922, 0.534204, -0.049725, -0.183638, -0.569862, -0.377262]
[0.734154, -1.478035, -0.992175, 0.151931, -0.460942, -0.499702, 1.098291, 0.366575, 0.660668, -0.52261, -0.240886, -0.53152, 0.059077, -0.122904, 0.418265, -0.451177, 0.105418, -1.301915, -0.861343, -0.620221, -0.033955, -0.607867, 0.090064, -0.744908, -0.526074, -0.304899]
[-0.272455, 0.86076, -0.958579, -1.12373, 0.832289, 0.236809, -0.581894, 0.39014, -0.988125, 0.471149, 0.095366, -1.621746, -0.364689, -0.465119, -0.85266, 0.05757, -0.677503, -0.485165, -0.272351, -1.356744, -0.730557, -0.16963, 0.556947, 0.262106, 0.179054, 0.345396]
[0.423355, 0.944113, -1.000192, -0.762952, -0.983802, -0.368492, 0.022776, 0.553464, 0.424227, 0.096131, -0.415543, -0.697224, 0.417645, -0.225838, 0.334596, -0.073494, -0.527214, -0.407206, 0.240914, -0.880557, -0.348999, -0.677868, 0.085587, -1.124922, -0.189031, -0.661121]
[0.219855, -0.077586, -0.079988, 0.096488, -0.110689, -0.801282, -0.206329, 0.109083, -1.603498, 0.31096, 0.093229, 0.452327, -0.926587, 0.062459, -1.657511, -0.765598, -0.57701, 0.333198, -0.24255, -0.792554, -0.135017, -0.122922, -0.53868, 0.071617, -0.772371, 0.249014]
[-0.902963, -0.553956, -0.710003, 0.181196, -0.684066, -0.661169, -0.897189, -0.081695, -0.967784, -0.479988, -0.511571, -0.669015, 0.146949, 0.261339, 0.23817, -0.01002, 0.501383, 0.626546, -0.669031, 0.305952, -0.571074, -0.29853, 0.520817, 0.062064, -0.292859, -0.417606]
[-0.203691, 0.088293, -0.276017, 0.170132, -0.306754, -0.391778, -0.108487, 0.29812, -0.263429, -0.192155, -0.462961, -0.168687, 1.225125, -0.854778, -0.739218, -0.395165, -0.098378, -0.058593, -0.076382, -0.105973, 1.135841, -0.04061, -0.48812, -0.265043, -0.259455, -0.062226]
[-0.949156, -1.276115, 0.366919, -1.017961, -1.254846, -0.671675, 0.194098, -0.347593, 0.295494, -0.783582, 0.594317, 0.007476, -0.210469, 0.066638, 0.275052, -0.768122, -0.476839, -1.372591, 0.344806, -0.459496, 0.734246, -1.630547, -0.041604, -0.063388, 0.42995, 0.060081]
[-0.73916, -0.258106, 0.308734, -0.500624, -0.327523, 0.301661, -0.623732, -0.083803, -0.024687, 0.195007, -0.156221, -0.281117, 0.504608, -0.351813, 0.595681, -0.094476, -0.50489, 0.237481, -0.187693, -0.236355, -0.108135, -0.53094, 0.634053, -0.059001, -0.001869, -0.383756]
[0.796283, -0.636156, -0.112268, -0.755328, -0.542263, 0.794283, 0.895832, 0.255062, 0.711232, 0.178082, -0.45916, -0.516042, 0.775221, -0.738165, 0.689818, -0.020546, -0.830773, -1.256411, -0.248459, -1.067588, -0.518699, -0.383587, 0.227002, -0.154169, -0.604681, -0.283889]
[-0.189031, -0.477645, -0.650439, -0.410176, -1.169574, 0.894305, -0.477433, 0.239703, -0.351163, -0.356171, -0.505327, -0.559855, 0.182218, 0.15307, -0.529718, 0.610177, -0.519898, -0.630722, -0.77084, 0.596555, -1.061383, 0.62216, -0.009913, -0.551628, 0.378521, -0.952778]
[-0.253222, -0.738429, -0.999946, -1.170094, 0.316529, 0.25675, 0.743686, -0.082441, -0.062175, 0.071039, -1.366662, -0.602292, -0.311383, -0.911523, -1.131028, -0.855878, -0.823231, -0.802385, -0.081106, -0.202621, -0.712638, 0.531438, 0.127408, 0.379839, -0.043329, 0.043579]
[0.190321, -1.479416, 0.173267, -0.529836, -0.834863, -0.454535, 0.434326, -0.587374, 0.53974, 0.551633, 0.161131, 0.729259, -0.740752, 0.472518, -1.222989, -0.812905, 0.381566, -1.221575, 0.779528, -1.216953, -0.191176, -0.504574, 0.331048, 0.458898, -0.78465, -0.943176]
[0.449049, -0.891699, 0.316562, 0.982869, -0.904869, -0.289005, -1.086029, -0.087522, -1.317616, 0.180641, -0.043542, -0.876753, -0.280603, -0.189222, -0.592036, 0.279495, -0.318674, 0.934256, -0.751692, 0.566707, -0.061577, 1.225113, -1.152185, -1.256595, -1.143447, -0.496051]
[-0.513256, -0.834972, -0.353591, -0.628744, -0.526908, -0.735166, -0.688839, -0.50241, 0.197612, 0.153573, 0.311678, 0.763569, -0.072257, -0.835141, -0.626547, -0.145291, 0.56594, -0.400845, -0.656715, -0.141675, 0.88059, 0.213541, -0.589177, -0.177882, -0.560943, 0.531581]
[-0.759466, -0.553491, 0.243677, 0.390167, -0.490353, -0.673589, -0.443726, -0.660697, -0.665181, 0.681758, 0.14048, -0.103981, 0.477209, -0.397829, -0.224392, -0.198423, -0.254731, -0.26586, -0.109455, -0.519664, -0.081681, -0.098484, 0.976481, -0.273803, 0.349641, -0.596503]
[0.0082, -1.098158, 0.587458, -0.598676, 1.424068, 0.769217, -0.887944, -0.387677, 0.496409, -0.672122, 0.510879, -0.013563, -0.933239, -0.580886, -0.709313, 0.122087, -0.405278, -0.816347, -0.767044, -0.217288, -0.600839, 0.655748, -0.429277, -0.930115, 0.375536, -1.056118]
[-0.872921, -0.726211, 1.087227, -0.21769, -0.209461, 0.185599, 0.609007, -0.69801, -1.169138, -0.639732, 0.992271, -0.965717, -0.805726, 0.751191, 0.526083, -0.667126, -0.743285, -0.467933, 0.947859, 0.239467, 0.131363, -0.757071, 0.029569, -0.899617, -0.589219, -0.511457]
[-0.398532, 0.090513, -0.81251, 0.693771, -1.110002, -0.664238, -0.378244, -0.706899, -0.544766, -0.50486, -1.308798, -0.627496, 0.285733, -0.190317, 0.612317, 1.276683, -0.863944, -0.61423, -0.666369, 0.479297, -0.458446, -0.652083, 0.275084, 0.208483, -0.068745, 0.563079]
[-0.375797, 0.764847, -1.164033, 0.114668, 0.337063, 0.060747, -0.386823, -0.696842, -0.691068, -0.493703, -0.935964, -0.126809, -0.998037, -0.633874, -0.508718, -0.138771, -1.188547, 0.030328, -0.144973, 0.083243, -0.47945, -1.021042, -0.83644, -0.514162, 0.775979, 0.090542]
[-1.092403, -0.974189, -0.157377, -0.705835, -0.968463, 0.021776, 0.201257, 0.122357, -0.730172, -0.764668, -0.220949, 0.182621, -0.53932, 0.055996, -0.004685, -0.53513, -0.506223, 0.19366, -0.709689, -0.442527, 0.635623, 0.395733, -0.229217, 0.083695, -0.749692, -0.525649]
[-0.508993, -0.729687, -0.251444, -0.159398, -0.691232, -0.356397, 0.535854, -0.442545, 0.44804, 0.049951, -0.708234, -0.522545, -0.214515, -0.403541, -0.378976, -0.648179, -0.02016, -0.911257, -0.077951, 0.083605, 0.431591, 0.498445, -0.35351, -1.141613, -0.57234, -1.169644]
[-1.196815, 0.071785, -0.995628, -0.442205, 0.117287, -0.918587, -1.247418, -0.197172, 0.525567, 0.338264, -0.759102, 0.797087, -0.276696, -0.711861, -0.213317, -0.775133, -0.230967, -0.355726, -0.28475, 0.284096, -0.441694, -1.390501, 0.408926, 0.096795, 0.953784, 0.725018]
[-0.602933, 0.292946, -0.726967, -0.231568, -0.27337, 0.047187, -0.559707, -0.202333, -0.682037, -0.130689, -0.800219, -0.038753, 0.328148, -0.28544, -0.646417, -0.808217, 0.057226, 0.383476, 0.853771, 0.009529, -0.99816, 0.413716, -0.120267, 0.2035, 0.364897, -0.139018]
[0.649653, -0.503085, -0.651851, -0.092541, 0.489644, -0.779829, -0.553063, -0.514497, -0.416337, 0.030909, -0.127968, -0.00998, -0.973093, -0.454774, -1.445102, -1.093006, -0.423208, 0.442681, -0.02296, -0.196627, -0.906889, 0.193862, -1.053213, -0.256551, -0.217552, 0.228674]
[-0.578438, -0.117246, -0.220719, -0.273605, -1.380268, 0.981602, -0.594975, -1.000014, -0.518527, 0.688385, -0.584835, -1.102644, 0.402626, -0.717808, 1.065175, 0.723654, -0.73593, -0.895694, 0.658021, 0.065487, -0.89722, 0.061561, -0.572639, -1.273119, 0.399431, -0.934486]
[-0.48081, 0.199671, -0.364395, -0.327387, -0.457099, -0.110663, -0.50603, -0.681029, 0.402395, 0.156822, 0.040599, -0.625631, 0.236442, 0.281468, 1.473016, -0.04913, -0.519046, 0.209781, -0.077694, -0.463653, -0.000365, -0.363151, 0.38768, -0.077436, -0.937705, -0.738162]
[0.838815, -0.186889, -0.636706, -0.105217, -0.560439, -0.273705, -0.147726, -0.510053, 0.380748, 0.220667, 0.143335, -0.478633, 0.390307, -0.444122, -0.496324, -0.455924, -0.279729, -0.880828, -0.757815, -0.220102, -0.637535, -0.461629, 0.412591, 0.482846, -0.839933, 0.502929]
[0.450124, -0.03633, -0.382919, -0.950973, -0.327812, -0.402739, 0.938826, 0.77168, -0.598123, -0.687012, 0.096658, -0.417357, -0.549059, 0.560644, -0.928698, -0.990844, 0.689044, 0.631123, 0.87915, -0.591316, -1.072139, -0.662195, 0.513987, -0.025911, -0.557651, -0.311938]
[0.427443, -0.908196, -0.426484, -0.425754, -0.617805, -0.289212, -0.971838, -1.132093, 0.789391, 0.020982, -0.934196, -0.402478, 0.376134, 0.58497, -0.581796, -0.221666, -0.298469, -0.529156, 0.058151, -0.018716, -0.518313, -0.73795, 0.660234, 0.610416, 0.332979, -0.939297]
[0.231327, -0.751594, -0.544058, -0.797418, -1.038066, -0.230222, -0.838252, -0.08063, -0.592865, -0.097486, 0.593621, -0.861598, -0.34341, -0.228024, -0.793606, 0.328881, -0.546929, 0.511643, -0.491944, -0.472403, -1.076119, -0.040621, 0.048555, 0.417354, -0.318766, -0.307403]
[0.639692, 0.226738, 0.061583, 1.066145, 0.344001, 0.286244, 0.364995, -0.753033, 0.831287, 0.202859, -1.025679, -0.107219, -0.686548, -0.856718, -0.121505, -0.233335, -0.804399, -0.59242, -0.441973, -1.22656, -1.161405, -0.721249, -0.494309, -1.093821, -0.870144, -0.145188]
[-0.895625, -0.376837, -0.682001, -0.49965, -0.229283, -1.388994, -0.484142, -0.424888, -0.56306, -0.102269, -0.495359, -0.615044, 0.298771, -0.702342, -0.434555, 0.418849, 0.721224, 0.736054, -0.666734, 0.13218, -0.620419, 0.595187, -0.230164, 0.428917, 0.604795, 0.512616]
[0.311944, -1.26013, -0.59134, 0.960242, -0.572986, 0.213141, -0.521439, 0.664128, -0.946352, 0.198359, -0.65875, -0.295531, 0.273453, -0.262346, -1.339495, 0.268306, -1.063441, 0.233527, 0.363379, 0.085345, -1.355925, -1.209246, -1.226999, 0.433771, 0.233491, -0.126949]
[0.380633, 0.040196, -0.366316, -0.600298, -0.61226, 1.344551, 0.298615, 0.706395, -0.232902, -0.899612, -0.683748, -0.353241, -0.146205, 0.640385, -0.602981, 0.130029, -0.007017, 0.308169, -0.129339, -0.112114, -0.820486, -0.011581, 0.163494, -0.269167, -1.3847, -0.792609]
[-1.06461, -0.480668, -0.012483, -0.233977, -0.015099, 0.02026, 0.245418, 0.548532, -1.155172, 0.353118, 0.63097, -0.023209, -1.448889, -1.486596, 0.200065, -0.242319, -0.135207, -0.356338, -0.863337, -0.864183, 0.489509, -0.311626, -0.251526, -1.198264, -0.747803, 0.604782]
[0.497193, -0.280284, 0.22104, 0.242367, -1.275661, -0.816745, -0.495367, -0.827856, 0.299179, -0.319244, 0.100289, 0.812539, -0.374699, 0.211878, -0.193286, -0.820113, 0.539164, 0.288903, 0.173118, -0.997613, -0.461607, -0.461633, 0.123863, -0.212, -0.750962, -0.260576]
[-0.624349, -0.487004, -0.837574, -0.486355, 0.391025, -0.431069, -0.441282, 0.126472, 0.74838, -0.667315, -0.899575, 0.057466, -0.201251, -0.24427, 0.182005, -0.167298, 0.467359, -0.430125, -0.768304, 0.777507, -0.298739, -0.86991, -0.492244, -0.788408, 0.617815, 0.658903]
[0.677583, -0.455093, -0.658318, -0.986385, 0.564442, -0.405371, -0.682589, -0.497291, 0.61238, 0.441452, 0.744488, -0.135665, -0.596157, -1.050435, -0.736151, -0.80905, -0.511885, -0.204138, -0.952185, 0.6647, -0.381613, -0.259522, 0.635464, 0.536582, -1.489516, 0.790328]
[0.162443, -1.274498, -0.534748, -0.901649, -0.818369, 1.318998, -0.806182, -0.226765, -0.705388, 0.578916, 0.010385, -0.851799, 0.67542, -1.246741, -0.590156, 0.299451, -0.831927, 0.493693, -1.028336, -0.153238, -0.560438, -0.492149, -0.163316, 0.961601, -0.013411, 0.695226]
[-0.289225, -0.778911, -0.534314, -0.386994, -0.830377, -0.41447, -0.736745, -0.587434, -0.364304, -0.080673, 0.135729, 0.181994, 0.041822, 0.675931, -0.981812, -0.640749, 0.514682, -1.33583, -0.794127, -1.245287, 0.862036, 0.84116, 0.21891, 0.677651, 0.456487, -0.38065]
[-0.478419, -0.594206, -0.41127, -0.781299, 0.952425, -0.511222, 0.094571, -0.256875, -0.346136, -0.340342, -0.385225, 0.140652, 0.212535, 0.196755, 0.027964, -0.35875, -0.468301, 0.433731, 0.703552, -0.491012, -0.164574, -0.847478, -0.163179, 0.333854, 0.099639, 0.077769]
[-0.748818, 0.348182, 0.085151, 0.619759, -0.585497, -0.705463, -0.974394, 0.014114, -0.122057, -0.916022, -0.390027, -0.730318, 0.460476, 0.761918, 1.050346, 0.682565, -1.251443, 0.465368, -1.059818, -0.254559, 0.386575, -0.790779, 0.157759, -0.899402, -0.205507, -0.73001]
[-0.451724, 0.640824, 0.849641, -0.591601, 0.82984, -1.104708, 0.401452, -0.856225, -0.523802, 0.02689, -0.591059, -0.211883, 0.357629, -1.113962, -0.231427, -0.36521, 0.649115, -0.835737, 0.365921, -0.765451, -0.57512, -0.31605, -0.454902, -0.925103, -0.582752, -0.696466]
[-0.338986, 0.923336, -0.164412, 0.116023, 0.008449, -1.432983, -1.002534, 0.449616, -1.041522, -1.079397, 0.236769, -0.410265, 0.277732, -0.916906, -0.028386, 1.007633, 0.824219, -0.110811, -1.142031, -0.730458, -0.983592, -0.957543, -0.067722, -0.035599, -0.603325, 0.794565]
[0.503282, 0.710637, 0.257007, 0.089718, -0.738294, -0.353019, -0.268148, -0.820327, -1.169086, -1.263862, -0.411853, 0.224177, 0.704478, -0.192122, -0.206038, 0.043639, -0.784653, -0.428728, -0.977571, -0.746206, -0.744067, 0.002854, -1.203728, 0.687612, 0.238457, 0.153765]
[0.444881, -0.779719, 0.888803, -0.531023, 1.028239, -0.357888, 0.55076, -0.0465, -0.254529, -1.411855, 0.659076, -0.434902, -0.285961, -0.364442, -1.446804, -1.205775, 0.298143, -0.71883, -0.664786, 0.578335, -0.262144, -0.580344, -0.317483, -0.050868, -0.537791, 0.234627]
[-0.549028, -1.241941, -0.336798, -0.321892, -0.767519, -0.433831, -0.223714, -0.511598, -1.208081, 0.502577, -0.939022, -0.434122, 0.43167, -0.383196, -0.485902, 0.922046, 0.379908, -0.469668, -0.22032, 0.618763, -0.44604, 0.823458, -0.39184, 0.665255, 0.649609, -0.634554]
[-0.007139, 0.145239, -1.284756, -0.869815, 0.725161, 0.016541, 0.3671, -0.062433, -0.559284, -0.333621, 0.32834, -0.724249, -0.813301, -0.351172, -1.021389, -0.357105, -1.187325, -0.023816, 0.108145, -1.930961, 0.508295, -0.055961, -0.406813, 0.208956, 0.483416, -1.381954]
[-0.55595, -0.276196, 0.575936, -1.022254, -0.61894, 0.788401, 0.608882, -0.286385, -1.12993, -1.051196, -1.069763, 0.332832, 0.301006, 0.435692, 0.690166, -0.806387, -0.415444, -0.167614, 0.652557, -0.637709, -0.423307, -0.286103, 0.516316, -0.747494, -1.180756, -1.007042]
[-0.443935, -0.32192, 0.315846, -0.37093, 0.154534, -1.072829, -0.961959, -0.903309, 0.516055, -1.084541, -0.289068, 0.458124, -0.332187, -0.99923, -0.331817, -0.349237, -0.067617, -0.861763, -0.436974, -0.425161, 0.240217, 0.381882, 0.155304, -0.399393, 0.548955, -0.185397]
[-0.422034, -0.252062, -0.742205, 0.573295, -0.389154, -0.397405, -0.347073, 0.820889, -0.180741, 0.216462, -0.316276, -0.226064, 0.349148, -0.035369, 0.025802, -0.36421, 0.729131, -0.464751, -0.208108, -0.221428, 0.639399, -0.085314, -0.516589, -0.402169, -0.468404, -0.319438]

BIAS DA CAMADA DE SAÍDA (b0)
[-0.547399, 0.336584, 0.064046, -0.402572, -0.66056, -0.63108, -1.182635, -0.955149, -0.658704, 0.124031, 0.150246, 0.267526, -0.962785, -0.45848, -0.748461, -0.682713, -0.790003, 0.160443, -0.275207, -1.425423, -1.164901, -0.887421, -1.010907, -0.856735, -0.376192, 0.130866]
