PESOS ENTRADA OCULTA (W)
[-0.073128, 0.036241, 0.034152, 0.102285, -0.135261, -0.156752, 0.110305, 0.067188, -0.023655, -0.017005, 0.106891, 0.149072, 0.12085, -0.029868, -0.123271, 0.142278, -0.03976, 0.15723, 0.030687, 0.080098, -0.166501, -0.052687, 0.061568, -0.042809, 0.047996, 0.048186, -0.0395, -0.108977, 0.056127, 0.087529, 0.04927, 0.009529, 0.109899, 0.018231, -0.095372, -0.165073, -0.032671, 0.011624, -0.085442, 0.085142, 0.029247, 0.147957, 0.077407, -0.162751, 0.047398, 0.043722, -0.05458, 0.053122, 0.027533, 0.056375, -0.12306, 0.036167, 0.049032, -0.046314, -0.059748, -0.02089, 0.079151, -0.125898, -0.061159, 0.000817, 0.161949, 0.148126, 0.157513, 0.017017, 0.113811, 0.001112, 0.025101, 0.071115, -0.110689, 0.107177, 0.050713, -0.128931, 0.035327, 0.074753, -0.110213, 0.028737, 0.055008, 0.098051, -0.152128, -0.063559, 0.074303, -0.007268, -0.131722, -0.131563, 0.129036, -0.024191, 0.008195, -0.069734, -0.020983, 0.067435]
[-0.11252, 0.030929, -0.155657, -0.04214, 0.164278, 0.13304, -0.012884, 0.16369, 0.136459, -0.01681, -0.14533, -0.130373, -0.020191, 0.09921, -0.142402, -0.076928, 0.027078, -0.054566, 0.002245, -0.066882, -0.149979, -0.048095, -0.122899, 0.154961, 0.15269, 0.058324, -0.084588, 0.063286, 0.146728, -0.007563, -0.002708, -0.15886, 0.144441, -0.032051, 0.105858, 0.069448, -0.046753, 0.161182, 0.087041, -0.005153, 0.119172, 0.147616, -0.044352, 0.129798, 0.069372, -0.159504, -0.06952, -0.118058, -0.094893, 0.104671, 0.001799, 0.089651, 0.098532, 0.043761, -0.090481, -0.05961, 0.148262, -0.145898, -0.096602, -0.132627, -0.152653, 0.10633, 0.046675, 0.067004, -0.010037, 0.032467, 0.072715, 0.168362, 0.081008, -0.001671, 0.07625, -0.110712, -0.086996, 0.166211, 0.140701, -0.139113, -0.101947, 0.047356, 0.0713, 0.030331, 0.141625, 0.003776, 0.02262, 0.085446, -0.013256, -0.040002, 0.097795, -0.141903, 0.154601, -0.067341]
[0.098585, -0.094431, 0.139901, 0.168642, 0.124355, -0.156323, 0.076581, 0.011949, 0.00902, 0.167331, 0.073669, -0.080442, -0.143682, -0.121668, -0.024787, -0.100657, -0.116088, 0.062302, 0.133128, 0.060019, 0.070797, 0.089951, -0.160581, -0.10786, -0.027975, 0.069403, 0.018533, 0.007509, -0.15445, 0.142128, 0.098427, 0.092831, 0.102605, 0.065783, -0.055589, -0.159353, -0.101086, -0.162217, -0.118692, -0.129275, 0.13701, 0.113748, 0.153429, -0.142127, -0.119557, -0.028543, 0.14294, 0.076872, 0.009984, 0.053632, -0.011391, -0.05785, -0.046324, -0.032461, 0.160992, -0.099703, 0.041157, 0.13291, -0.060296, 0.150989, 0.069311, -0.077525, 0.145701, 0.036207, -0.062558, 0.047982, 0.015583, 0.148855, 0.075588, -0.02642, -0.081461, 0.103595, -0.013722, 0.13637, -0.117782, -0.037046, -0.166756, 0.028063, -0.117306, -0.160826, 0.143331, -0.094175, -0.039464, -0.144916, 0.160942, 0.069584, -0.097477, 0.055648, 0.052397, -0.144429]
[0.098524, 0.111077, 0.048704, 0.164795, -0.131002, 0.101594, -0.089865, 0.019614, 0.117563, -0.140727, -0.148617, -0.150304, 0.02346, 0.103386, 0.053143, -0.151027, -0.15627, -0.043614, -0.038429, 0.164522, -0.117195, 0.120675, 0.161251, 0.069958, -0.130883, -0.144083, 0.003618, -0.018097, -0.067096, -0.040771, 0.042037, -0.014948, -0.094489, -0.135432, -0.10534, -0.095769, 0.024882, -0.095307, -0.050751, 0.099429, 0.042929, 0.052857, 0.165441, 0.064136, -0.128591, -0.058734, -0.149762, 0.109368, 0.121103, 0.144039, -0.123864, 0.091501, -0.073911, -0.063418, -0.117345, -0.150798, -0.159847, -0.16528, -0.074117, 0.041442, -0.003017, -0.136892, -0.055343, 0.144266, 0.034115, -0.069144, -0.137249, 0.022146, -0.080625, 0.080592, -0.042736, -0.113757, 0.118794, 0.080991, -0.050141, 0.014718, -0.006524, -0.105708, 0.022947, -0.118251, 0.1382, -0.099106, -0.045138, 0.102729, -0.057512, -0.003289, 0.006759, 0.142032, 0.014712, 0.075]
[0.121507, -0.094614, 0.141351, 0.090195, 0.052691, 0.086225, -0.094673, -0.053534, -0.025908, -0.036292, 0.078282, 0.040769, -0.032674, 0.168986, -0.167282, 0.131063, 0.095313, 0.128462, 0.044565, -0.073558, 0.000195, 0.036077, 0.100407, -0.084949, 0.003938, 0.087227, -0.117685, 0.160126, 0.093492, 0.079584, 0.01224, 0.055004, -0.124249, 0.052229, 0.163331, 0.088006, 0.087755, 0.019172, 0.161496, 0.008805, -0.161287, 0.11562, -0.148729, 0.155576, -0.082515, 0.098022, -0.021669, 0.039068, 0.031747, 0.106985, -0.070336, -0.069916, -0.150079, -0.037965, -0.03425, -0.004684, -0.14787, -0.118262, 0.141511, 0.157349, -0.085361, 0.083043, 0.003187, 0.085878, 0.015759, -0.096782, -0.067441, -0.165226, 0.12022, 0.073167, 0.105753, -0.08587, 0.148789, 0.065786, -0.079609, 0.101391, 0.039331, -0.114009, 0.110025, 0.043926, 0.118883, -0.096811, -0.014624, 0.099961, -0.108289, -0.152113, -0.118132, 0.009238, 0.097756, -0.127354]
[0.070185, 0.166646, 0.086046, 0.035206, 0.058829, -0.065381, -0.066694, -0.108833, -0.150201, -0.134512, -0.149003, -0.052759, 0.091436, 0.041745, 0.158229, -0.020873, -0.091301, 0.039515, 0.14914, -0.101959, -0.146748, 0.102996, -0.138146, 0.042677, 0.11361, -0.099308, -0.123584, -0.092549, 0.128062, -0.130711, -0.05749, 0.036255, 0.133175, -0.11112, 0.122059, -0.062644, 0.024177, 0.087679, 0.122555, 0.093696, -0.066856, 0.030368, -0.127696, -0.039547, -0.104724, 0.168293, -0.003874, -0.148352, 0.026486, -0.003004, -0.045247, 0.012168, -0.082044, 0.149602, -0.13276, -0.104535, -0.164121, 0.148273, 0.033798, 0.099503, 0.047453, 0.141507, 0.065676, 0.038912, -0.025262, -0.091511, 0.084664, 0.050162, 0.152907, 0.152042, 0.142378, -0.097856, -0.151518, 0.166116, 0.124222, -0.127026, -0.040198, -0.155549, -0.166787, -0.110985, -0.132324, -0.020025, -0.046186, -0.047802, 0.124708, -0.134825, 0.158936, 0.047892, -0.073499, -0.067778]
[-0.154305, -0.10074, -0.150556, 0.064663, 0.131845, 0.139094, -0.005287, -0.022747, 0.128958, -0.153987, 0.073372, -0.0729, -0.127782, 0.098389, 0.031757, -0.133921, 0.004041, 0.103374, -0.037683, -0.052418, -0.063912, 0.154537, 0.15301, -0.122727, 0.049943, -0.053293, 0.141496, -0.004398, -0.163466, -0.078155, 0.113353, 0.161644, 0.102112, -0.121726, 0.034807, -0.075308, -0.014907, 0.004054, -0.151324, -0.114033, 0.164156, -0.002593, -0.138798, -0.133766, -0.135282, 0.088646, 0.134686, 0.08361, 0.13714, -0.036634, 0.126076, -0.157542, 0.030263, -0.019921, 0.164097, 0.049291, 0.123375, 0.001836, -0.150271, -0.104474, -0.066651, -0.057046, -0.004872, -0.109817, -0.041089, -0.157721, 0.063411, 0.092036, 0.055888, 0.030249, 0.068732, 0.037162, 0.007023, 0.060789, 0.069874, -0.05131, -0.038942, -0.103618, -0.103774, -0.036534, 0.023473, -0.076823, -0.005296, 0.152482, -0.124639, -0.069635, 0.092275, 0.076966, 0.103003, -0.030452]
[-0.046831, 0.007027, -0.033066, -0.081316, -0.006893, -0.089063, -0.123976, 0.00577, 0.034432, -0.039648, 0.154983, -0.166922, 0.123023, 0.059236, 0.095609, -0.161905, 0.158324, 0.005741, -0.026281, -0.034673, -0.017717, 0.062363, 0.008573, -0.021689, -0.075561, 0.056168, -0.031852, 0.13749, 0.139569, 0.162014, 0.000919, 0.009749, -0.036368, -0.130023, -0.046775, -0.007318, -0.137199, 0.076559, 4.4e-05, -0.152408, -0.129034, 0.137015, 0.159242, -0.011887, -0.076104, -0.100162, -0.05194, 0.129596, -0.079288, 0.117583, -0.020441, 0.134144, -0.066404, -0.014408, -0.020487, -0.153052, -0.014439, 0.064188, -0.023526, 0.149343, -0.044033, -0.039732, 0.015079, 0.153609, 0.064165, 0.154357, 0.09487, 0.02165, -0.130764, -0.151343, 0.046351, -0.025318, 0.024828, -0.159846, -0.094109, -0.041813, 0.145107, 0.005034, 0.149695, -0.042164, 0.167486, -0.117293, 0.084088, 0.033845, 0.038604, -0.092065, 0.076196, 0.136826, 0.122402, 0.074756]
[0.01441, -0.031082, -0.094039, 0.032459, 0.015027, 0.028313, -0.013972, 0.112152, -0.031064, 0.060942, 0.10265, 0.026781, 0.102561, 0.118907, 0.054727, -0.036725, -0.06385, -0.033086, 0.151571, -0.009651, 0.033879, -0.001585, 0.034398, 0.06332, -0.082713, 0.028823, 0.017904, -0.049265, -0.036156, 0.125823, -0.049539, 0.143698, 0.026467, -0.166359, 0.155437, -0.066162, -0.043838, -0.083466, 0.107724, -0.020993, -0.139306, 0.124762, 0.12923, 0.12879, -0.127633, 0.079483, -0.082967, 0.164885, 0.124314, 0.016221, 0.074527, 0.08865, -0.158327, 0.012341, 0.027004, -0.070605, 0.166329, -0.114884, 0.080631, 0.027839, 0.060342, 0.094827, -0.141047, -0.132479, 0.094006, -0.018944, 0.054622, 0.112019, 0.130265, 0.014844, 0.114951, 0.126077, -0.162046, -0.123605, 0.125505, 0.164938, -0.104338, -0.10362, -0.016266, -0.151273, 0.109728, -0.112721, 0.081953, 0.02037, -0.147336, 0.054403, -0.161742, 0.031753, -0.141864, -0.149377]
[0.11868, -0.083713, -0.10828, -0.074221, 0.12831, 0.004077, 0.055373, -0.152338, -0.108273, 0.141799, -0.151833, 0.128147, -0.168812, -0.103955, -0.069894, -0.063314, 0.003573, 0.159376, 0.120018, 0.050336, -0.084319, -0.097375, 0.143458, -0.041592, 0.024019, -0.16306, 0.147578, -0.03184, 0.153969, -0.021529, 0.11334, 0.035826, -0.116772, 0.110058, 0.082306, -0.038504, 0.110584, 0.090607, 0.019104, -0.100236, 0.059224, -0.05897, 0.154045, -0.018209, 0.118215, -0.100835, 0.11405, 0.001179, -0.122897, -0.018563, 0.013885, -0.045351, -0.040872, -0.051367, -0.162003, -0.062103, -0.110759, -0.024872, -0.110817, -0.127076, 0.128895, 0.10638, 0.144622, 0.0042, -0.008416, 0.050605, 0.046124, 0.099535, 0.012752, 0.068334, 0.12735, -0.119559, 0.134946, 0.101233, -0.068425, -0.066475, -0.15679, 0.033311, 0.032249, -0.106183, -0.103421, -0.079937, -0.043119, 0.070327, -0.001819, -0.070929, -0.089919, -0.090228, 0.096012, 0.019351]
[-0.108569, 0.075275, -0.078999, -0.008226, -0.042189, -0.068933, -0.072628, -0.02242, 0.152608, -0.138445, -0.041643, 0.060207, 0.008859, 0.133588, -0.150818, 0.049851, 0.086214, 0.163282, -0.014012, -0.144487, 0.065765, -0.166936, 0.026517, 0.072925, -0.035725, 0.152476, 0.031758, 0.130745, -0.058984, 0.038755, 0.091455, -0.057108, 0.078944, 0.140621, -0.144825, 0.123945, -0.012801, -0.132252, 0.078033, 0.109435, -0.101563, -0.118287, -0.013784, -0.064168, -0.148324, -0.041754, 0.040762, -0.129949, 0.066739, 0.049804, -0.1038, 0.031167, -0.037835, 0.144495, 0.145057, 0.018924, 0.131268, -0.06726, -0.023993, 0.074803, 0.100223, 0.070329, 0.1396, 0.138534, -0.015932, 0.13521, 0.117084, 0.149215, 0.068481, -0.088001, -0.061451, -0.151651, -0.039867, -0.078021, 0.167881, -0.09258, -0.003118, -0.085017, -0.114862, -0.147545, 0.017527, 0.034066, 0.134762, -0.088409, -0.093247, 0.058261, 0.160292, 0.047536, 0.097031, -0.153716]
[0.041088, 0.133662, 0.042378, 0.16543, -0.006308, 0.078851, -0.11557, 0.143359, 0.001095, 0.043824, 0.093887, 0.049933, -0.059342, -0.143769, -0.034011, -0.073209, 0.019808, -0.128445, 0.036762, 0.166217, 0.141296, 0.129631, 0.005937, -0.020416, -0.105845, -0.116578, -0.125816, 0.054046, 0.010474, 0.025967, -0.120595, -0.151605, 0.072094, -0.013941, 0.111649, -0.120791, 0.046826, 0.08311, 0.132469, 0.091294, -0.136127, -0.044104, 0.049585, 0.039708, -0.167393, 0.168554, -0.142385, -0.08289, 0.145587, 0.150376, -0.143505, 0.099766, -0.078392, 0.12127, -0.034483, 0.127757, -0.082378, 0.165243, -0.085976, 0.07653, 0.113405, -0.139623, -0.076307, -0.140679, 0.100695, 0.099142, -0.031561, 0.125574, 0.03526, -0.004725, -0.111224, -0.10845, -0.150513, -0.105966, -0.010163, 0.009127, -0.053739, 0.108676, -0.103404, 0.069008, 0.044847, -0.053114, 0.062919, 0.092157, 0.055564, 0.014943, -0.104682, 0.146662, -0.074017, -0.118645]
[-0.149101, 0.064311, 0.096875, 0.108276, -0.141115, -0.101832, 0.008544, -0.037959, -0.118638, -0.024068, -0.135045, -0.030905, 0.044104, 0.018516, 0.145459, -0.022456, 0.120961, 0.104498, 0.122368, -0.055604, 0.032694, 0.043944, -0.023212, -0.16222, 0.07407, -0.048606, 0.046889, 0.022495, 0.036356, 0.034835, 0.106562, 0.023689, 0.063246, -0.087077, 0.116312, 0.065361, -0.065664, -0.081907, -0.166983, -0.030193, -0.117691, -0.104084, -0.075086, -0.14663, -0.027996, -0.140958, -0.069739, 0.087918, -0.153858, 0.11608, -0.074231, 0.112635, -0.033354, -0.072541, -0.125603, 0.055727, -0.013649, 0.114784, 0.106941, 0.018372, 0.154982, -0.16584, 0.089742, -0.098288, 0.102134, -0.106349, -0.136374, 0.129437, -0.096269, -0.110109, 0.058456, -0.150142, -0.010081, 0.058016, 0.164156, -0.14999, -0.055756, 0.120155, 0.0461, 0.001868, -0.076662, -0.055998, -0.054575, 0.107815, 0.097408, -0.16571, 0.065108, -0.022133, -0.075282, 0.11204]
[0.025787, -0.061727, 0.061861, 0.165428, -0.057593, 0.125255, -0.080118, -0.144544, 0.04683, 0.091203, -0.124316, 0.109039, -0.123741, -0.045395, -0.126318, -0.160693, -0.126229, 0.021178, 0.126719, 0.158963, 0.09169, -0.005954, -0.102762, -0.153155, -0.135883, -0.005565, 0.15657, -0.150501, 0.039292, 0.057183, -0.030748, 0.052273, 0.153555, -0.028965, 0.1397, -0.134672, 0.061353, -0.168593, -0.047498, 0.006711, 0.134092, 0.013987, 0.13483, -0.043662, -0.083704, 0.109123, 0.066679, 0.134524, 0.098682, 0.021268, -0.133148, 0.059702, 0.0434, 0.005663, -0.087271, -0.133723, 0.092563, -0.071814, -0.066557, 0.135923, 0.123891, -0.073693, 0.084608, -0.152657, -0.080642, 0.078212, 0.119409, 0.146428, -0.0318, 0.0222, 0.075487, -0.135664, -0.112806, -0.032763, 0.024367, -0.117926, -0.080391, -0.025859, 0.059024, 0.136608, -0.080213, 0.037249, 0.042421, 0.064852, 0.006932, 0.061185, -0.15341, 0.0127, 0.018224, -0.165123]
[-0.034786, 0.008172, 0.163529, -0.089902, 0.067006, -0.023992, -0.027292, -0.086433, 0.166918, -0.131053, 0.081326, 0.123517, -0.164033, -0.153376, -0.097347, -0.133795, -0.084198, -0.059883, -0.037056, 0.073824, 0.083522, -0.11933, 0.164653, -0.100345, 0.133908, 0.04197, 0.09859, -0.024883, -0.037439, 0.07015, -0.165894, -0.165734, -0.122253, 0.144202, -0.137732, 0.016992, 0.070979, -0.014882, -0.034383, -0.15267, -0.04015, -0.007285, 0.121919, 0.091302, 0.142544, -0.019556, 0.109274, 0.070128, 0.13871, -0.070804, -0.14958, -0.021396, -0.053877, 0.157068, 0.024924, 0.073701, 0.017456, 0.067286, -0.095746, -0.014152, 0.007542, -0.125529, 0.102963, 0.05112, -0.002022, -0.005233, 0.119988, 0.034777, 0.136941, -0.161724, 0.030873, 0.052849, 0.036217, -0.092399, 0.072435, -0.028581, 0.068641, 0.019168, -0.031373, -0.00486, -0.108296, 0.114122, -0.143049, -0.109898, 0.13792, -0.073874, -0.088412, -0.116293, 0.038781, -0.051271]
[0.013286, -0.074387, -0.039622, 0.072192, -0.041452, 0.056443, -0.067216, -0.055186, -0.115684, -0.101374, 0.167753, 0.001763, -0.12355, -0.143925, 0.0313, -0.130324, 0.144524, -0.007846, 0.162349, -0.061433, -0.082557, 0.112072, 0.145721, -0.159575, 0.057803, 0.04732, -0.113282, 0.118609, 0.055973, -0.007461, 0.038809, 0.027394, -0.089872, 0.101435, 0.086533, 0.143315, 0.080397, 0.135111, -0.168824, 0.09464, 0.027224, 0.009667, -0.147062, 0.130339, 0.103598, 0.047296, -0.16561, -0.052044, -0.068891, 0.15841, -0.114928, -0.070079, -0.087181, -0.015673, 0.092788, 0.033902, 0.08422, -0.027999, 0.120795, -0.099074, 0.004811, -0.168694, -0.167729, 0.107831, -0.079838, -0.057201, 0.152894, 0.037561, -0.060818, -0.155587, -0.06819, -0.042158, 0.081389, -0.107922, -0.095903, -0.088009, 0.040811, 0.081208, -0.002653, -0.149395, -0.077058, -0.143633, 0.130032, -0.043128, 0.118241, 0.037763, -0.116148, -0.132352, 0.126567, -0.124246]
[0.076953, 0.133562, 0.036487, 0.154477, -0.057222, 0.052374, 0.034135, -0.002595, 0.138444, 0.101549, 0.056792, 0.035872, 0.044023, -0.103869, 0.137873, -0.112564, 0.118261, 0.107022, -0.065602, -0.109854, -0.109471, -0.122187, 0.136795, -0.049132, 0.038691, -0.118056, -0.117672, -0.087367, 0.115718, 0.136421, -0.022109, 0.056524, 0.162029, -0.008622, -0.089737, -0.151513, 0.072349, -0.082635, 0.106757, -0.023762, 0.104868, -0.093647, 0.098234, -0.028902, -0.161876, 0.063729, -0.0528, 0.014177, -0.032876, -0.154759, -0.025167, -0.109326, -0.056943, 0.065034, 0.145437, -0.045066, 0.029981, 0.062082, 0.119949, 0.147278, -0.048875, -0.011025, 0.056609, 0.052044, 0.046309, 0.167006, 0.158891, -0.051734, -0.0228, 0.167741, 0.093265, 0.136031, -0.097498, -0.123441, 0.160326, -0.042968, 0.094134, -0.069784, -0.092707, -0.03148, -0.127084, 0.091253, 0.156677, 0.103955, -0.024943, -0.094719, 0.087056, -0.141955, -0.012829, 0.1236]
[0.078594, -0.065522, -0.094574, 0.032938, 0.139455, 0.028515, -0.133122, -0.037596, -0.164013, 0.007576, -0.071838, -0.018247, 0.013012, -0.075294, -0.103187, 0.015548, 0.147257, 0.126219, -0.081862, 0.159268, 0.119133, -0.105881, -0.004216, -0.026779, 0.10785, -0.064885, 0.088943, 0.109289, 0.067619, 0.005638, -0.158432, -0.026413, -0.026946, 0.03461, 0.060719, -0.029313, 0.135582, -0.091135, -0.039318, 0.113586, -0.112031, -0.071907, -0.130791, -0.079526, 0.013311, 0.005929, 0.133114, 0.0865, 0.103132, 0.032127, -0.018976, 0.134072, 0.007349, 0.094289, -0.068727, -0.130796, -0.051853, -0.079842, 0.066274, 0.062141, 0.163604, -0.065879, 0.140285, 0.10196, 0.07372, -0.008085, 0.136672, 0.016616, -0.16122, -0.150375, 0.121183, -0.132553, 0.143794, -0.043289, 0.155668, -0.128449, 0.104204, 0.085406, 0.03229, 0.158486, -0.08864, -0.112659, 0.054814, 0.133674, -0.162252, 0.156282, 0.099395, -0.084534, 0.097005, -0.134665]
[0.157226, -0.162034, -0.134544, -0.085005, 0.136294, -0.130789, -0.009737, -0.065639, 0.095626, 0.103795, 0.162911, -0.004477, 0.142442, -0.143385, 0.03184, 0.010677, -0.083495, 0.005539, -0.017206, -0.12925, 0.008681, 0.051886, 0.055285, -0.050769, 0.011384, -0.118824, 0.02923, -0.127826, 0.033431, 0.133089, 0.123618, 0.07629, 0.166499, -0.166949, -0.122288, 0.121536, 0.155178, 0.060186, -0.159235, -0.009664, 0.119791, -0.008988, -0.040308, 0.106131, 0.015241, 0.013798, 0.005359, 0.092136, 0.054851, -0.08565, -0.070542, -0.040122, -0.105365, 0.148779, 0.087465, 0.095672, 0.091738, -0.12871, -0.009717, -0.066566, 0.142486, -0.149868, 0.102009, -0.081298, 0.03918, 0.165514, -0.04151, -0.157602, -0.110521, -0.08697, -0.120715, -0.140268, 0.137665, -0.09391, -0.137078, -0.02066, -0.164898, 0.037938, 0.026511, 0.02393, -0.006745, -0.144951, 0.009486, -0.012534, 0.114661, -0.066139, 0.091867, -0.05895, -0.149035, -0.139703]
[-0.127878, 0.008043, 0.070288, 0.146915, 0.150468, 0.06216, 0.047298, -0.07596, -0.032045, -0.093822, -0.019866, -0.023361, 0.151048, 0.01372, -0.051852, 0.012401, -0.024863, -0.039344, -0.132943, -0.124827, 0.016102, -0.071072, 0.094476, 0.167511, -0.018251, 0.138364, -0.049568, 0.114405, -0.039629, 0.055561, -0.116109, 0.168256, -0.009396, 0.108096, 0.049056, 0.104036, -0.043177, -0.138645, 0.076269, 0.11849, 0.16455, 0.046081, 0.121185, 0.051847, -0.027117, -0.034239, 0.142097, 0.046734, -0.064733, -0.057055, -0.168458, 0.153095, 0.015758, 0.068492, -0.049092, 0.074582, 0.100848, 0.008772, 0.143944, 0.034101, 0.113243, -0.050083, 0.055297, 0.16341, -0.134742, 0.144287, -0.111552, 0.103221, 0.118784, -0.161973, 0.10478, -0.159294, -0.156677, 0.089887, -0.090206, -0.011786, -0.146735, -0.093553, 0.076897, 0.030515, 0.111691, 0.133909, 0.02886, -0.093492, 0.068701, 0.099199, 0.050148, 0.151794, 0.061113, 0.032488]
[-0.111979, -0.07189, 0.030986, 0.158122, -0.15225, 0.069274, -0.049435, -0.089228, 0.020425, 0.067227, 0.003038, -0.144887, -0.012756, -0.089678, 0.127045, -0.043046, -0.087966, -0.13785, -0.146654, -0.016396, 0.036612, -0.161493, -0.098662, -0.06206, -0.051167, 0.121834, -0.005032, 0.153035, -0.028448, -0.125881, -0.157982, -0.001022, -0.057743, -0.111479, -0.000186, 0.011112, 0.021547, -0.085488, -0.050227, 0.125062, 0.136705, 0.101137, -0.113698, -0.025381, 0.157744, 0.053815, -0.130389, -0.055691, -0.111753, 0.015472, 0.106601, -0.168222, 0.116255, -0.09488, -0.080235, 0.103695, -0.109829, 0.117627, -0.018367, 0.075271, 0.150703, 0.010178, -0.037245, 0.083749, 0.158677, 0.145519, -0.058176, 0.167273, 0.015211, 0.057575, -0.134724, -0.168097, 0.048185, 0.13011, 0.074231, 0.089765, -0.12105, -0.092166, -0.000709, -0.1113, -0.156151, 0.057741, -0.017183, -0.151625, 0.124384, -0.155491, -0.103432, -0.035503, -0.030004, -0.096709]
[0.10184, 0.151401, 0.101293, 0.015027, 0.120831, -0.157417, 0.048188, 0.096458, -0.043673, -0.136955, -0.081154, -0.016318, 0.11089, 0.038877, -0.111264, 0.063745, -0.035548, 0.007345, -0.161149, -0.023686, 0.154997, 0.032773, 0.145443, 0.038008, 0.0922, -0.058042, -0.096013, -0.080256, -0.134594, 0.051764, -0.025276, -0.077154, 0.030637, -0.061981, -0.165418, -0.01126, -0.087641, -0.168033, 0.029223, -0.147698, 0.064022, -0.118158, -0.096405, -0.16177, 0.149723, -0.032531, -0.085185, 0.080405, 0.145543, -0.034995, 0.047753, -0.147672, 0.0853, 0.028314, 0.081466, -0.045837, 0.165733, -0.093968, -0.050376, 0.135217, -0.15332, -0.066974, -0.076122, 0.145432, -0.126713, -0.124099, -0.046124, 0.108709, 0.028908, 0.165792, 0.066224, 0.081784, 0.157312, -0.045659, -0.033816, -0.159702, 0.045061, -0.11823, -0.164137, -0.0243, 7.3e-05, 0.165983, 0.025197, 0.087771, 0.14013, 0.050421, 0.008856, -0.141666, -0.110873, 0.010603]
[-0.137645, -0.135802, -0.163035, 0.086475, -0.105105, -0.010761, 0.086831, -0.042987, -0.156368, 0.079363, -0.114905, 0.140174, -0.167193, -0.087031, 0.062481, 0.160699, 0.118672, -0.129879, 0.105391, 0.122982, -0.002187, 0.072447, 0.100165, 0.02539, 0.150846, -0.017357, 0.086795, 0.01434, -0.021077, 0.002087, 0.081492, -0.144519, 0.160307, -0.04794, -0.023758, -0.047911, -0.068691, -0.128673, 0.041655, 0.015736, -0.063044, 0.133748, 0.023572, 0.079384, -0.089892, -0.0458, -0.151663, -0.002313, -0.108599, -0.047217, 0.158597, -0.100338, -0.168823, 0.142209, 0.081611, 0.094796, 0.050205, 0.166876, -0.017137, 0.068709, 0.07264, -0.132498, 0.059661, -0.034038, 0.167667, -0.014162, -0.159115, -0.159354, 0.148311, 0.14724, 0.141643, 0.112765, -0.096104, -0.123586, -0.048574, 0.128851, 0.126581, -0.059245, 0.094465, -0.017693, 0.126804, 0.156183, -0.167528, -0.10201, -0.151587, -0.147005, -0.098927, 0.068031, 0.04517, -0.113504]
[-0.013487, 0.081974, 0.088143, -0.14542, 0.161333, 0.131316, -0.102068, 0.025964, -0.037262, 0.108919, 0.109259, 0.010539, 0.151594, 0.147254, 0.107124, 0.102763, -0.162873, 0.070796, 0.100498, -0.044027, 0.109112, 0.081626, 0.081067, 0.077354, -0.119769, -0.10069, 0.121569, 0.105053, -0.151972, -0.08954, -0.161363, -0.016954, -0.12048, -0.137691, 0.107097, 0.051512, 0.166434, -0.033524, 0.043003, 0.087474, 0.153611, -0.085605, 0.139708, -0.103042, 0.12545, 0.039014, -0.030851, 0.02391, -0.133571, -0.117522, -0.132281, -0.135265, 0.1234, 0.061948, -0.011204, -0.063054, -0.133908, 0.041495, 0.120379, -0.011715, 0.160244, 0.046487, 0.097933, 0.009175, -0.073057, 0.097365, -0.165781, -0.01944, 0.128495, 0.007856, -0.056528, -0.110669, -0.142136, -0.094652, 0.166276, -0.063494, 0.123325, -0.038986, -0.100954, -0.090548, 0.025194, -0.051727, -0.004911, -0.136397, -0.021205, 0.005109, -0.168525, 0.060032, -0.076529, -0.128587]
[0.073022, 0.106871, 0.046333, 0.168189, -0.072878, -0.068551, -0.082075, -0.026548, 0.03363, -0.124785, 0.104527, 0.109992, -0.141739, 0.108059, 0.025387, 0.120339, -0.078319, 0.129881, 0.050947, 0.019011, -0.026885, -0.005067, -0.070059, -0.053747, -0.122256, -0.100108, 0.112885, 0.042166, 0.127646, -0.009356, 0.165859, 0.163594, -0.036319, -0.132743, -0.060139, 0.102874, -0.009616, -0.046615, -0.160251, -0.149422, 0.044345, 0.040901, -0.072492, 0.10996, -0.039917, -0.160457, 0.04681, -0.067595, 0.101748, -0.143605, 0.123713, 0.031676, -0.095688, -0.142023, -0.027305, -0.11893, -0.104637, 0.125648, -0.165327, 0.073415, -0.04526, -0.163171, -0.069181, 0.116054, 0.142477, -0.164332, 0.103712, 0.070742, -0.041942, -0.155523, 0.007204, 0.051255, -0.130286, -0.101351, -0.145826, 0.110237, 0.077726, 0.133454, -0.126164, 0.117752, -0.128255, -0.031636, 0.088496, 0.026546, -0.08712, 0.12546, -0.092634, 0.161155, -0.080356, 0.046438]
[0.099126, 0.097953, 0.110453, 0.111129, -0.084042, -0.000408, -0.017289, 0.063312, 0.151743, -0.016291, -0.137666, -0.068073, -0.063926, 0.050243, -0.043735, -0.004596, 0.128611, -0.005354, 0.11441, 0.111909, 0.08566, -0.05543, 0.124978, -0.105627, -0.046586, -0.137102, -0.040036, -0.091528, -0.080498, -0.105839, 0.124686, 0.002161, -0.089195, -0.014627, -0.099589, -0.002765, 0.054316, -0.008981, -0.078073, -0.104791, -0.137804, 0.095327, -0.080069, 0.088944, 0.109746, 0.089996, 0.141055, -0.126249, -0.069075, 0.131383, 0.14076, 0.078001, -0.157129, -0.111442, -0.107354, -0.149757, -0.033083, -0.131509, 0.062025, -0.116758, 0.010591, -0.055252, -0.086432, -0.067654, -0.119239, 0.043905, 0.108185, -0.115614, -0.116958, -0.019342, 0.11083, -0.090869, 0.16209, 0.123135, 0.034738, 0.082616, -0.13352, -0.144047, -0.096328, 0.063741, -0.008226, 0.020646, 0.052708, -0.010044, -0.018535, -0.119286, 0.095565, 0.006456, 0.157667, 0.032018]
[0.120743, -0.092029, -0.157025, -0.168288, 0.136379, -0.088445, -0.168698, 0.129911, -0.117133, -0.137908, 0.138916, 0.03793, 0.13729, 0.168791, 0.0734, 0.133505, -0.112543, 0.046357, -0.082491, 0.115654, 0.113998, 0.082995, 0.147124, -0.06473, 0.112211, -0.092731, -0.107052, -0.049877, -0.018574, -0.083065, 0.012367, -0.109009, 0.124808, -0.083786, -0.106484, 0.119124, 0.061832, 0.085848, 0.144144, 0.056276, 0.025673, -0.110652, 0.080133, -0.104119, 0.031939, -0.126375, -0.079825, 0.133786, -0.08483, -0.011579, 0.078162, -0.079399, -0.109644, 0.084092, -0.045164, -0.129888, -0.076934, -0.139825, 0.086645, 0.163623, 0.136269, 0.086919, -0.064537, 0.078421, -0.042513, -0.145116, -0.058343, 0.094817, -0.03976, -0.087182, 0.152454, 0.102711, -0.122499, 0.154668, -0.012861, 0.072471, -0.012678, 0.002266, 0.034552, 0.050914, 0.030353, -0.020626, -0.098408, -0.008403, 0.039874, -0.065533, -0.095327, 0.077153, 0.042674, 0.009743]
[-0.058835, 0.160752, 0.068234, 0.101069, -0.138617, 0.008962, 0.082236, -0.148789, 0.051153, -0.014065, -0.063117, -0.102798, 0.145587, 0.064105, -0.051767, -0.049323, 0.101045, -0.016314, -0.149778, 0.09727, -0.046879, 0.091852, -0.021744, 0.103528, 0.064612, 0.118528, -0.005256, 0.125728, 0.027844, 0.097351, 0.093221, -0.131378, 0.051767, -0.037519, -0.149934, 0.167815, -0.10736, -0.109161, 0.077537, -0.021144, 0.13884, 0.005694, -0.103701, -0.071389, -0.134812, 0.106705, -0.056335, 0.064753, 0.027707, 0.046662, -0.101475, -0.0379, 0.106279, -0.036345, -0.067385, 0.041772, 0.142953, 0.067488, -0.155142, -0.087683, -0.002967, 0.047672, 0.09118, -0.045137, -0.050728, 0.079895, 0.084869, -0.071543, 0.041199, -0.059858, -0.122347, -0.058144, 0.089659, 0.016982, -0.160833, -0.07643, -0.159065, -0.114519, -0.002332, 0.070798, -0.159975, 0.078065, 0.159553, -0.067467, -0.15949, -0.082347, -0.158734, 0.128757, 0.15931, 0.092813]
[0.076125, 0.046185, 0.150241, -0.14257, 0.010009, -0.028921, -0.10906, -0.114033, 0.006261, -0.138328, -0.104101, 0.104974, 0.067955, -0.079369, 0.098936, 0.043684, 0.108554, 0.138886, 0.086412, -0.121251, 0.072744, 0.000621, -0.114619, -0.065135, 0.026923, -0.143862, -0.079308, -0.152712, 0.011763, 0.153764, -0.132783, 0.115379, -0.166624, 0.007814, 0.128373, -0.028363, -0.081866, -0.159743, 0.035259, 0.031311, 0.097015, -0.038075, 0.15279, -0.018372, 0.06935, 0.046727, -0.116111, -0.018291, -0.130875, -0.095162, -0.115702, -0.099022, -0.111787, 0.155499, 0.067887, 0.122755, -0.152228, -0.130201, 0.097617, -0.047297, 0.057887, 0.027012, -0.116626, 0.008605, 0.024327, 0.04288, -0.087964, 0.017935, 0.010293, -0.038913, -0.090408, 0.118522, 0.089316, 0.077149, -0.012102, -0.070717, 0.091036, -0.069297, -0.001955, 0.00132, -0.154748, 0.003722, -0.038246, 0.067092, 0.085676, -0.139702, -0.023946, -0.129164, 0.062428, -0.116283]
[0.088875, 0.074118, -0.148869, 0.071301, 0.111186, 0.039695, -0.16208, 0.059966, 0.096036, 0.153218, -0.165904, 0.159533, 0.064863, 0.008631, -0.049748, -0.140993, -0.010036, 0.130241, 0.040927, 0.153834, 0.136646, -0.021066, -0.160665, 0.091312, -0.138823, 0.018674, -0.029111, -0.12231, -0.01707, 0.129354, 0.053353, 0.111776, 0.096874, -0.071347, -0.118188, -0.10355, 0.161124, -0.08036, 0.146909, 0.004873, 0.040856, -0.058166, 0.024182, -0.138411, -0.025776, -0.1373, -0.02177, -0.030779, 0.160441, -0.161294, -0.118632, -0.128361, -0.042004, 0.005343, 0.15441, 0.027148, -0.135197, -0.080545, -0.085487, 0.028111, -0.130807, -0.007593, -0.013037, 0.097868, -0.063412, -0.045993, -0.046225, -0.042688, 0.023218, 0.006583, -0.14745, 0.130144, 0.100638, -0.102606, 0.122868, 0.012557, 0.037552, 0.140665, -0.069764, 0.083847, 0.164869, -0.026692, 0.088906, -0.147637, -0.127891, -0.048553, -0.054626, 0.124454, -0.080241, 0.049425]
[0.12542, 0.166376, -0.143078, -0.03275, -0.105102, 0.110176, 0.157818, 0.10509, -0.064268, 0.024353, -0.018765, -0.026317, 0.02815, -0.093541, 0.09902, 0.097356, -0.123207, -0.030552, -0.060711, 0.140294, -0.043461, 0.156352, 0.149394, 0.139308, -0.018735, -0.068641, -0.135245, 0.150377, 0.050874, 0.07413, 0.077443, 0.107177, 0.145322, -0.083885, -0.059884, 0.018352, -0.160762, 0.133805, -0.118968, 0.113071, 0.035202, -0.080089, 0.093748, 0.094996, -0.050687, 0.008022, -0.010042, 0.167176, 0.108608, 0.073646, 0.001519, 0.14678, 0.065965, 0.051027, -0.127314, 0.066976, 0.047384, 0.095736, 0.006612, 0.13969, 0.105174, 0.007758, 0.142791, 0.135145, -0.117501, 0.102476, -0.06264, 0.118616, -0.031509, -0.046391, 0.013156, -0.108205, -0.069781, -0.160994, -0.06222, 0.121276, -0.166131, -0.148322, -0.155611, -0.024358, 0.159869, 0.061315, 0.012428, 0.16046, -0.149917, -0.060754, 0.076422, -0.15818, 0.070033, 0.110886]
[-0.074113, 0.140099, 0.165467, 0.009818, 0.121761, 0.155949, 0.037004, -0.108078, -0.126773, 0.167861, 0.144979, 0.111086, 0.030237, -0.166797, -0.062347, 0.09677, -0.021727, 0.026074, 0.063211, 0.084913, 0.140253, 0.036359, 0.005462, -0.046262, 0.124841, -0.11287, 0.146899, -0.007511, -0.111212, 0.029829, 0.104877, -0.029036, 0.087666, 0.012531, -0.151526, 0.0734, 0.167757, 0.065034, -0.081773, 0.025018, -0.016287, 0.168648, 0.045481, 0.040891, -0.101843, 0.149137, -0.017207, -0.158236, -0.022317, -0.001047, 0.143014, -0.06733, -0.141935, -0.091974, 0.117731, -0.023609, 0.166694, 0.151762, -0.081252, 0.099719, 0.008214, 0.093262, -0.061083, -0.04784, -0.166723, -0.027768, 0.155677, -0.139823, -0.13745, 0.014974, -0.03997, 0.027343, 0.008537, 0.061541, 0.016177, -0.108424, -0.020368, 0.105105, 0.0682, -0.136133, 0.160815, -0.103616, 0.005133, 0.161174, 0.010148, -0.031211, -0.100242, 0.074924, -0.018978, 0.084361]
[0.059989, -0.132497, 0.000684, -0.019843, 0.126837, -0.093487, 0.156863, -0.165877, -0.029779, 0.072637, -0.145973, 0.151229, 0.000499, 0.157151, 0.002178, -0.138494, -0.048979, -0.03908, 0.111612, 0.117866, 0.153981, 0.11034, -0.131245, 0.062975, -0.06502, 0.031222, -0.119818, -0.055068, -0.106595, -0.164268, -0.090549, -0.010934, -0.13377, 0.035873, -0.061751, 0.087475, 0.133751, 0.096672, 0.158871, 0.008497, -0.133263, -0.104365, 0.161132, -0.142842, 0.051436, 0.1091, -0.11585, -0.137745, 0.12292, -0.064471, 0.005561, 0.151363, 0.136475, 0.072825, -0.072669, -0.06081, -0.037024, 0.098573, 0.165128, 0.039651, -0.080182, -0.168941, -0.072756, 0.001769, -0.01002, 0.115048, -0.167355, 0.009256, -0.112404, -0.131072, 0.00038, -0.031235, -0.095827, -0.003886, 0.0724, 0.026038, -0.153419, 0.00017, 0.051803, 0.019828, 0.145459, -0.149659, 0.117869, 0.080032, 0.159216, -0.002343, 0.105541, -0.089816, -0.106151, 0.104209]
[0.122821, 0.076795, -0.056165, 0.072217, 0.111828, 0.092838, -0.085928, -0.059981, -0.071056, -0.061323, -0.148651, 0.077557, 0.0415, 0.098039, 0.056316, -0.120386, -0.050829, 0.115664, 0.032434, 0.081522, -0.149836, 0.109737, 0.09431, 0.045717, 0.078136, 0.064541, -0.16571, -0.086446, -0.100901, 0.081362, 0.07277, 0.064651, 0.058172, 0.039134, -0.102308, -0.114902, 0.038388, 0.112038, -0.022321, 0.106767, -0.161382, -0.027864, -0.101807, 0.022707, -0.140729, -0.117111, -0.070896, -0.133938, 0.160928, 0.161133, -0.143697, 0.092664, 0.003507, 0.02008, -0.010233, 0.106657, -0.118053, 0.016208, -0.153937, -0.099533, -0.14204, -0.126481, -0.04463, -0.084455, 0.040512, 0.118427, -0.160327, -0.017338, -0.146226, -0.125806, -0.074084, 0.048526, -0.017753, -0.098699, 0.103319, 0.04137, 0.077206, -0.02305, 0.032379, -0.077149, 0.109863, 0.083645, 0.073392, 0.001951, 0.008501, 0.146032, 0.107739, -0.034487, 0.162699, -0.108498]
[-0.009787, -0.036524, -0.024911, 0.068952, 0.14707, -0.053366, 0.163111, -0.0169, -0.078317, 0.165703, -0.120032, -0.044182, -0.137949, 0.086577, -0.013494, 0.068248, -0.128045, -0.073039, 0.071252, 0.135862, -0.009503, 0.151331, -0.015796, -0.033816, 0.122823, -0.019872, -0.165423, 0.009499, -0.166716, 0.13226, 0.123874, -0.049927, -0.084888, 0.020626, 0.119625, -0.165593, 0.057115, -0.159954, -0.142255, 0.017141, -0.025832, -0.050234, -0.037028, -0.089177, 0.006197, 0.02742, -0.023144, -0.112219, -0.052144, -0.042852, -0.141067, -0.083835, -0.14745, 0.088453, -0.13904, 0.002677, 0.055265, -0.147817, 0.03402, 0.137009, -0.089478, 0.015937, -0.002571, -0.07556, 0.153037, -0.097147, 0.146752, 0.154919, -0.092825, 0.002705, -0.021571, 0.0384, -0.105327, 0.131128, -0.140318, -0.114126, 0.054058, -0.118266, -0.052821, 0.054424, -0.044569, -0.161226, -0.066111, 0.044728, 0.017508, -0.074437, 0.067373, 0.136082, -0.023164, -0.033599]
[-0.111984, -0.119704, -0.080945, -0.140142, -0.088925, 0.00754, 0.108601, 0.100723, 0.06003, -0.160028, 0.073951, -0.161727, -0.157479, -0.058245, 0.028359, -0.144103, 0.122985, 0.124132, 0.051126, 0.08257, 0.11726, -0.037033, 0.057406, 0.116961, 0.165046, 0.149171, 0.137014, -0.134002, 0.019482, 0.006276, -0.130022, 0.088631, 0.059166, -0.079983, 0.073714, -0.008333, 0.165024, -0.159289, 0.149582, -0.125916, 0.044516, -0.159095, -0.127566, 0.070176, -0.100101, 0.098752, 0.042991, 0.010854, -0.147257, -0.097411, 0.058551, 0.101774, -0.129273, 0.080017, 0.14446, 0.144664, -0.060052, 0.167072, 0.115137, -0.115061, 0.063159, 0.146106, -0.079555, -0.068725, -0.031363, 0.041121, 0.119721, 0.066576, -0.004567, -0.048577, -0.094525, 0.029455, 0.083909, 0.067389, -0.058333, -0.13926, 0.12364, -0.150502, 0.019686, -0.091653, -0.098078, -0.15661, 0.144329, -0.079532, -0.073372, 0.018118, 0.128141, -0.096727, 0.085493, -0.064919]
[0.106971, -0.083956, -0.006799, 0.12816, -0.144827, 0.024237, 0.106078, -0.119782, -0.02911, -0.112059, -0.135467, 0.139353, 0.158287, -0.008604, 0.04207, 0.104336, -0.140744, -0.042542, -0.088777, -0.100719, -0.053662, -0.111638, -0.135583, 0.133271, -0.117916, -0.154548, 0.07644, -0.050934, 0.084896, 0.090909, 0.044078, -0.013618, -0.157216, -0.143546, 0.129351, -0.13005, 0.03815, -0.022021, 0.032119, -0.138618, -0.12396, 0.009994, -0.161574, 0.115278, -0.124267, -0.136938, 0.03908, -0.054519, -0.025907, 0.030814, -0.111844, -0.158508, -0.155143, -0.028813, 0.046619, 0.108291, 0.099621, -0.081269, -0.086452, -0.134039, -0.165032, 0.080989, -0.080826, 0.137263, 0.049835, 0.057802, 0.160637, -0.073384, -0.037997, -0.070377, 0.012585, 0.129337, -0.014158, 0.067191, -0.016631, 0.165154, 0.140118, -0.000622, -0.025324, 0.04643, 0.148463, -0.138252, 0.092313, 0.087455, -0.112135, 0.037417, -0.046334, -0.10274, 0.109622, -0.138422]
[0.024999, 0.150965, 0.117506, 0.018351, -0.037776, -0.091601, -0.031276, -0.100659, 0.03842, 0.080058, 0.01151, 0.134858, 0.078414, 0.13828, -0.091504, 0.070222, 0.087768, -0.013893, 0.161435, 0.06914, -0.135356, -0.031775, -0.06991, -0.123625, 0.114496, 0.078949, 0.065092, -0.070252, -0.126561, -0.0568, -0.034387, 0.088817, -0.020238, 0.131509, -0.094668, 0.001084, 0.048612, 0.010815, -0.164226, -0.082131, -0.143714, 0.135486, -0.082247, -0.075064, 0.109703, -0.146749, 0.153786, 0.109632, 0.078498, -0.115736, -0.073813, -0.035235, -0.123392, 0.071906, -0.073047, 0.114017, 0.128273, 0.147694, 0.013626, 0.03156, -0.060052, 0.048384, -0.109334, -0.149479, -0.087108, 0.025048, 0.139369, 0.089773, 0.083526, 0.137039, 0.124418, -0.107357, 0.021688, 0.024389, 0.069201, 0.070282, -0.088904, -0.089236, -0.060654, 0.062176, 0.13338, 0.091291, -0.143601, -0.111833, 0.076505, -0.076326, -0.098377, -0.08595, 0.112409, 0.122539]
[0.163115, -0.082608, -0.009984, 0.088928, -0.034147, -0.002587, -0.090442, -0.033966, -0.000733, -0.027176, 0.020466, -0.052735, 0.112167, 0.036892, 0.163266, 0.114523, 0.094095, 0.025627, -0.071019, 0.116754, 0.082229, -0.137225, -0.149808, -0.033854, 0.133513, 0.141362, 0.15704, -0.091427, 0.051993, -0.041241, 0.126492, -0.090115, 0.050242, 0.02447, 0.030923, -0.166994, 0.01204, 0.065568, 8e-06, -0.088034, 0.160565, -0.090716, -0.132336, 0.136614, 0.116647, 0.114337, -0.150155, 0.063404, -0.155418, 0.130218, -0.055016, -0.036668, -0.072461, -0.168121, 0.157008, 0.126812, 0.151157, -0.068496, 0.027087, 0.124086, 0.084296, 0.121124, 0.162503, 0.150158, -0.163275, 0.008567, 0.047914, 0.111875, 0.108608, -0.143507, -0.116534, -0.153865, 0.158344, 0.023618, -0.117307, 0.048716, -0.02528, 0.04458, 0.045308, 0.009834, 0.064168, -0.008264, 0.122121, 0.079504, -0.068512, 0.145422, -0.135511, 0.054878, 0.043633, 0.07865]
[0.102615, 0.035833, 0.039898, -0.120434, -0.093112, 0.087285, 0.15859, -0.146423, 0.097413, -0.029519, -0.002855, -0.074556, 0.006516, -0.102405, 0.115347, -0.154659, -0.022109, 0.064884, -0.12604, -0.166631, 0.153932, -0.131742, -0.082743, 0.009613, -0.114394, -0.156101, 0.064281, 0.125016, -0.118863, 0.040976, 0.145534, 0.125991, 0.0454, -0.164825, -0.047385, -0.10006, 0.109786, 0.030996, 0.156197, 0.078974, 0.162468, -0.038381, 0.052687, 0.150975, 0.097669, -0.091711, 0.100587, 0.132113, -0.034404, 0.082779, 0.024719, 0.11587, -0.101104, -0.099651, -0.015809, -0.12281, 0.153374, 0.027179, -0.120217, -0.040466, -0.029276, -0.036727, -0.151754, -0.058977, -0.118164, 0.025365, 0.075543, 0.009795, -0.085114, 0.154921, 0.131263, -0.100824, 0.066485, 0.09858, -0.161954, 0.063192, -0.035749, -0.038557, -0.131189, 0.082529, 0.158904, -0.135193, 0.106287, -0.074064, 0.075963, 0.069045, 0.02393, -0.150277, 0.04372, -0.088172]
[-0.023678, -0.018489, 0.10306, -0.129741, -0.050444, -0.146872, -0.076681, -0.002456, 0.151539, 0.017929, 0.074801, 0.120394, 0.112933, 0.154848, -0.039409, -0.001331, -0.050817, 0.093033, -0.119185, 0.134864, 0.024643, 0.11977, 0.062339, 0.105694, -0.034334, 0.041192, 0.002851, 0.031337, 0.088739, 0.142388, -0.002071, -0.111251, -0.057778, 0.008901, -0.052937, -0.084555, -0.026437, 0.02296, -0.120883, 0.135529, 0.131784, 0.107521, 0.10819, 0.081032, 0.020164, 0.004607, 0.060153, 0.156188, -0.073981, 0.152004, 0.072771, -0.132435, -0.122579, 0.044026, -0.16842, -0.05806, -0.099444, 0.097039, 0.084006, 0.020651, 0.027739, 0.154779, -0.164873, -0.078199, 0.143179, 0.123195, 0.062861, -0.114376, 0.052061, 0.026627, 0.050848, 0.141344, -0.110854, -0.037419, -0.103145, 0.12098, -0.124556, 0.090452, -0.115586, -0.049924, -0.063677, 0.047844, -0.064314, 0.156637, -0.119094, 0.097078, 0.164122, 0.16658, 0.133998, 0.1599]
[0.068221, -0.04007, -0.149432, -0.152399, 0.083848, 0.069126, -0.084836, -0.034787, 0.014164, 0.078294, 0.12838, -0.137871, -0.075281, -0.049232, -0.120261, 0.069315, -0.085276, -0.062664, 0.101718, 0.100057, -0.112832, 0.058986, -0.130253, 0.079857, -0.037817, 0.106207, 0.087446, -0.035588, 0.145351, 0.142333, -0.079353, -0.014285, -0.145203, -0.088442, 0.045082, -0.136475, -0.060505, -0.139189, -0.153683, -0.085592, 0.134628, -0.004827, -0.15144, 0.015364, -0.10186, 0.060904, -0.016416, 0.123946, 0.161607, -0.12008, -0.108001, 0.147241, 0.073801, 0.02205, -0.1636, -0.003303, -0.161461, -0.080276, -0.163964, 0.069273, -0.094443, -0.046719, 0.116204, 0.079857, -0.020955, 0.113719, -0.136874, 0.162813, -0.149552, -0.078041, 0.053674, -0.060677, 0.019453, -0.077398, 0.015926, 0.090429, 0.077745, -0.09444, 0.133505, -0.165731, -0.070973, -0.087607, 0.044112, -0.011771, 0.166699, 0.166149, -0.086306, -0.012368, 0.014779, -0.017628]
[0.0904, -0.04168, -0.107066, 0.040253, -0.016268, 0.140718, -0.077758, -0.110376, -0.006577, -0.163297, -0.13606, 0.165447, -0.093873, 0.123924, -0.10647, 0.159247, -0.022898, 0.004448, 0.120598, 0.14729, 0.126001, 0.054395, -0.158385, 0.08351, 0.042237, 0.163846, -0.04063, 0.156143, -0.128358, -0.134892, 0.075282, -0.065042, -0.114851, 0.120846, 0.004787, -0.088241, 0.128572, 0.164932, 0.136707, 0.100621, -0.032969, 0.148716, 0.055797, -0.083629, 0.068688, -0.146792, 0.017683, -0.105212, -0.128267, 0.094581, 0.105472, -0.035042, -0.143474, -0.132876, -0.028787, -0.157709, 0.110181, -0.133753, 0.129061, -0.108498, -0.029545, 0.086152, -0.11768, 0.080033, -0.131998, -0.127157, -0.137532, 0.038787, -0.096342, 0.043464, 0.167358, 0.057582, 0.155977, -0.063524, -0.042849, -0.028125, 0.119994, 0.143311, -0.128041, -0.003317, 0.116094, -0.143721, 0.146069, -0.075041, -0.011875, 0.145712, 0.167131, -0.030562, 0.103932, 0.167803]
[0.109252, 0.009324, 0.149285, -0.150664, 0.15746, -0.131418, 0.08134, -0.115319, 0.078547, -0.118118, -0.033065, -0.032186, 0.135783, 0.026882, 0.003946, 0.011656, 0.007821, 0.032929, -0.047491, 0.077124, -0.062231, -0.053331, -0.075169, -0.080556, -0.156506, -0.01976, 0.153418, 0.064325, -0.047343, 0.103713, -0.112006, 0.06319, 0.034941, 0.10539, 0.021747, -0.088866, 0.073297, 0.119925, 0.052478, -0.111571, 0.031139, 0.100987, -0.07482, 0.102163, -0.104179, -0.000494, 0.03881, 0.058321, 0.093768, 0.102507, -0.114458, -0.06497, -0.0493, 0.003132, 0.096436, 0.078721, 0.045918, -0.01907, -0.09134, -0.078573, -0.164367, -0.04769, -0.018173, -0.083225, -0.010019, -0.007272, 0.100171, -0.114246, -0.102002, 0.098117, 0.052096, 0.014001, -0.072053, -0.025172, 0.045754, 0.073796, -0.026889, -0.128185, 0.061536, -0.052016, 0.089026, 0.165197, 0.01142, 0.157345, 0.077909, 0.065038, 0.104393, -0.159047, 0.113715, -0.119581]
[0.098211, -0.0142, -0.107104, -0.101571, 0.084956, -0.082176, -0.167347, 0.053652, -0.052118, 0.037261, 0.011357, -0.057751, 0.003067, 0.108698, 0.09814, 0.010944, 0.047113, -0.092142, 0.045032, -0.102628, 0.106474, 0.068952, 0.077801, -0.096149, 0.041796, 0.100153, -0.065633, -0.000739, -0.143444, -0.073075, 0.041849, -0.153674, -0.12333, -0.166382, 0.051324, 0.086296, 0.142041, -0.14478, 0.038203, -0.076973, -0.119563, 0.106938, -0.01939, 0.023537, -0.010212, 0.161621, 0.082769, -0.000494, -0.025745, -0.145245, 0.087257, 0.101305, -0.082561, 0.077109, -0.121253, 0.167021, -0.05017, -0.148324, 0.055852, -0.001043, -0.135861, -0.138163, 0.055542, -0.07865, -0.105726, 0.119993, 0.152292, 0.08234, 0.040442, 0.11177, 0.141979, -0.122736, 0.07324, -0.153721, -0.115857, -0.112193, 0.164416, 0.138635, 0.12867, 0.005629, -0.030713, 0.05494, 0.073729, 0.054934, 0.109096, 0.029309, -0.095544, -0.055994, 0.011661, 0.16618]
[-0.062583, -0.042098, 0.081015, -0.00885, 0.115973, 0.088821, 0.098419, -0.014418, -0.072103, 0.146493, -0.126932, -0.117612, -0.117474, -0.097092, 0.063186, 0.017037, 0.022925, -0.147394, -0.157057, 0.084235, 0.081233, 0.138087, 0.127522, -0.101576, 0.112676, 0.01838, -0.137916, 0.142411, -0.154886, -0.090606, -0.093169, -0.128178, 0.059266, -0.147757, -0.076365, -0.151327, 0.010356, 0.094825, -0.148303, 0.054896, 0.023702, -0.064914, 0.115647, -0.024354, -0.077157, 0.03461, -0.048613, -0.135366, -0.081111, -0.145633, -0.026886, 0.075125, -0.014819, -0.157429, 0.1543, -0.069623, -0.141632, -0.141309, -0.163049, 0.097698, 0.096074, 0.040826, 0.095994, -0.165477, 0.126317, 0.137936, 0.095431, -0.078918, 0.149965, 0.1318, -0.022022, -0.095615, 0.111468, 0.008018, 0.128983, -0.083044, -0.025299, -0.12953, -0.125689, 0.097333, -0.060573, 0.084877, 0.163969, 0.113789, 0.022627, -0.003554, 0.131233, 0.088977, 0.102923, 0.119289]
[-0.076512, 0.007413, -0.010098, -0.093294, -0.038033, -0.15573, -0.148201, 0.025663, 0.140002, -0.079371, -0.106217, -0.007618, -0.081009, -0.022399, -0.121156, -0.111663, -0.082172, 0.163759, -0.118741, -0.152423, 0.063707, -0.161878, -0.141128, -0.062916, 0.070497, -0.033261, 0.007736, 0.162822, 0.133531, -0.072253, 0.025261, 0.141832, 0.143327, -0.014315, -0.126742, 0.075682, 0.044371, -0.126368, -0.116131, 0.036176, -0.053885, 0.034676, 0.133866, 0.024251, -0.083297, -0.111813, 0.062816, 0.00755, 0.060383, 0.118022, 0.161109, -0.06508, -0.029205, -0.068932, 0.151378, -0.167115, 0.045247, 0.070813, 0.106181, 0.092313, -0.057338, -0.006558, -0.115961, -0.023907, 0.045054, -0.092324, 0.073294, 0.116322, 0.073311, -0.009296, -0.039253, 0.156908, -0.150472, -0.015351, -0.105612, -0.131133, -0.048852, 0.11687, -0.042073, -0.025056, -0.049544, 0.121613, 0.162565, -0.114561, -0.099136, 0.012386, 0.019994, -0.103718, 0.049006, 0.043561]
[0.04492, 0.119338, 0.097761, 0.019446, 0.094726, -0.061451, 0.068586, 0.125901, 0.03618, 0.012789, -0.137698, -0.108396, 0.146928, -0.166306, 0.072433, -0.02281, 0.038278, -0.05225, 0.136805, -0.089727, -0.109078, -0.065874, -0.139062, 0.097877, 0.131339, 0.064848, -0.020591, 0.090586, 0.054151, 0.062648, 0.02874, -0.098338, 0.09753, -0.066935, -0.142278, -0.072819, 0.025913, -0.145203, 0.110145, 0.122961, 0.067309, -0.070453, -0.096392, 0.130884, -0.032903, 0.035007, -0.049789, 0.044333, 0.030125, 0.055709, -0.163592, 0.145893, 0.066747, 0.005104, -0.067874, -0.029379, 0.135455, -0.010406, -0.114292, -0.001913, -0.036925, -0.144624, 0.006411, 0.147714, -0.160626, 0.16198, 0.155076, 0.109343, -0.046264, -0.039893, -0.084995, 0.131075, -0.050661, 0.147964, 0.128177, 0.146369, -0.055114, -0.010381, -0.001938, 0.165668, -0.020097, 0.123022, 0.006006, -0.023134, -0.126932, -0.03228, -0.120662, 0.094468, 0.153617, -0.068525]
[0.154062, -0.108379, -0.037714, -0.067143, -0.07673, -0.125996, 0.03582, 0.107155, -0.162358, -0.065314, 0.068138, 0.090735, 0.010785, -0.149578, 0.004177, -0.158953, -0.097414, 0.038764, -0.079076, 0.134745, 0.163582, -0.100796, -0.134968, -0.058499, -0.03838, 0.102663, 0.00078, -0.105554, 0.099742, -0.044417, -0.129688, -0.085203, 0.006005, 0.087771, -0.054628, -0.164244, -0.119491, 0.151122, 0.156975, 0.11344, -0.001717, -0.11955, -0.106311, 0.100862, 0.034513, 0.083268, 0.003031, 0.075381, -0.085847, 0.123129, -0.060513, -0.056829, -0.082444, -0.152768, -0.092189, -0.063688, -0.091936, 0.130068, 0.164038, 0.085711, -0.041711, -0.064058, -0.11159, 0.138056, -0.107898, -0.149378, -0.145894, -0.003594, 0.154559, -0.154945, -0.163181, -0.072591, 0.155415, -0.04161, -0.067536, 0.02413, 0.079678, 0.03165, -0.014654, -0.160879, -0.053321, -0.079188, 0.095185, 0.151782, -0.155314, -0.062707, -0.04716, -0.056723, 0.024145, 0.16295]
[0.064764, 0.033079, 0.148737, 0.058882, 0.024769, 0.006068, 0.089055, 0.018599, -0.038332, 0.031947, 0.159995, 0.092646, 0.164213, 0.03249, 0.163847, -0.018111, -0.142829, -0.041614, 0.021997, -0.112353, 0.063925, -0.074468, -0.071193, 0.016856, -0.074045, -0.007873, -0.075891, 0.122413, -0.018111, 0.154743, -0.157773, -0.074195, 0.078192, -0.103131, -0.159949, -0.148346, -0.116276, -0.166944, -0.022839, 0.058749, -0.137701, 0.004177, 0.024889, -0.160967, 0.167697, -0.126644, 0.008379, 0.070092, -0.043458, 0.099209, 0.145871, -0.152038, 0.167198, -0.084918, -0.162393, 0.161084, 0.082335, 0.103895, -0.064039, -0.068482, 0.046153, 0.110009, -0.121714, -0.089069, -0.14261, -0.004043, 0.004278, 0.143976, -0.031868, 0.055487, -0.122861, -0.000139, -0.124094, -0.123084, -0.166956, -0.134536, 0.089707, -0.006694, 0.082065, 0.090602, -0.075949, 0.135898, -0.089226, 0.131495, -0.082622, 0.049156, -0.074116, 0.02531, 0.167383, -0.160952]
[0.050021, -0.153696, -0.14485, 0.082198, -0.057742, 0.002478, -0.010918, -0.021445, 0.168194, -0.063591, -0.047372, 0.167357, -0.144252, -0.082911, 0.158604, -0.131641, -0.037321, 0.018456, -0.077403, -0.033444, 0.140829, 0.057625, -0.123692, -0.0329, -0.045536, 0.079377, 0.033453, -0.049168, 0.111535, -0.001069, -0.117197, 0.091484, 0.080245, 0.12375, -0.089618, 0.043221, 0.030289, -0.057838, 0.01813, 0.020392, -0.010036, 0.081875, 0.089846, -0.096278, 0.05269, -0.072097, 0.085092, -0.074416, 0.03657, 0.118292, -0.104445, -0.000622, -0.117581, -0.118525, -0.14589, -0.012418, -0.056691, -0.094151, 0.148627, 0.027335, 0.125861, -0.085771, 0.092632, 0.017464, 0.008931, 0.109265, 0.035733, 0.055034, 0.107124, 0.115407, -0.026043, 0.144655, 0.076909, -0.158094, -0.159108, 0.019851, -0.006218, 0.100312, -0.122647, 0.108187, -0.044707, -0.125877, -0.041706, 0.037738, 0.061995, -0.140462, 0.011424, -0.074539, 0.149205, -0.114794]
[-0.114608, 0.042122, 0.100901, -0.027794, 0.06248, -0.065542, -0.037102, -0.147903, 0.061949, -0.05234, 0.071639, -0.115657, -0.022006, -0.122347, 0.120444, 0.12122, -0.042581, -0.12979, 0.064116, -0.033759, -0.019754, -0.003398, -0.044225, 0.084181, 0.080416, -0.108597, 0.084091, 0.129561, 0.030628, 0.128653, 0.005925, 0.06738, 0.043415, -0.029382, 0.074153, -0.121374, -0.155034, -0.071548, 0.098114, -0.112054, 0.001496, 0.1431, 0.077522, 0.128386, 0.028603, -0.014955, -0.036806, -0.048316, -0.055456, -0.013192, 0.019268, 0.066296, 0.005528, -0.155063, 0.061867, -0.132252, -0.024138, 0.167529, 0.119287, -0.07078, -0.116238, 0.040916, 0.058395, 0.076568, 0.091189, 0.108915, -0.070447, -0.022228, 0.056614, -0.002142, 0.085249, -0.018221, 0.10657, 0.014413, -0.07581, 0.071599, -0.046321, 0.006371, -0.115215, -0.081549, 0.159582, 0.153921, -0.042248, 0.127553, 0.11311, -0.08406, -0.163489, -0.137389, -0.148298, 0.024355]
[0.011312, 0.07654, -0.055128, -8.6e-05, -0.135862, -0.079298, 0.045891, -0.072288, -0.058564, -0.095566, -0.164994, -0.161554, -0.097061, -0.074682, 0.158026, 0.165828, 0.09733, -0.080583, -0.122793, 0.0688, -0.045779, 5.6e-05, 0.134288, -0.00018, -0.122826, -0.021325, 0.043174, 0.066658, 0.060655, -0.059555, 0.154356, 0.046007, -0.155257, -0.010717, -0.153003, -0.124663, 0.014473, -0.050149, 0.129765, 0.083565, -0.129359, 0.017951, 0.0018, -0.145102, 0.04355, 0.103605, 0.006242, -0.002941, -0.09849, -0.020452, 0.054424, 0.139258, 0.012185, -0.04116, 0.10467, 0.036298, 0.122309, -0.161787, -0.156749, -0.029081, -0.153121, 0.11355, -0.152507, -0.162248, -0.008531, -0.046105, -0.104411, -0.130264, 0.08497, -0.123141, -0.04029, 0.048877, 0.014512, 0.145035, -0.013212, 0.090031, 0.056769, 0.043091, -0.144847, 0.165335, -0.137609, -0.082394, 0.167571, 0.125411, 0.144999, 0.114841, 0.098594, 0.114098, 0.127529, -0.089023]
[-0.155423, -0.074955, 0.040496, 0.039131, 0.160347, 0.000835, -0.065133, -0.048171, 0.129278, 0.014035, 0.134578, 0.030999, -0.150161, 0.149897, 0.09134, 0.075381, -0.063275, -0.085915, -0.052731, -0.029954, 0.026539, 0.041954, 0.160649, 0.055343, 0.0132, -0.089973, -0.009712, -0.061175, 0.03124, 0.022446, -0.060898, -0.125989, -0.130228, -0.066954, -0.047738, 0.089173, -0.136581, -0.005704, 0.135629, 0.114696, 0.075579, 0.155594, -0.065707, -0.042483, -0.068364, 0.022461, 0.022344, -0.062247, 0.106941, 0.067243, -0.137257, 0.008493, -0.108458, -0.167818, -0.102089, 0.126375, 0.000474, -0.042613, -0.133711, -0.105365, -0.064492, 0.004434, 0.048266, -0.003714, 0.087609, 0.166168, -0.089748, 0.065363, -0.160021, 0.035701, 0.138762, 0.036102, 0.166358, 0.110191, 0.060439, 0.105095, 0.074307, 0.115422, -0.115089, -0.04672, -0.003695, 0.053297, -0.056716, 0.082374, -0.034767, -0.026573, -0.113208, -0.11111, 0.022464, 0.039835]
[-0.141799, -0.079507, -0.054091, -0.097019, -0.054293, -0.062937, -0.027949, 0.023077, 0.12639, 0.048879, 0.065884, -0.093695, 0.158068, -0.025202, 0.133083, -0.115407, -0.050927, -0.147219, 0.015917, -0.107948, -0.012688, -0.05812, 0.099674, -0.039318, -0.060899, 0.153426, 0.043406, -0.020115, 0.167725, -0.046841, 0.066315, 0.082613, 0.139214, 0.093165, -0.002298, 0.061354, -0.079822, -0.067813, -0.043643, 0.046565, -0.109648, 0.084456, 0.008103, 0.05175, 0.065729, 0.139877, -0.017191, 0.106519, 0.13697, -0.135346, 0.102944, 0.076777, -0.066549, -0.158449, 0.093079, 0.003048, 0.037154, -0.079835, -0.096597, 0.023976, 0.020505, -0.071549, -0.036172, 0.102682, -0.118022, 0.14341, -0.028259, 0.092394, 0.103337, 0.033736, 0.123533, -0.151887, -0.142505, 0.075067, 0.104508, 0.155096, 0.138064, -0.00318, 0.095717, 0.148126, -0.08914, 0.149616, -0.083891, -0.138184, 0.101279, 0.041968, -0.062629, 0.021774, 0.054351, 0.03436]
[0.028196, -0.088767, -0.057096, -0.033837, -0.157621, -0.048867, -0.063164, 0.100518, -0.053458, 0.139047, 0.025739, -0.125164, 0.167394, 0.035165, 0.03072, 0.054979, 0.059398, 0.008421, 0.166457, -0.002589, 0.098734, -0.146754, -0.079226, -0.126826, -0.046831, 0.10841, 0.010822, 0.106595, 0.057884, 0.01192, 0.077978, 0.047114, -0.014819, 0.114878, -0.060137, -0.06743, 0.019407, 0.107824, -0.065376, -0.163165, 0.159844, 0.094991, 0.026019, 0.079607, 0.094501, -0.107079, 0.078337, 0.076881, -0.054861, 0.079985, 0.11001, 0.084864, -0.062697, 0.077194, 0.151846, 0.123058, 0.037726, -0.03914, 0.085647, 0.112835, 0.111414, 0.07096, -0.049251, -0.016232, -0.096997, 0.121221, 0.02719, 0.004908, -0.127086, -0.13691, -0.1009, -0.109248, 0.042037, -0.131338, 0.156387, -0.137791, 0.069346, -0.128446, -0.11284, -0.152634, 0.130046, -0.137085, 0.056691, -0.07141, 0.043727, -0.038875, -0.122103, 0.061691, 0.076144, 0.067753]
[0.03268, 0.106754, -0.164864, -0.131316, 0.047012, 0.120772, 0.124953, -0.00732, 0.01674, -0.005474, -0.15779, 0.166562, -0.074147, -0.025257, -0.168028, 0.159581, 0.004614, -0.049942, 0.109493, -0.089358, -0.160775, 0.081809, 0.14511, -0.134471, -0.140839, 0.068234, -0.049921, 0.092842, 0.085065, 0.014863, -0.098625, -0.12702, -0.095743, 0.106733, -0.101501, -0.114578, 0.08087, -0.066456, 0.125807, 0.047898, -0.026103, -0.139588, -0.048664, -0.15961, 0.093319, -0.078644, -0.127516, 0.007239, 0.161501, 0.016845, -0.12461, -0.118849, -0.093858, 0.04454, -0.124494, 0.05432, 0.163775, 0.081362, 0.008455, 0.161344, -0.118994, -0.060481, -0.036836, 0.047263, -0.104553, -0.027304, 0.068345, 0.056611, 0.009538, -0.017797, -0.103957, -0.020329, 0.105594, -0.147629, 0.098722, -0.081048, -0.024346, 0.027026, -0.133569, 0.086778, 0.119144, -0.045262, 0.154231, -0.165236, 0.101536, 0.165729, -0.064355, 0.012186, -0.032621, 0.161661]
[0.041212, -0.032532, -0.147419, 0.127075, 0.0924, 0.094344, -0.014437, 0.004563, 0.000586, -0.025547, -0.155756, -0.062948, -0.045703, -0.068057, 0.046816, -0.105088, 0.002752, 0.115308, 0.142964, -0.082731, -0.069087, -0.029608, -0.021622, 0.127576, 0.047346, -0.075539, 0.086324, -0.084462, -0.123309, 0.023872, 0.13427, -0.030521, 0.004266, 0.006796, 0.137545, 0.077048, 0.071452, 0.06454, -0.036924, -0.086639, -0.036227, -0.124929, 0.017532, 0.090694, 0.13622, -0.131241, -0.025925, 0.147574, -0.000188, -0.120665, 0.06079, -0.032187, 0.082959, -0.10036, -0.102563, 0.079655, 0.087767, 0.127239, -0.025416, 0.088108, -0.09367, 0.139245, -0.146772, -0.10658, 0.070627, 0.149963, 0.138712, 0.098117, -0.163287, 0.056983, 0.007824, -0.146197, 0.149695, -0.000539, 0.043636, 0.069121, 0.028366, -0.168132, 0.023985, 0.018092, -0.082258, 0.110933, -0.091875, 0.076139, -0.09834, -0.139746, -0.092981, -0.143264, -0.072998, -0.029748]
[0.090891, -0.131835, 0.071569, -0.063063, 0.168084, 0.121092, -0.095308, -0.117671, 0.147961, 0.132428, -0.07424, -0.081697, 0.028888, 0.073382, -0.091819, 0.027724, -0.073145, -0.106323, -0.168968, -0.126465, 0.018426, -0.12227, 0.088513, 0.101083, 0.070567, -0.094642, -0.140872, -0.134777, 0.111159, -0.120286, -0.006223, 0.166532, -0.124475, 0.087818, 0.115826, 0.160247, 0.118678, -0.079245, -0.126158, -0.031972, 0.089932, -0.083864, -0.025734, -0.01419, 0.1166, 0.150495, 0.146525, 0.111676, -0.058825, -0.164299, 0.123087, 0.048685, -0.13675, 0.117766, -0.024298, -0.075554, 0.110543, 0.000606, -0.026197, -0.01476, -0.039521, -0.001919, 0.010229, 0.161809, -0.132063, 0.030607, -0.14393, 0.134072, -0.03489, 0.040121, -0.098053, 0.010998, -0.132767, 0.014892, 0.112685, 0.163588, 0.00668, -0.086979, 0.058714, -0.082543, -0.12067, -0.047286, -0.127814, -0.019627, 0.145209, 0.12388, -0.010063, -0.167345, 0.010428, 0.061859]
[0.034438, 0.0063, 0.008645, -0.081822, 0.168268, -0.070183, -0.130701, 0.115548, -0.094252, 0.073985, 0.141155, 0.017655, 0.051044, -0.165312, -0.081349, 0.07468, -0.132959, -0.163423, 0.111992, 0.118133, 0.112733, 0.037906, 0.063027, 0.051333, 0.124813, -0.128258, -0.146469, -0.159748, 0.048776, -0.028797, -0.073401, 0.030271, 0.123339, -0.038561, 0.111514, -0.135698, -0.045991, -0.057465, -0.147836, -0.122141, -0.168784, 0.082492, -0.164438, -0.003981, 0.065146, 0.049924, 0.046221, -0.086887, 0.097909, -0.146104, 0.130891, 0.140866, -0.007321, -0.162837, 0.062255, 0.137418, -0.035662, -0.078044, 0.106399, 0.128493, 0.072141, -0.021558, -0.1032, 0.041747, 0.111141, -0.057346, 0.083351, 0.025333, 0.002542, 0.135696, -0.056088, 0.095073, 0.046673, 0.156474, -0.132291, -0.034492, 0.116923, -0.092542, 0.007886, -0.051632, -0.112427, -0.130945, -0.007182, -0.093033, 0.01905, -0.112119, -0.166925, 0.102116, 0.043473, 0.009364]
[0.051565, -0.047297, -0.064398, -0.047134, 0.078789, -0.067914, -0.13282, 0.079803, -0.070598, 0.011538, -0.024415, 0.115515, 0.10756, 0.024066, -0.124343, -0.141917, 0.141111, 0.14493, -0.038348, -0.086061, -0.040944, 0.057513, 0.167009, -0.059617, -0.109946, -0.093022, 0.040011, -0.088979, 0.132442, -0.006757, 0.007554, -0.061314, -0.152641, -0.05221, 0.08595, 0.092169, 0.142254, 0.101359, -0.023816, -0.16399, 0.136271, -0.065259, 0.035666, -0.141459, 0.051187, -0.096783, 0.101352, 0.120444, 0.1004, -0.087907, -0.151972, -0.113195, 0.031863, -0.151523, -0.043468, 0.082771, 0.135936, -0.108996, -0.104028, -0.008371, -0.018282, -0.167992, 0.124311, 0.163586, 0.079501, -0.054195, -0.026165, -0.05679, 0.039072, -0.154334, 0.013912, 0.089608, 0.010477, 0.160043, 0.11597, -0.130406, 0.119536, -0.147982, -0.160981, -0.102666, 0.156274, -0.111686, 0.013318, -0.078876, -0.0966, -0.005908, 0.053516, 0.111201, 0.09385, -0.116986]
[-0.128485, 0.127425, -0.065872, 0.05698, -0.135426, -0.112302, 0.140292, 0.004602, 0.058739, -0.102948, 0.103207, -0.073171, -0.115201, 0.141249, 0.163968, 0.106633, 0.138972, -0.022943, 0.034953, -0.145392, -0.164233, -0.131047, 0.136353, 0.044843, -0.007386, -0.051741, -0.058803, 0.051572, -0.092532, -0.133265, 0.004124, 0.01789, -0.166339, -0.113856, 0.057556, -0.14294, -0.069066, 0.053948, 0.122194, 0.122823, 0.071525, -0.044853, 0.162927, -0.101355, -0.067625, -0.009267, 0.106862, 0.16682, 0.037948, 0.152562, -0.072028, -0.096506, -0.078175, -0.090873, 0.12532, 0.133774, 0.070092, 0.154213, -0.142126, 0.053344, 0.01851, 0.129962, 0.106292, -0.143889, 0.144178, 0.101987, -0.048666, -0.034852, 0.08376, 0.060292, -0.162716, 0.035541, -0.012042, 0.036586, -0.11284, -0.10815, 0.108326, -0.060269, 0.00536, -0.007047, 0.071041, 0.112808, 0.16565, 0.038484, -0.074865, -0.141239, -0.142863, 0.090649, -0.05446, 0.057806]
[-0.00413, -0.123344, -0.050594, -0.125063, -0.110891, -0.132599, 0.04384, -0.154802, -0.099497, 0.065843, -0.052649, -0.118631, 0.042959, -0.160499, 0.029431, 0.133655, 0.041684, -0.007802, -0.134648, 0.02172, 0.099986, 0.033887, 0.058161, 0.138079, 0.087429, 0.16707, 0.141463, 0.076845, 0.053179, -0.064177, -0.043666, 0.021109, -0.063015, -0.074224, 0.143137, 0.097457, 0.046621, -0.0253, -0.090423, 0.165504, -0.077006, -0.06883, 0.092079, 0.026527, -0.026596, -0.087707, -0.087197, 0.088474, -0.011295, 0.05073, 0.11797, 0.004743, 0.07574, -0.046006, 0.052328, -0.00956, 0.059604, 0.154702, 0.024365, -0.160461, 0.076983, 0.015597, -0.017969, 0.000455, 0.155473, -0.001132, 0.001022, -0.107695, 0.084201, -0.116565, -0.112219, -0.124811, -0.0537, -0.156987, 0.146184, -0.021719, -0.165121, 0.086227, 0.041201, -0.121772, 0.164129, -0.115449, -0.111238, 0.093009, -0.00444, 0.135266, -0.042399, -0.098503, -0.113263, -0.055032]
[-0.094254, -0.156867, 0.112098, 0.003856, 0.094241, 0.074653, -0.121294, -0.013714, -0.046787, -0.102068, -0.168598, 0.069404, 0.140251, -0.084772, 0.021934, -0.1606, -0.046654, 0.113115, -0.148315, -0.140489, 0.136443, 0.116471, 0.139887, -0.117318, -0.078255, 0.022238, -0.117226, -0.16521, -0.045266, -0.108587, 0.140233, -0.130685, -0.137355, -0.115885, 0.060047, -0.152471, -0.052932, 0.148516, 0.026557, -0.109193, -0.04791, 0.141122, 0.000435, -0.007461, -0.051223, 0.139758, -0.078132, -0.035506, -0.06771, 0.004291, 0.030048, -0.121116, -0.013421, -0.039807, 0.062237, -0.078746, 0.036331, -0.010481, 0.045996, -0.07987, 0.022595, 0.122814, 0.009748, 0.145142, -0.14829, -0.071835, -0.014788, 0.051082, -0.128248, 0.128902, -0.111045, 0.083707, -0.151256, 0.104553, 0.138327, 0.103766, -0.08657, -0.126492, -0.125091, -0.01336, -0.027854, 0.033715, 0.032239, 0.056921, -0.151009, 0.126182, 0.158311, 0.040248, 0.101757, 0.076841]
[0.115499, 0.009203, -0.06076, -0.15584, 0.131109, 0.129581, -0.066211, 0.128208, -0.061096, -0.102127, 0.102214, 0.087339, 0.087863, 0.108729, 0.105765, 0.118022, 0.018086, 0.016927, 0.08756, -0.02289, -0.15687, -0.103597, -0.029239, -0.00586, -0.105997, 0.118523, 0.069118, 0.132019, -0.021193, 0.072793, 0.014746, 0.136594, 0.077317, -0.114833, -0.049895, -0.099838, -0.066153, 0.110916, 0.043796, 0.018222, 0.077416, 0.080788, -0.057669, -0.031054, -0.01173, 0.096138, 0.05328, -0.051953, 0.099037, -0.057304, 0.025846, -0.146892, -0.043431, -0.073036, -0.076745, -0.006648, 0.142244, 0.10184, -0.034203, -0.086476, 0.129392, 0.162885, 0.058199, -0.022003, 0.072001, -0.008633, 0.059681, 0.111176, 0.104973, -0.133299, -0.066145, -0.074463, -0.045509, 0.166503, 0.111483, 0.131097, 0.005296, 0.078198, -0.14208, 0.110199, -0.012015, -0.020477, -0.052556, -0.165494, -0.100499, 0.168667, -0.148909, 0.110735, -0.025733, 0.112751]
[-0.137802, 0.005067, -0.138904, 0.050387, 0.003573, 0.158419, -0.024232, -0.128347, -0.031281, -0.102758, 0.110297, 0.067084, 0.093645, -0.113496, -0.068984, -0.049683, 0.137864, -0.111605, -0.016812, 0.09332, 0.060653, 0.168905, -0.001828, 0.124205, 0.142369, 0.153581, 0.140526, 0.070091, -0.00914, 0.06468, 0.156656, 0.041643, -0.081048, 0.033916, -0.026468, -0.092368, -0.059964, 0.087634, -0.078313, -0.102991, -0.155355, -0.02254, 0.161748, 0.091102, 0.088231, 0.00153, 0.02358, 0.061509, 0.147358, -0.066717, -0.034622, -0.088486, -0.138144, 0.163161, -0.05141, -0.02496, 0.157324, 0.144126, -0.019135, 0.114931, -0.043111, 0.143113, -0.026283, 0.156032, 0.149572, -0.085997, 0.075514, -0.021425, -0.157606, 0.11551, 0.163113, 0.150607, 0.008352, 0.129784, -0.096374, -0.102656, 0.153735, -0.03916, -0.112875, 0.081806, 0.118942, -0.022834, -0.036596, -0.098187, -0.165572, 0.055657, -0.062032, 0.117371, -0.024788, -0.098078]
[0.007119, 0.128866, 0.110856, -0.163083, -0.148152, -0.057447, 0.100772, 0.014327, -0.016365, 0.002308, 0.134307, -0.018039, -0.030362, -0.129828, 0.126604, 0.075527, -0.143296, -0.052476, -0.124031, -0.102776, -0.097729, -0.029038, 0.135971, 0.139115, 0.0022, -0.002731, 0.12028, 0.113717, 0.154829, 0.041542, -0.167384, 0.083357, 0.046703, 0.057279, 0.039391, -0.133886, -0.096964, -0.136398, 0.072349, 0.030099, -0.044823, -0.030324, 0.146, -0.165746, -0.002271, 0.099189, -0.148736, -0.163906, 0.054134, 0.010996, -0.100852, -0.081653, 0.10523, 0.13304, 0.095528, -0.08247, 0.07302, 0.120883, 0.023334, 0.055519, 0.162505, -0.010807, -0.028998, -0.156997, -0.052663, -0.074631, -0.043449, -0.085375, 0.114386, -0.14259, -0.000601, -0.050879, -0.151492, -0.037418, 0.000924, 0.010211, 0.093504, 0.164776, -0.053978, 0.090608, -0.020978, -0.020648, -0.036586, 0.092342, 0.049801, -0.119154, 0.067432, -0.014241, -0.12502, -0.067149]
[0.116146, -0.082399, -0.141853, 0.167895, 0.143671, -0.012848, 0.126937, 0.12142, 0.163843, -0.066115, 0.093526, 0.062573, -0.065509, 0.013737, -0.168104, 0.046946, -0.134489, -0.045617, 0.155919, 0.119446, 0.086318, -0.016725, -0.028649, -0.011833, 0.034184, -0.164353, -0.155961, -0.102738, 0.016016, 0.061985, -0.099851, 0.01702, 0.010892, -0.142791, 0.003857, -0.130926, -0.061472, -0.085644, 0.032664, 0.11528, 0.026431, 0.048446, 0.09453, 0.012653, -0.005795, 0.166108, 0.097664, 0.167829, -0.000842, 0.126576, -0.084974, 0.141111, 0.031961, 0.108954, -0.120251, -0.104571, -0.159514, -0.042585, 0.154406, -0.092203, 0.049982, 0.020329, -0.163279, -0.086102, -0.071346, 0.153362, -0.143478, -0.137584, -0.054225, 0.002151, -0.15431, -0.043338, 0.102064, 0.16452, 0.031852, -0.122242, 0.01095, 0.131028, 0.046455, -0.135646, 0.128203, -0.030927, -0.084444, -0.000162, 0.126568, -0.116773, 0.057683, -0.080859, 0.143934, -0.105355]
[-0.07436, 0.060729, 0.058621, 0.049774, 0.110962, -0.027866, -0.127376, -0.136152, -0.100495, -0.01624, -0.025272, -0.027632, -0.10961, -0.157835, -0.085621, 0.051437, -0.144679, -0.082773, 0.029076, -0.081971, -0.163819, -0.134822, -0.051116, 0.06043, 0.091391, 0.168107, -0.048774, 0.090653, 0.027769, 0.058954, 0.15864, -0.066241, -0.074438, -0.157799, -0.025562, -0.054233, 0.160781, -0.003685, 0.030638, -0.049041, -0.148979, 0.035178, 0.101171, 0.05907, 0.115226, 0.164354, 0.163711, 0.084915, -0.020775, 0.00267, 0.028862, -0.125187, 0.138942, -0.094228, 0.039827, -0.148544, -0.008749, -0.110158, -0.115204, 0.062787, -0.009944, 0.074294, -0.077153, 0.105047, 0.081405, -0.06377, 0.115077, -0.018587, -0.036916, -0.15116, 0.093666, 0.15373, -0.079054, -0.049972, -0.149334, -0.092605, -0.086532, 0.024879, -0.119462, -0.163785, -0.106829, 0.055254, 0.028499, 0.140292, 0.162503, 0.079018, -0.072261, 0.004855, 0.010393, 0.137758]
[-0.068602, 0.114623, 0.126168, -0.159615, -0.156442, -0.049129, 0.13273, -0.162869, -0.161285, -0.151199, 0.115955, -0.035906, 0.157045, 0.026145, 0.045716, 0.050973, -0.006172, 0.093409, -0.038752, 0.033475, 0.047465, 0.143856, -0.115342, -0.01897, -0.010459, -0.137115, -0.168157, -0.003192, -0.114573, 0.015289, 0.03769, 0.11066, 0.076074, 0.14342, -0.019993, -0.130345, -0.035554, -0.08299, -0.018633, -0.166913, -0.042998, 0.057066, 0.000923, 0.106457, -0.007879, 0.147983, 0.015536, 0.057531, -0.022013, -0.021121, -0.026587, -0.110866, 0.085089, -0.105577, 0.032643, -0.04614, 0.122021, -0.125922, 0.003051, -0.104556, 0.160245, -0.030234, -0.145144, 0.116803, -0.06371, -0.016227, 0.00866, -0.164539, 0.00915, -0.082611, 0.057752, -0.041485, -0.166137, 2.5e-05, 0.156053, 0.09201, -0.042221, -0.071798, -0.117946, -0.061162, 0.076524, -0.016904, 0.027121, -0.083146, -0.027383, 0.070018, -0.076232, 0.032149, -0.119406, -0.131082]
[-0.028859, 0.035746, 0.051682, 0.046236, -0.158268, -0.122542, -0.119524, 0.141314, 0.029088, -0.020235, 0.102112, 0.011249, -0.071765, 0.002325, -0.087631, 0.022272, -0.117301, -0.043026, -0.150983, -0.035942, -0.150036, -0.04186, 0.03168, 0.063031, -0.11191, 0.077099, 0.120023, 0.016636, 0.158811, 0.127229, 0.05113, 0.028423, 0.089626, -0.045052, 0.085207, -0.068038, 0.052044, -0.089893, -0.137696, 0.156833, -0.168161, -0.092338, -0.128694, -0.077303, 0.143839, -0.139524, -0.161084, -0.069195, -0.121756, 0.124646, -0.087696, -0.095137, 0.041662, 0.123308, 0.019032, 0.074405, 0.081816, 0.13126, 0.097336, -0.156472, 0.091769, 0.112399, 0.115929, 0.097521, 0.062994, -0.108331, 0.110443, 0.012675, 0.028041, 0.082485, 0.104645, 0.151603, 0.032447, 0.029043, 0.15802, -0.039061, 0.063593, -0.00344, 0.060874, 0.124995, -0.104387, 0.161012, 0.036696, -0.058169, -0.168958, -0.052487, 0.024956, 0.024142, 0.027269, -0.081356]
[-0.062264, -0.011698, 0.06486, 0.050053, 0.07987, 0.164187, 0.02911, -0.016203, 0.113997, -0.02961, 0.098386, 0.089245, -0.154681, 0.022252, 0.039468, -0.09053, 0.028633, 0.106564, -0.008387, 0.101347, 0.029412, -0.02234, -0.071637, -0.04344, -0.16062, -0.078976, 0.024175, 0.041693, 0.085777, -0.01302, 0.020703, -0.10647, 0.030589, 0.097777, 0.104481, 0.09184, 0.023989, -0.063068, -0.16865, -0.167151, -0.08181, -0.015412, -0.015448, -0.030315, 0.019096, 0.05232, 0.134579, 0.115356, 0.014407, -0.034426, -0.157183, 0.149559, -0.151918, -0.024078, 0.038186, 0.021515, 0.118172, 0.060985, 0.03652, 0.054163, 0.094662, 0.074336, -0.054555, -0.045609, -0.165895, 0.113742, 0.045195, -0.035537, 0.067557, -0.084802, -0.070134, 0.076887, 0.046511, 0.079261, -0.052264, -0.030452, 0.132098, 0.098985, -0.008072, 0.029077, 0.131968, -0.156008, 0.011399, -0.006926, 0.158337, -0.08048, 0.164327, 0.085855, 0.053196, -0.055401]
[0.058984, 0.163562, -0.117045, 0.150988, 0.089265, 0.096709, 0.036177, 0.029395, 0.08696, 0.073102, 0.074683, 0.072561, -0.050452, -0.04036, -0.00921, -0.00609, 0.10922, -0.110038, 0.127374, 0.056092, -0.131666, -0.124058, 0.056255, -0.089899, 0.050065, -0.072327, -0.028719, 0.153182, 0.024652, 0.101897, 0.062162, -0.128636, -0.064823, -0.166843, -0.067364, -0.132986, 0.06071, -0.084019, -0.150308, 0.10245, -0.106453, -0.152432, -0.009761, -0.05814, -0.01472, 0.151953, 0.116229, 0.163771, -0.126283, -0.13952, 0.104224, -0.003321, 0.001415, 0.077453, -0.140755, 0.070961, -0.038802, 0.045001, 0.115435, -0.023011, 0.159006, -0.008511, 0.168706, -0.073241, 0.060334, -0.152336, 0.15847, -0.040389, -0.165075, -0.161386, 0.137884, -0.060407, 0.099312, 0.10677, 0.148976, -0.123604, -0.131094, 0.059629, 0.034414, -0.025733, -0.145098, -0.131159, -0.004088, 0.051231, 0.05364, -0.11585, -0.087864, -0.068738, 0.074114, -0.161018]
[-0.041669, 0.128467, 0.149529, 0.019015, -0.016897, -0.062912, -0.117763, -0.037951, 0.110673, -0.004898, -0.165442, -0.099666, 0.147464, -0.091432, -0.091436, -0.006374, 0.017324, 0.061799, 0.157225, 0.164659, 0.105235, -0.14335, -0.005018, -0.139285, -0.133817, -0.035648, -0.063522, 0.090828, -0.16436, -0.025726, 0.047974, 0.029987, -0.083129, 0.133873, 0.002529, 0.146809, 0.069298, 0.04221, -0.08642, -0.143793, 0.077425, -0.007259, 0.100102, 0.096443, 0.149753, -0.019772, 0.105923, -0.056956, 0.047587, -0.102666, 0.070341, -0.149281, -0.029165, 0.081229, 0.100626, -0.042177, -0.105479, -0.14066, 0.079297, 0.126229, -0.034446, 0.139173, 0.155661, -0.111384, 0.075353, -0.080921, 0.116724, 0.147043, 0.050049, -0.13917, 0.127186, -0.135807, 0.056635, 0.033029, -0.16197, -0.14575, -0.005131, 0.025781, -0.1132, -0.037379, 0.12162, -0.02287, -0.071325, -0.020463, -0.086923, 0.121982, -0.157939, 0.105173, -0.155671, 0.04014]
[-0.073419, -0.16066, 0.043239, -0.024487, -0.120771, -0.077653, -0.006658, 0.055089, -0.047145, 0.145709, 0.141489, 0.129764, -0.083004, 0.006958, -0.154378, 0.122564, -0.019238, 0.0559, -0.130238, -0.03817, 0.096735, -0.004451, 0.079447, 0.03728, -0.051623, -0.015994, -0.096586, 0.167068, 0.088655, 0.066509, -0.144411, -0.027043, 0.165327, -0.148244, -0.090597, 0.064815, -0.028803, 0.046474, 0.121989, -0.122367, 0.078238, -0.083703, -0.081046, -0.047836, -0.035168, -0.105047, 0.092181, -0.094933, -0.093244, 0.080937, -0.003119, -0.141272, -0.108204, 0.156219, 0.045576, -0.138057, -0.139474, 0.14985, 0.034263, 0.166291, -0.110795, 0.041342, 0.085298, -0.009886, -0.089401, -0.085118, -0.167957, 0.145958, 0.143784, -0.10099, -0.115086, -0.02473, 0.15541, 0.014516, -0.145037, -0.157551, 0.003689, -0.036271, -0.123672, 0.062544, -0.118446, 0.009405, -0.065075, -0.090347, -0.060494, 0.084726, -0.104888, -0.123969, -0.16447, 0.078723]
[-0.104216, -0.126254, -0.030391, -0.129767, 0.16075, -0.038598, -0.120078, -0.036312, 0.022771, -0.043168, 0.155815, -0.073166, -0.031664, -0.079429, 0.066335, 0.048081, -0.020976, -0.054982, 0.089876, 0.166062, -0.033378, 0.030556, -0.154718, -0.025492, 0.054142, 0.102546, 0.018976, -0.135703, -0.167998, 0.052113, -0.089001, 0.113858, -0.004488, -0.046928, 0.029216, 0.160017, -0.014676, -0.061119, -0.148912, -0.129116, -0.136742, 0.09726, -0.104827, 0.029717, 0.078252, 0.052797, -0.129458, 0.05752, -0.059377, -0.097687, 0.092018, 0.011678, -0.062844, 0.080223, -0.086646, -0.008285, -0.142992, -0.082961, -0.144899, -0.052417, 0.011477, 0.101328, -0.111207, -0.004684, 0.133745, -0.040875, 0.028452, -0.117669, 0.100458, 0.086147, -0.151225, -0.016661, 0.107494, 0.044948, -0.113531, -0.158917, -0.155999, 0.051392, -0.030611, 0.166043, 0.021515, 0.04992, 0.038251, -0.163155, 0.010842, -0.0146, -0.023072, 0.034501, 0.102221, -0.116817]
[0.019987, 0.0178, 0.107999, -0.002078, -0.027307, 0.014198, 0.137958, 0.024724, 0.073936, 0.153909, -0.040351, -0.133804, 0.103961, -0.067332, 0.096155, -0.062046, -0.044524, 0.144616, 0.03553, 0.035085, -0.03532, 0.118283, -0.069582, -0.155133, 0.103596, -0.08289, -0.119488, -0.010299, -0.007394, 0.16024, 0.023604, 0.073129, -0.008933, 0.143869, 0.15515, 0.091568, 0.069252, -0.144501, 0.006154, -0.13078, -0.035064, 0.073678, 0.097445, 0.093109, -0.058701, 0.165982, 0.09521, 0.066667, -0.127211, -0.099574, 0.026865, 0.005024, -0.15835, 0.075005, 0.007875, 0.104869, 0.163721, -0.114887, 0.152497, -0.161688, -0.015823, -0.038457, 0.134428, 0.112369, -0.068647, 0.137904, 0.150364, -0.030114, 0.040954, -0.036599, 0.037436, 0.121462, 0.1465, 0.089011, 0.142381, -0.076756, 0.092388, -0.020487, 0.118284, -0.096005, -0.072028, 0.168203, 0.033259, 0.089132, 0.052833, 0.110812, -0.000212, 0.155024, 0.007947, -0.082722]
[0.159581, 0.083091, -0.16633, -0.095392, -0.018076, 0.09336, 0.01608, -0.00288, -0.008301, 0.070665, -0.11818, 0.010142, 0.084571, 0.065535, 0.022687, -0.0877, 0.08535, -0.159331, -0.058927, -0.142315, 0.137378, -0.010991, 0.088979, -0.046386, -0.100377, -0.033556, 0.007657, -0.038271, 0.063828, -0.022722, 0.050475, -0.013836, -0.123158, -0.028142, 0.01588, -0.156281, -0.073622, 0.072723, 0.165091, 0.134768, -0.002374, -0.000344, -0.019455, -0.164664, 0.066697, -0.044896, -0.066052, 0.136269, -0.106121, 0.052158, 0.010902, 0.011344, 0.030769, 0.04945, -0.028251, -0.137143, 0.090557, 0.031428, -0.023213, 0.146631, 0.028837, 0.109245, -0.091876, -0.123707, 0.028788, -0.096989, 0.125793, -0.159879, 0.067644, -0.086968, 0.086818, 0.006872, 0.079729, -0.084432, -0.087935, -0.109354, -0.065032, 0.161551, 0.051794, -0.035903, 0.110659, -0.061808, 0.121335, -0.004796, -0.0374, -0.133036, -0.039694, 0.112011, 0.153037, -0.044988]
[-0.13583, 0.146418, -0.163364, -0.164994, -0.05895, -0.026619, 0.07068, -0.055552, -0.047665, -0.076677, -0.064122, 0.00348, -0.008462, -0.081567, -0.072233, 0.057889, -0.153334, 0.107537, -0.152558, 0.0804, 0.088715, 0.010414, -0.025545, -0.090521, 0.091576, 0.015469, -0.078976, -0.073859, -0.078362, 0.050204, 0.090789, 0.096774, -0.140724, -0.138309, -0.11025, 0.140517, -0.147795, -0.033156, 0.007525, -0.167109, 0.045647, -0.049425, -0.037245, -0.084023, 0.055083, 0.00064, -0.0242, -0.167297, -0.096699, 0.015016, -0.076186, -0.063319, 0.166498, 0.131902, -0.069568, -0.029313, -0.033002, 0.089899, 0.121177, 0.128746, 0.090375, -0.164746, 0.121329, -0.026528, 0.047103, 0.005528, 0.060256, -0.084461, -0.095801, 0.120924, -0.113654, -0.009019, -0.126499, 0.055378, -0.13658, -0.145494, 0.056499, 0.070849, 0.122625, -0.124366, 0.127984, 0.147363, 0.127858, -0.150908, 0.028128, -0.097472, 0.077467, 0.160961, 0.148972, -0.110071]
[0.042454, 0.010305, -0.161988, -0.139355, 0.033612, 0.095129, 0.132631, -0.067893, 0.067014, 0.151086, 0.112985, 0.106847, 0.062065, -0.043266, -0.058851, 0.11596, 0.040523, -0.003411, 0.026654, -0.105176, 0.071219, -0.004939, 0.028678, 0.011847, -0.016814, 0.072067, -0.120488, -0.15872, 0.133593, 0.038823, 0.166478, -0.069174, -0.034425, 0.007949, 0.071096, -0.099755, 0.126381, 0.100915, -0.110734, -0.055182, 0.072171, -0.167649, -0.015979, 0.027316, 0.012574, 0.125372, 0.128643, 0.12143, 0.094335, -0.085946, -0.11371, -0.112462, -0.032979, 0.044765, 0.078275, 0.162272, 0.0604, 0.021937, 0.111287, 0.076145, -0.065468, -0.077227, -0.002037, 0.016181, -0.02036, 0.01991, -0.132643, 0.07165, 0.134164, -0.111796, -0.071291, 0.110074, -0.044281, 0.156832, 0.086739, -0.041572, -0.102661, 0.011326, -0.125849, 0.036622, -0.013789, -0.049049, -0.151524, -0.050614, 0.036755, -0.147724, -0.037297, -0.0069, -0.052496, 0.12254]
[-0.149816, 0.142449, 0.034283, 0.052962, -0.036743, -0.168471, 0.099161, -0.01514, 0.114532, -0.100189, 0.061836, -0.122366, -0.139967, -0.052886, 0.101461, 0.166201, -0.12337, 0.071931, -0.012512, 0.06277, 0.06309, 0.056091, -0.140709, 0.165662, -0.142867, 0.050453, -0.144566, -0.072385, -0.126808, 0.12812, 0.150533, 0.027406, -0.038295, -0.166711, 0.047995, -0.022731, 0.071149, 0.010224, 0.095377, -0.094742, -0.108457, -0.008842, -0.078215, 0.139796, -0.08274, 0.051953, -0.029719, 0.080899, 0.001675, 0.045557, 0.047261, 0.15339, 0.068851, -0.093378, -0.075654, -0.141429, -0.056827, -0.142491, -0.059731, 0.04231, 0.084871, -0.051522, 0.119957, 0.107355, 0.005459, -0.056628, -0.099947, 0.067376, 0.054913, 0.149406, -0.15683, 0.134558, 0.110368, 0.059262, 0.060446, -0.039582, -0.055476, 0.040613, 0.07677, -0.052025, 0.133275, 0.069418, 0.141321, 0.026695, -0.028132, -0.024009, -0.042996, 0.014795, -0.051386, 0.049849]
[0.072354, 0.075586, 0.166314, 0.074776, 0.16599, 0.06104, -0.162901, -0.139298, 0.094312, -0.063859, -0.10222, -0.068339, -0.111784, -0.082483, 0.043637, 0.045577, -0.02607, 0.070332, -0.027109, 0.036744, 0.075716, 0.022186, -0.031878, -0.148818, 0.045314, -0.055261, 0.144732, 0.091016, -0.132774, 0.09666, 0.060536, -0.05137, -0.077714, -0.031033, -0.056773, -0.006143, 0.111856, 0.026535, -0.033701, 0.044373, 0.053851, 0.064373, -0.163517, 0.062702, -0.04456, 0.106911, 0.005477, -0.023398, 0.086198, 0.147643, 0.013037, 0.156064, -0.025474, 0.105029, 0.103147, -0.037021, -0.077927, 0.116612, -0.017698, -0.015794, -0.00114, -0.027826, -0.091369, 0.02465, 0.166201, 0.067459, 0.167551, 0.004824, -0.004615, -0.146989, -0.127187, -0.143354, -0.003823, -0.035659, -0.029752, 0.007122, -0.042292, -0.066542, -0.049541, -0.02689, 0.081386, 0.123049, -0.03904, -0.064312, 0.011876, -0.134441, 0.144847, -0.040818, -0.123363, 0.141141]
[0.086974, 0.071233, -0.086404, 0.057018, -0.166007, 0.032396, 0.14561, 0.149124, -0.158869, -0.001908, 0.11181, 0.125648, -0.026479, -0.043359, -0.164151, 0.093948, 0.131414, 0.098157, -0.109636, -0.050202, -0.067163, -0.093526, 0.126687, 0.108687, -0.054413, 0.168338, -0.090362, -0.019352, 0.014525, -0.040629, 0.100663, 0.124587, -0.140261, -0.162189, 0.030373, -0.162556, 0.136422, 0.011124, 0.077818, -0.04351, 0.00598, -0.113633, 0.055971, 0.073299, -0.089565, 0.032785, -0.067393, -0.151205, 0.07529, -0.115724, -0.075192, 0.147047, -0.076533, -0.128271, -0.137178, 0.161905, 0.037028, -0.136446, -0.148457, -0.133224, -0.000699, -0.054914, 0.002389, -0.113882, 0.116986, -0.071839, -0.068709, -0.070505, -0.091792, 0.019358, 0.137998, 0.058809, 0.141221, 0.13506, -0.014354, 0.147863, 0.068584, -0.06944, -0.031493, -0.093419, -0.018245, -0.095626, -0.034976, 0.063341, -0.127726, -0.058893, -0.060027, 0.115965, -0.008522, -0.145779]
[0.077896, 0.155532, 0.065091, 0.122864, -0.086765, 0.061718, 0.039017, 0.053247, -0.148908, -0.060667, -0.037089, -0.064295, -0.111111, 0.1357, -0.05, 0.082368, -0.097494, -0.117629, 0.011192, -0.073987, -0.003084, 0.041456, -0.162383, -0.153459, 0.086775, 0.100705, 0.100864, -0.107762, -0.137951, 0.121475, -0.103206, 0.057684, 0.021648, 0.043119, 0.102973, -0.001648, -0.023833, 0.162418, 0.134377, -0.12851, -0.076021, -0.161687, -0.128056, -0.061702, -0.02747, -0.086229, 0.068702, 0.091472, -0.001982, -0.00359, 0.007203, -0.002256, 0.095854, -0.167426, 0.139556, 0.140703, -0.011252, 0.148195, 0.100574, 0.070404, -0.036664, -0.053922, 0.067161, 0.050002, -0.051013, -0.020498, -0.019742, -0.041677, 0.047559, 0.058147, -0.097555, -0.116403, 0.155799, -0.007179, -0.163984, -0.136534, 0.099957, -0.0526, -0.154849, -0.136659, 0.11839, -0.095705, -0.099327, -0.014142, 0.040382, 0.166087, 0.027251, -0.143086, -0.029677, -0.087863]
[-0.127881, -0.053806, -0.031212, 0.097423, -0.095066, 0.15112, -0.091195, -0.078991, 0.038303, -0.14906, 0.106118, 0.138619, 0.013237, -0.085391, 0.146081, 0.167568, 0.110659, 0.034425, 0.140281, -0.166798, 0.046335, 0.025538, 0.077667, 0.036413, 0.159626, 0.149411, -0.01313, -0.081263, -0.148842, 0.053626, -0.058099, -0.104549, -0.006367, 0.093407, 0.100242, -0.067328, 0.037034, 0.029553, 0.006932, -0.138588, -0.095537, 0.136149, -0.045221, -0.061982, 0.154978, 0.017859, 0.056431, -0.058923, 0.035684, 0.114623, -0.052619, -0.087971, -0.0223, 0.004589, 0.092963, -0.120988, 0.100944, 0.121757, -0.011867, 0.165161, 0.043569, -0.167996, -0.008061, -0.158937, -0.004198, 0.102406, -0.047242, -0.114106, 0.068585, -0.166726, -0.116257, 0.112365, -0.068922, 0.054229, 0.145958, 0.103279, -0.049702, -0.087439, 0.012534, 0.152015, 0.109982, 0.166622, -0.018912, 0.034603, -0.158611, -0.113986, 0.070613, -0.152935, -0.009175, 0.034439]
[-0.123082, 0.091545, 0.116845, 0.096706, 0.05869, -0.062526, -0.156205, -0.144563, 0.070139, -0.064437, -0.026657, 0.094826, 0.009062, -0.068292, 0.134018, 0.023399, 0.137694, 0.101452, 0.138947, 0.080173, -0.122344, -0.13537, -0.112698, -0.134544, -0.048433, -0.046619, -0.073086, -0.04375, -0.141225, -0.068854, -0.048312, 0.062495, -0.137208, -0.151985, -0.163103, 0.024, 0.079775, -0.074661, 0.154615, 0.125174, -0.033927, -0.10703, 0.124601, -0.097346, 0.026564, 0.089037, -0.127612, -0.110147, -0.060461, 0.149046, 0.115864, 0.117432, -0.16134, -0.006571, 0.165393, 0.080336, -0.15935, 0.029208, 0.094549, -0.134471, -0.039268, 0.159597, 0.092817, -0.074679, -0.001784, 0.049491, -0.126792, 0.103578, -0.0036, 0.091424, 0.16053, -0.108267, 0.147952, 0.002217, 0.086404, -0.084623, -0.052405, 0.134142, 0.040878, 0.057179, -0.022117, -0.114152, -0.028242, 0.157954, 0.061526, 0.020239, -0.164475, -0.008944, -0.115953, -0.076016]
[-0.083132, -0.016689, 0.011413, -0.026629, -0.0466, 0.032424, -0.039522, 0.017379, -0.003555, -0.040903, -0.126807, -0.05696, 0.099673, -0.033275, 0.053608, 0.073999, 0.096093, -0.07965, 0.041941, 0.050033, -0.111044, 0.025183, 0.066998, -0.046367, -0.075806, 0.077484, -0.114675, 0.066311, -0.109297, -0.156276, -0.093797, -0.03005, 0.043448, 0.127537, 0.100921, -0.036984, 0.010796, -0.028808, -0.042463, -0.102416, -0.103599, -0.025777, -0.004015, -0.110585, -0.096595, 0.007291, -0.128717, 0.071029, -0.141344, -0.011742, 0.045176, 0.067135, 0.057195, 0.104953, -0.113078, 0.106029, -0.039375, 0.134404, -0.131142, -0.167756, 0.142337, -0.009236, 0.152726, -0.152073, -0.1331, -0.071058, 0.134101, -0.15229, 0.134081, -0.151292, 0.09834, 0.143875, -0.08166, 0.148057, -0.120698, -0.140314, 0.025323, -0.168651, 0.034212, -0.152901, -0.072318, 0.09159, 0.009189, 0.019857, -0.028543, 0.071792, 0.007227, -0.082375, 9.6e-05, -0.145003]
[0.049568, 0.051958, 0.1594, 0.151951, 0.128374, 0.062454, 0.154684, 0.048623, -0.097476, -0.056338, 0.068188, -0.01557, -0.057342, -0.084078, 0.064698, -0.077896, 0.149205, -0.117698, 0.076341, -0.079421, -0.119978, -0.072339, -0.162348, 0.091578, -0.141401, -0.047205, -0.055206, 0.141074, -0.068057, 0.082167, 0.152218, 0.040827, 0.116138, 0.114365, -0.123624, 0.068542, -0.103471, 0.150389, -0.110334, 0.077324, -0.08175, 0.067074, -0.026927, -0.113634, 0.150972, -0.038424, 0.130221, -0.108529, 0.140309, -0.154541, -0.091009, 0.106045, 0.07849, 0.157529, -0.024127, 0.160996, -0.008965, 0.035429, -0.132426, 0.112964, 0.013018, 0.081205, -0.023964, -0.158677, -0.124984, -0.153235, 0.146471, 0.074919, -0.031633, -0.105493, -0.043132, -0.022762, 0.083855, -0.034754, 0.119181, -0.064626, -0.025597, -0.158337, -0.116401, -0.161708, 0.166253, 0.130883, 0.115989, 0.100806, 0.06504, -0.136353, 0.014317, -0.099721, 0.041138, -0.058395]
[0.080307, -0.154621, -0.075229, 0.164266, -0.060995, -0.139785, -0.147811, -0.119319, 0.165358, -0.028937, 0.114278, 0.104523, -0.007165, -0.075855, 0.12549, 0.03889, -0.012444, -0.075311, -0.04511, 0.031682, -0.126522, -0.056181, -0.124693, 0.13873, 0.076769, -0.149823, 0.123966, -0.122461, 0.124076, 0.004862, -0.059692, -0.024228, -0.055922, -0.028978, 0.136374, -0.059872, 0.018595, -0.063233, -0.051765, 0.05838, 0.025435, 0.068675, -0.017859, 0.139726, -0.001275, -0.036226, 0.099537, 0.056921, -0.124124, 0.042888, 0.023484, 0.157635, -0.110508, 0.161404, -0.032, 0.094622, 0.120132, -0.131226, -0.078673, 0.009201, -0.098488, -0.153341, 0.128857, -0.048786, 0.039588, -0.083295, 0.068829, -0.1205, -0.107426, -0.158537, 0.103223, -0.110252, 0.091321, 0.125058, 0.161955, 0.166236, -0.121502, 0.049865, 0.050572, -0.165805, -0.103449, 0.133069, 0.12685, -0.054356, -0.016775, 0.048194, 0.14376, 0.126704, 0.104442, 0.02587]
[0.062684, 0.138527, -0.155643, -0.021623, -0.054283, 0.159903, -0.030971, 0.146601, 0.079075, -0.040723, -0.029261, 0.033578, 0.089372, -0.125572, 0.156267, -0.084545, 0.024898, 0.104328, 0.052355, -0.085661, -0.153949, 0.018633, -0.143848, 0.136225, -0.126881, 0.024626, 0.005554, -0.077548, -0.089383, -0.043007, 0.006717, -0.01231, -0.087964, 0.014959, -0.076097, -0.001994, 0.034509, -0.14286, -0.086105, -0.041608, 0.05982, 0.071881, 0.073679, 0.070573, 0.12357, 0.156968, 0.142805, -0.052955, 0.128492, 0.048774, 0.163495, 0.112031, -0.053389, -0.131556, -0.059962, 0.013146, -0.049047, 0.135885, -0.036979, -0.153287, -0.032901, -0.001846, 0.160263, 0.069369, -0.151397, 0.052546, -0.127001, -0.077109, -0.163266, -0.058627, 0.020344, -0.114882, 0.03007, 0.037413, -0.145776, 0.138203, 0.096898, -0.082621, -0.022593, 0.104385, -0.057622, -0.090894, 0.024959, 0.061288, 0.057348, -0.038196, 0.004386, -0.019468, -0.065847, -0.161234]
[0.151329, 0.083095, 0.159115, -0.161249, -0.082333, -0.054428, 0.073922, -0.01395, 0.054513, 0.068221, -0.00099, 0.000496, 0.161113, -0.039824, -0.095556, -0.168517, 0.138148, -0.044285, 0.074277, 0.077348, 0.06462, 0.05844, -0.142931, 0.080676, 0.058508, 0.061792, -0.155997, 0.093164, 0.064247, -0.024028, 0.050099, -0.13456, 0.166138, -0.142257, -0.072502, -0.047504, 0.060872, 0.1043, -0.152727, 0.104638, 0.017493, -0.15049, -0.004905, 0.106313, -0.112282, -0.108597, -0.040061, -0.018224, -0.019971, -0.000628, 0.052685, 0.01692, 0.153108, 0.02233, -0.017624, -0.131669, -0.042511, -0.111133, -0.102941, -0.108902, -0.113183, 0.086188, 0.0984, -0.10514, 0.047556, -0.011068, 0.008475, -0.071613, 0.16216, -0.018565, -0.144437, -0.060122, 0.131978, 0.067881, -0.14882, -0.15315, 0.133474, -0.047919, -0.003999, -0.086068, -0.069753, -0.052904, -0.156413, -0.150379, 0.142206, -0.057406, 0.059711, 0.125313, -0.114004, 0.101955]
[0.035057, 0.00802, -0.116195, 0.113288, 0.046321, 0.10296, 0.147913, 0.104201, 0.103099, 0.089031, -0.051041, -0.030666, -0.062548, -0.133332, 0.024212, 0.086954, 0.049181, -0.123833, 0.133605, 0.04277, -0.131156, 0.02857, 0.099091, -0.099547, 0.045343, -0.026281, 0.02851, -0.147434, -0.032379, 0.114244, -0.047601, 0.142491, -0.035661, 0.149114, 0.023563, 0.072542, -0.088467, 0.044556, 0.082187, 0.077253, -0.019524, 0.040704, 0.101542, 0.112248, 0.126494, 0.149685, -0.015543, -0.070212, 0.013862, -0.125851, 0.116587, 0.006867, -0.148223, -0.004958, 0.060118, -0.027153, 0.059052, -0.162463, -0.044211, -0.06332, 0.095028, -0.055238, -0.164733, -0.082474, -0.142987, -0.125121, -0.059539, -0.133717, 0.058262, 0.077131, 0.024419, 0.07728, -0.03491, -0.026831, -0.166933, 0.125504, 0.034726, 0.149812, 0.046174, 0.034301, -0.071494, -0.097012, 0.017266, -0.160544, -0.150031, -0.111359, -0.026826, -0.097057, 0.051356, 0.040746]
[-0.063995, 0.054861, 0.05416, -0.074867, -0.148262, 0.104805, -0.030565, 0.139964, 0.121065, 0.043912, -0.059952, 0.039921, 0.149828, -0.105377, 0.064929, 0.163571, 0.161013, 0.073995, 0.036934, 0.035632, 0.014467, -0.109168, -0.042462, 0.009656, 0.024307, 0.04383, -0.092567, 0.00245, -0.166134, 0.053671, -0.127673, 0.144214, -0.051004, -0.001871, 0.048693, 0.11569, -0.058072, 0.099867, -0.101899, -0.043157, -0.084131, 0.16115, -0.168502, 0.13949, 0.078498, -0.035337, -0.079278, 0.013483, -0.161722, -0.143937, -0.086197, 0.133266, 0.153264, -0.032778, -0.008182, 0.010914, 0.037299, 0.148577, 0.14131, 0.092898, -0.100722, -0.030481, 0.082007, -0.065134, 0.029362, -0.166755, -0.020299, -0.036748, 0.127658, -0.123243, -0.073705, -0.015756, -0.077074, -0.118271, -0.096304, 0.02292, -0.112921, -0.039729, -0.151427, -0.048163, -0.122815, -0.116152, -0.101747, 0.006284, 0.13611, 0.046949, 0.0958, 0.019967, 0.094083, -0.138423]
[-0.146043, -0.046022, -0.110969, 0.108859, -0.118379, -0.014652, 0.077387, 0.164264, 0.075678, -0.001298, -0.100492, -0.091619, 0.138427, 0.11668, 0.031553, 0.048684, 0.096122, 0.041668, -0.137393, -0.066194, 0.115469, -0.012942, -0.155777, 0.163499, -0.092146, 0.05456, 0.123967, 0.094892, -0.086247, -0.037877, 0.141013, -0.139824, 0.070001, -0.018789, -0.036029, 0.088944, 0.071398, 0.14841, -0.136493, -0.045348, 0.120873, 0.060947, -0.165479, -0.09544, 0.053595, 0.010993, -0.021189, 0.080012, -0.136972, 0.020936, 0.058653, 0.164616, -0.032848, -0.008022, -0.060881, 0.07865, 0.084019, 0.009248, -0.102895, -0.044703, -0.126668, -0.095555, 0.041817, 0.027164, 0.027123, -0.131105, -0.004404, -0.069329, -0.15127, 0.072619, 0.046992, 0.157592, -0.168302, -0.104501, 0.129181, 0.1525, 0.010428, -0.065123, 0.109785, 0.048693, -0.058896, -0.108558, -0.080344, -0.01979, 0.143378, -0.135677, -0.103807, -0.014943, 0.094248, 0.110163]
[-0.136669, -0.073305, -0.112713, -0.029582, -0.055501, -0.030603, 0.041485, 0.046619, -0.059494, 0.144533, 0.083605, 0.133902, 0.12096, 0.059801, -0.053856, 0.146274, -0.088886, -0.013563, -0.037719, -0.152237, 0.035703, 0.06329, -0.037833, -0.127049, -0.090511, 0.13177, 0.093737, -0.04427, 0.052175, -0.08431, -0.066227, -0.040073, 0.117949, -0.145282, -0.115446, 0.150077, 0.123519, -0.049325, -0.083588, 0.053328, -0.075646, 0.022787, -0.150687, 0.128998, -0.065038, 0.096581, -0.099427, 0.038585, 0.084579, -0.010675, -0.028432, 0.114917, 0.091323, -0.012651, -0.10021, -0.071209, 0.158332, -0.038049, 0.088856, -0.098656, 0.079532, 0.0932, -0.16757, -0.128409, 0.157819, 0.168925, -0.165767, -0.028232, 0.046108, 0.15985, -0.023629, 0.16479, -0.031666, -0.022477, -0.117309, 0.075985, -0.132862, -0.032193, -0.092024, 0.089398, -0.136666, -0.060127, -0.137318, -0.033755, -0.101528, -0.102068, -0.081088, 0.033489, -0.101391, -0.156393]
[-0.05541, 0.012935, 0.019458, -0.127893, 0.141392, -0.006237, 0.009428, -0.156373, 0.035244, -0.033087, -0.072528, 0.009006, 0.146464, -0.133461, -0.056267, -0.052657, -0.060882, -0.000194, -0.123541, 0.029718, 0.025321, 0.058126, -0.058147, 0.122414, 0.082437, 0.117477, 0.121888, -0.047068, 0.13445, -0.148936, -0.134676, -0.121204, 0.099362, 0.14656, -0.074674, 0.000605, 0.084761, 0.103983, -0.004482, -0.111391, 0.052762, -0.055619, 0.130051, 0.156435, 0.05915, 0.031596, -0.055839, -0.046854, 0.162282, 0.02146, 0.089144, 0.05752, 0.134558, 0.146766, -0.074017, -0.113245, -0.087088, 0.100794, 0.164516, -0.13269, -0.001753, -0.091718, -0.037206, 0.020371, 0.086666, -0.003715, 0.000577, -0.153886, 0.010103, 0.000511, 0.074933, -0.044043, 0.121982, 0.061142, -0.13391, -0.089551, -0.095046, -0.032493, 0.128305, 0.150999, 0.010249, -0.147814, -0.109601, 0.154032, -0.117402, 0.139019, -0.005324, -0.028385, 0.111462, 0.136678]
[0.029952, -0.022756, -0.002758, 0.010028, -0.058066, 0.019523, 0.02175, 0.062824, 0.116119, 0.075693, 0.006528, 0.153614, 0.107654, 0.023613, -0.083662, -0.106788, -0.014838, -0.036865, -0.025137, -0.025419, -0.07763, -0.152461, -0.111663, -0.135627, -0.136992, -0.127856, -0.054035, -0.120084, -0.144364, -0.103001, -0.051828, -0.091009, -0.025157, 0.072292, 0.050425, 0.122706, 0.079831, -0.105095, 0.111129, 0.117938, -0.038727, 0.100704, 0.094593, -0.056152, -0.132243, 0.060474, -0.141106, 0.096962, 0.162582, -0.085001, -0.054873, 0.057102, 0.152742, 0.021482, -0.128866, 0.090958, 0.015423, 0.008509, 0.098428, -0.011312, 0.160009, 0.077169, -0.152839, 0.122402, -0.140096, -0.055068, 0.052242, 0.10137, 0.003043, 0.124016, 0.044187, -0.146785, -0.145207, 0.01684, 0.051484, -0.05968, -0.074677, -0.062122, 0.149511, 0.015501, -0.151445, -0.110304, -0.155728, 0.02925, 0.126845, 0.105997, 0.156779, 0.042915, 0.053911, 0.086573]
[-0.167234, -0.023559, 0.130582, -0.070384, -0.017284, 0.168046, -0.165943, 0.107933, -0.119646, -0.077624, 0.101294, -0.11492, 0.022256, 0.079249, 0.048847, 0.129477, 0.143855, -0.058289, -0.050021, -0.025541, -0.01226, 0.089892, -0.008283, -0.141114, -0.06752, -0.074021, 0.0979, -0.066541, 0.113357, -0.127629, 0.085569, 0.078512, -0.088917, 0.005942, -0.056335, 0.129022, 0.125335, -0.113927, -0.061892, 0.041236, 0.031826, -0.020584, -0.11079, -0.016644, 0.091188, -0.086498, 0.135216, 0.160122, 0.037026, 0.007833, -0.025316, 0.133512, 0.124932, 0.005058, 0.164392, 0.160757, -0.032992, -0.129009, 0.035448, 0.131708, 0.121198, -0.131848, 0.049173, -0.15401, 0.09184, -0.060846, 0.024536, -0.164047, -0.145757, -0.006447, -0.122777, 0.061181, -0.121545, 0.103008, -0.087717, -0.15881, 0.109444, 0.020399, 0.055357, 0.159028, -0.1238, -0.048079, -0.120379, 0.084544, -0.066092, -0.1086, 0.026184, -0.017428, -0.12014, 0.082032]
[0.075513, -0.042509, -0.110112, -0.111523, 0.005152, -0.004276, 0.157879, 0.147166, 0.057296, -0.032202, 0.102096, -0.113457, -0.073274, 0.012063, -0.008143, 0.062539, 0.156215, -0.036897, 0.162701, 0.07057, -0.00263, -0.159465, -0.061467, -0.125933, 0.160316, 0.138841, 0.004932, 0.005025, 0.09251, -0.040685, -0.042934, 0.053533, -0.10868, 0.101659, 0.044285, -0.137648, -0.120007, -0.164196, 0.125708, -0.101474, -0.020272, 0.151797, -0.149065, 0.000565, 0.05422, -0.149591, 0.165622, -0.161123, 0.147853, 0.032983, -0.149355, 0.03892, 0.026005, -0.049832, 0.146408, -0.158722, -0.078041, -0.16743, 0.129644, 0.030241, 0.095371, -0.077913, -0.126808, -0.007304, -0.049051, -0.135455, 0.094273, -0.117725, 0.050954, 0.116694, -0.060701, 0.01152, -0.089767, 0.080427, 0.057401, 0.125901, 0.101842, -0.15263, 0.054163, -0.151127, -0.126363, 0.021937, 0.114529, -0.167835, -0.034214, 0.085, 0.073049, 0.137609, 0.032207, 0.148224]
[0.12747, 0.092279, -0.074369, 0.047898, -0.103379, 0.069614, -0.093315, -0.15335, -0.011932, -0.146324, -0.121406, 0.150164, 0.091951, -0.000299, 0.087497, 0.10941, -0.045946, 0.114552, -0.115727, 0.038768, 0.10343, -0.07068, -0.034541, -0.164204, 0.137494, 0.128824, 0.153864, -0.091834, 0.091907, 0.093494, -0.070257, -0.036615, -0.154255, -0.14345, -0.144218, -0.070647, 0.062467, 0.103335, 0.099548, -0.00151, 0.068086, 0.142894, -0.064287, -0.009749, 0.072149, -0.069485, 0.013947, -0.044415, 0.061479, -0.106151, -0.158713, 0.101751, 0.103688, 0.164017, -0.086743, -0.002905, -0.164131, -0.096653, -0.091527, -0.082124, 0.095543, 0.056112, -0.109428, 0.030625, 0.078385, 0.129932, -0.060717, 0.052379, 0.021021, -0.02751, 0.02653, 0.135528, 0.078982, 0.100686, 0.013043, -0.043326, -0.003482, 0.105906, 0.002921, 0.119397, 0.036041, 0.010556, 0.115702, -0.058142, 0.077207, 0.045555, -0.11196, 0.018, 0.146611, -0.037981]
[0.131537, -0.082217, 0.031923, 0.07895, 0.033468, 0.051217, -0.00929, 0.078225, -0.150063, 0.029114, -0.142864, -0.086062, 0.101019, 0.132075, -0.129126, 0.126526, 0.038063, -0.021523, 0.098199, 0.075024, 0.141221, -0.087597, 0.068277, 0.026421, 0.085078, 0.025833, 0.113042, -0.014045, 0.102284, 0.048713, -0.162849, -0.011719, 0.133652, -0.1156, -0.086276, 0.138865, -0.11666, 0.14764, -0.114919, 0.112417, 0.051971, -0.090371, 0.060661, 0.109498, -0.008906, -0.068148, 0.036212, 0.116895, -0.146554, -0.110099, 0.140716, -0.113527, -0.10805, 0.105557, 0.004435, -0.019336, -0.075021, 0.153691, 0.057769, 0.011548, 0.022566, -0.161767, 0.115713, 0.037015, -0.031167, -0.087563, -0.020126, -0.13438, 0.106709, 0.084363, 0.104415, -0.03001, 0.078204, 0.059591, 0.10056, -0.069392, -0.119977, -0.161773, 0.029822, -0.159635, -0.037352, 0.008099, 0.161594, 0.163637, -0.108191, 0.015231, 0.160833, -0.123801, -0.147184, 0.026647]
[0.05927, -0.111049, -0.037001, -0.077365, -0.104582, -0.142589, 0.113844, 0.0743, 0.14279, -0.131575, 0.014838, -0.094221, -0.108159, 3.4e-05, -0.098521, -0.010024, 0.146409, 0.140156, -0.090328, -0.098325, 0.162361, 0.045177, -0.033361, 0.081313, -0.017606, -0.080726, 0.020391, 0.113177, 0.134997, -0.158071, 0.110035, -0.106519, 0.126454, -0.139922, -0.019351, 0.14463, -0.071721, 0.111971, -0.076807, -0.133391, -0.130139, 0.035207, 0.093465, 0.003206, 0.001982, 0.138039, 0.150885, -0.124162, -0.021136, -0.01054, 0.046475, 0.166431, -0.070872, -0.127084, -0.049694, -0.130514, 0.000443, 0.066712, 0.1577, -0.134233, -0.034114, -0.153623, 0.157325, 0.072607, -0.140091, -0.012611, -0.049005, -0.02403, -0.026532, 0.091098, 0.039316, -0.148039, -0.043792, 0.113273, 0.050223, 0.046873, -0.056841, 0.087986, -0.108398, -0.093473, -0.077105, -0.002466, -0.016343, -0.078456, -0.011747, -0.051264, -0.089217, -0.046309, -0.058985, 0.07606]
[0.019777, 0.028138, 0.126547, -0.046471, 0.01098, 0.142216, -0.157176, 0.129057, 0.045042, 0.067653, 0.067947, 0.033848, 0.167552, -0.066306, 0.029837, -0.141278, 0.009965, -0.053176, 0.114789, -0.167569, 0.00785, 0.063303, -0.150053, -0.082162, 0.102217, -0.075499, 0.087721, 0.076282, -0.115576, -0.07127, -0.160557, 0.093598, -0.018495, 0.096755, 0.140193, 0.017621, 0.111274, -0.108962, -0.049007, 0.05164, -0.009732, -0.11368, -0.015746, -0.064624, -0.032148, -0.097642, 0.124595, -0.158973, -0.123577, 0.010118, -0.056312, 0.114227, 0.106969, -0.107284, -0.13, 0.064491, 0.032, 0.013568, -0.143479, 0.070188, -0.054271, 0.078177, -0.141383, 0.020539, 0.039064, 0.1432, 0.075855, 0.145578, 0.092786, 0.137049, -0.102684, -0.106417, 0.049835, -0.143963, 0.130343, -0.093733, 0.142839, -0.060422, -0.14483, -0.098824, 0.154272, 0.092438, -0.062812, 0.08365, -0.075422, -0.145977, 0.023963, 0.143161, -0.115947, 0.118862]
[0.05109, -0.145284, 0.165049, -0.027212, -0.082457, 0.141747, 0.136777, -0.086256, -0.07833, 0.109614, 0.16384, 0.064066, 0.083637, 0.142191, -0.104766, 0.133133, -0.106487, -0.053031, -0.142886, 0.036319, -0.011037, 0.131039, 0.02799, -0.062814, -0.126618, 0.127188, 0.122565, 0.074962, 0.114059, 0.042008, -0.01347, 0.166594, -0.041704, -0.159525, 0.072082, -0.07677, -0.115498, 0.079752, 0.084409, -0.11877, 0.134121, -0.07584, -0.089651, -0.002397, -0.074522, -0.151526, 0.003181, 0.123846, -0.10242, -0.012894, -0.123099, 0.071172, -0.16129, 0.098693, 0.005493, -0.022737, 0.142085, 0.039439, 0.116011, -0.077805, -0.10881, -0.093634, 0.067662, 0.09484, 0.079599, 0.028802, -0.081689, 0.15216, 0.058453, 0.048824, -0.0, 0.009396, -0.070246, -0.01617, 0.115936, -0.038166, 0.074005, -0.150776, -0.01082, 0.074529, 0.130568, -0.136884, -0.005554, -0.124586, 0.147468, -0.055114, -0.052924, 0.143335, -0.119773, 0.035429]
[0.139463, -0.1588, 0.029859, 0.105077, -0.134609, 0.100846, 0.033653, -0.148964, 0.075399, 0.113872, 0.07683, -0.12229, -0.056409, -0.05573, 0.063163, 0.120553, 0.030107, -0.020463, 0.102084, -0.023485, 0.133541, 0.101167, -0.102853, 0.089752, -0.086247, 0.020426, -0.13052, -0.062643, -0.144058, -0.054562, -0.132642, 0.001721, -0.077808, -0.021595, 0.017225, -0.047558, -0.148027, 0.156798, -0.127604, 0.096057, -0.115763, -0.135162, 0.004783, -0.062082, 0.096378, -0.040014, -0.050844, 0.041811, 0.066636, 0.048842, -0.152144, -0.036289, 0.013594, 0.080384, -0.045215, 0.117341, 0.081729, 0.086491, -0.065474, 0.003244, 0.105552, -0.158083, -0.111671, 0.152014, 0.102444, -0.115851, -0.039502, 0.139923, -0.049353, -0.145517, -0.092161, 0.15029, 0.002655, -0.1425, 0.13968, -0.134316, -0.127848, -0.022792, -0.12466, 0.138383, 0.069895, -0.098846, -0.061141, -0.16444, 0.109349, 0.011353, -0.002185, 0.071248, -0.055243, -0.156895]
[-0.054842, 0.035174, -0.09775, 0.038733, 0.024017, -0.035321, 0.003309, 0.086343, 0.166709, -0.01521, 0.09653, -0.00777, 0.044942, 0.129198, 0.089911, 0.148513, 0.067807, -0.018696, 0.097393, -0.093998, -0.03502, -0.154185, -0.082054, -0.005779, -0.110541, 0.074954, -0.09899, -0.013846, 0.043004, 0.06984, 0.001083, 0.051136, -0.132934, 0.029254, -0.14255, 0.055863, 0.109983, 0.132934, 0.137551, -0.021213, 0.039227, -0.156932, 0.03666, 0.008773, 0.153666, 0.003681, -0.035838, -0.029913, -0.166457, 0.144893, 0.058955, -0.135951, 0.120165, -0.055333, 0.150487, 0.095214, 0.098723, 0.108623, 0.038603, 0.135542, -0.019275, -0.021597, 0.015043, -0.162192, 0.069433, 0.106063, 0.001843, -0.087806, -0.03504, 0.022867, 0.056111, 0.074404, 0.102194, 0.015259, 0.027562, 0.135981, 0.063852, -0.032106, 0.118929, 0.125517, 0.081499, -0.144606, 0.019617, 0.105664, 0.122852, 0.076163, -0.114494, -0.023149, 0.143599, -0.124992]
[0.11138, 0.010664, -0.052606, 0.038307, -0.137482, 0.048671, 0.018251, -0.057279, 0.059897, -0.018538, -0.090662, 0.143658, 0.163769, -0.013851, 0.013827, -0.119991, -0.09257, -0.042672, -0.008232, -0.017647, 0.158791, 0.015371, 0.040432, -0.156041, -0.07654, -0.03751, 0.000249, 0.036093, -0.006067, 0.13924, 0.002886, 0.05556, 0.034259, 0.005973, -0.164485, -0.082349, 0.120413, -0.163508, -0.029412, 0.04879, 0.101953, -0.039946, 0.134655, -0.064716, 0.153178, -0.070231, -0.056025, 0.02667, 0.088203, -0.112991, -0.0141, 0.041937, -0.017287, -0.126833, 0.042884, 0.166962, 0.016523, -0.025282, -0.119558, 0.14487, 0.070583, 0.060995, -0.051693, -0.098477, -0.105162, -0.150265, 0.035759, -0.043075, 0.023685, -0.135565, -0.115468, 0.096005, -0.059912, -0.032039, -0.164271, 0.106204, -0.04774, 0.10298, 0.122227, 0.102456, 0.094185, -0.046595, 0.091594, -0.143733, 0.105552, 0.159092, -0.001971, 0.021083, 0.001869, -0.025771]
[0.154909, 0.044737, -0.082071, 0.124953, -0.03693, -0.076005, -0.113752, -0.090058, -0.15371, 0.143461, 0.097891, 0.03407, 0.116207, -0.074587, -0.128802, -0.002492, 0.161652, 0.121182, 0.075641, -0.148177, -0.027779, 0.004525, -0.165681, -0.029814, 0.071602, 0.152571, -0.021259, -0.079313, 0.100574, -0.163771, 0.050077, 0.160243, -0.130023, -0.052036, -0.129502, -0.016765, -0.049326, -0.015254, -0.109617, -0.138054, 0.126676, -0.087206, 0.034903, -0.119196, 0.085052, -0.020196, 0.087224, -0.075447, 0.141904, 0.032195, -0.069288, -0.126512, 0.157014, -0.003334, -0.05217, -0.098973, -0.097749, 0.137843, -0.148374, 0.000631, -0.144601, -0.083744, 0.078034, -0.104698, 0.040576, 0.114923, -0.055999, 0.157309, -0.043591, 0.134938, 0.035318, 0.02471, -0.03798, -0.136511, -0.046075, 0.103272, 0.133969, 0.040923, 0.010225, 0.04504, 0.040177, -0.119279, 0.053872, 0.082593, 0.15542, 0.066577, -0.166422, -0.139836, -0.048523, -0.088727]
[-0.014883, 0.155736, 0.034604, 0.157291, -0.156791, -0.103962, 0.126854, -0.095525, 0.022309, -0.124166, 0.16141, -0.116992, -0.09824, 0.132934, 0.115036, 0.125966, -0.112526, -0.00081, 0.082923, 0.014104, -0.092837, -0.032321, -0.029808, -0.022959, -0.066203, -0.101079, 0.05585, 0.146649, -0.05451, -0.065354, -0.021224, 0.040636, -0.117926, -0.010041, -0.049618, 0.014432, -0.0167, -0.117507, 0.091644, -0.015746, -0.007895, 0.046612, -0.062858, -0.052699, -0.07466, 0.103087, -0.00389, 0.100732, 0.028626, 0.075604, 0.032341, 0.130833, 0.139175, -0.152985, 0.062665, -0.004761, 0.1627, 0.148108, 0.08981, 0.094845, -0.00573, -0.003613, -0.005691, -0.089746, 0.113223, -0.154001, 0.008091, -0.005771, -0.098839, 0.044796, 0.111798, 0.139814, -0.015845, -0.020157, 0.012921, 0.121417, 0.149417, -0.066996, -0.036917, 0.13917, 0.065405, 0.065196, 0.01922, 0.034683, 0.088677, 0.07088, -0.069421, -0.093438, -0.136282, 0.028825]
[0.089455, 0.112915, -0.114477, 0.033773, -0.065532, -0.038986, 0.014719, 0.142804, -0.111577, -0.063894, 0.080035, -0.025837, 0.041646, -0.074469, 0.084074, -0.033091, -0.068053, -0.145807, -0.151099, -0.124792, -0.157606, 0.050876, 0.069888, 0.077845, -0.051926, 0.13467, -0.114957, 0.149619, 0.10018, 0.018486, 0.015827, -0.158074, -0.028701, 0.011133, -0.158812, -0.143915, -0.118482, 0.064377, 0.050268, 0.151493, -0.151882, 0.135576, 0.069685, 0.059815, 0.137647, 0.016812, -0.039983, 0.153727, -0.138337, -0.150461, 0.03128, 0.0311, 0.002644, 0.056106, -0.123555, -0.063208, -0.063278, 0.02816, 0.098674, -0.111268, 0.034514, -0.052013, -0.017573, 0.023001, -0.114625, -0.045232, 0.145006, 0.056293, 0.168041, -0.025898, -0.018165, -0.023066, -0.014032, 0.142611, 0.003738, 0.08648, -0.149719, -0.166515, -0.078328, -0.016046, -0.007262, -0.032649, 0.112269, -0.099298, 0.125161, -0.138552, -0.048531, 0.028056, -0.135325, 0.163512]
[-0.161232, -0.012976, 0.017727, 0.12922, 0.041515, 0.13479, -0.033279, 0.009626, 0.107131, 0.107279, 0.07102, 0.151392, -0.156724, 0.02063, 0.164889, 0.129061, -0.004878, 0.097972, -0.036644, 0.148569, 0.011004, 0.132724, -0.111147, -0.125221, 0.150892, -0.15525, -0.010424, -0.083584, -0.071945, -0.033495, 0.104408, 0.146638, 0.121023, 0.102487, 0.065562, -0.104965, -0.093499, -0.132831, 0.07771, -0.162788, 0.148501, 0.035479, -0.035389, 0.102275, 0.136715, 0.081453, 0.137744, 0.054479, -0.02069, 0.015268, 0.071123, 0.047981, -0.011678, 0.166306, -0.131687, -0.15806, 0.165586, -0.009547, -0.005294, 0.106906, -0.005271, -0.007286, 0.061004, 0.094635, 0.117533, -0.139542, 0.012842, -0.050219, 0.018012, 0.005122, -0.029566, -0.135826, 0.027287, -0.105098, -0.039003, 0.049599, -0.129951, -0.105131, 0.030825, -0.035176, -0.125595, 0.028633, 0.065296, 0.131747, 0.039437, -0.033816, -0.158797, 0.000752, 0.10751, 0.159924]
[-0.136895, 0.144081, -0.089528, 0.012138, 0.018639, 0.145199, 0.114056, -0.159522, -0.084805, 0.071454, 0.066267, 0.140471, 0.054558, -0.145635, 0.128269, -0.085757, 0.138352, -0.167511, 0.152352, 0.083825, 0.119036, 0.060915, -0.084791, 0.15636, -0.029706, 0.117163, 0.027014, -0.144065, 0.011922, 0.041256, -0.147529, -0.136346, -0.115573, -0.08798, -0.167792, 0.07442, 0.1463, 0.019785, 0.155182, -0.058296, 0.165925, -0.079435, -0.041489, -0.161833, 0.018694, 0.110024, -0.116332, 0.158846, 0.034621, -0.019117, 0.118172, 0.07997, 0.032374, 0.072298, -0.021901, -0.024637, 0.056303, 0.14437, 0.086366, -0.003978, 0.098676, -0.09469, -0.122193, 0.046187, -0.158052, -0.054624, 0.050182, 0.163177, -0.063177, -0.123587, -0.041617, -0.165496, 0.14734, 0.09091, 0.099755, -0.146063, 0.119263, 0.126241, -0.060107, -0.010985, 0.073691, 0.151998, 0.01911, -0.093477, 0.045443, -0.154554, 0.112537, -0.065883, 0.050173, -0.064778]
[-0.037531, -0.069761, -0.119841, 0.002306, 0.02738, 0.087158, -0.13765, -0.037282, -0.094701, -0.010918, -0.160993, 0.145417, -0.095092, 0.009579, -0.163784, 0.085848, 0.031903, -0.087, 0.140194, 0.017464, -0.162108, 0.020879, -0.143678, 0.034706, 0.150912, 0.102701, -0.110684, 0.097623, 0.093933, 0.105022, 0.127026, -0.125414, -0.137059, 0.074417, 0.027238, -0.124624, -0.148164, 0.155572, -0.068711, -0.054528, 0.16729, -0.119692, -0.07264, -0.059759, -0.024696, 0.102238, 0.131411, -0.132213, -0.01166, -0.125503, 0.132982, -0.163064, 0.146353, -0.030986, 0.102406, -0.011481, -0.148717, 0.017727, 0.065883, 0.139809, -0.119403, 0.079897, -0.134463, -0.145716, -0.01688, 0.102173, 0.05754, 0.05395, -0.15581, -0.066678, 0.103408, 0.053939, -0.002138, -0.000479, -0.144774, -0.108263, -0.09212, 0.097189, -0.086207, -0.118607, -0.166725, -0.090447, -0.035071, 0.127442, -0.112081, -0.110483, 0.002277, -0.008049, -0.010567, 0.146991]
[0.112259, -0.007422, -0.021139, -0.12014, -0.003667, -0.156723, -0.142257, 0.01341, 0.062987, 0.033387, -0.06893, -0.084107, -0.051381, -0.01759, -0.078764, 0.058586, -0.032693, -0.043221, -0.134187, 0.148585, 0.014484, 0.129804, 0.04004, -0.083495, -0.108595, -0.100093, -0.098203, -0.100983, 0.029648, -0.075068, 0.120114, -0.044304, -0.040011, -0.150929, -0.094695, 0.125879, 0.013085, -0.014878, 0.157195, 0.051125, -0.12411, -0.022648, 0.021746, -0.05628, -0.090594, -0.107565, -0.048093, -0.061124, -0.119255, -0.121145, 0.011226, 0.143008, 0.137303, 0.026131, -0.105712, 0.168102, -0.070362, 0.102719, 0.036781, -0.015113, 0.153139, -0.034963, -0.022235, -0.004807, 0.098136, 0.13646, 0.144306, 0.13085, -0.065634, 0.051795, 0.012187, -0.007726, -0.113463, -0.118577, -0.028918, -0.007244, -0.140746, 0.069676, 0.009984, 0.036192, 0.125688, -0.065021, -0.033224, -0.097879, -0.087293, 0.043802, -0.020331, -0.038739, -0.01354, 0.041748]
[0.029249, -0.071133, -0.024326, -0.135725, -0.139333, -0.008146, -0.110979, -0.111808, -0.001014, 0.154744, 0.093071, 0.049686, 0.013358, 0.011314, -0.073502, 0.124751, 0.021379, -0.061609, 0.084533, 0.052542, -0.007362, -0.032953, 0.05842, 0.029513, 0.06142, -0.155999, 0.058396, -0.020024, -0.112344, 0.042945, -0.116646, -0.037605, 0.067421, -0.069051, 0.0809, 0.10025, 0.148693, 0.025994, 0.051389, -0.05004, -0.060831, -0.079967, 0.148771, 0.106087, 0.068995, -0.141718, -0.149212, 0.021015, 0.000566, 0.011045, -0.098814, 0.051148, 0.129449, 0.106552, 0.130745, -0.167633, 0.014646, 0.054812, 0.142751, -0.150871, -0.152117, -0.063488, 0.056174, -0.130705, 0.053956, 0.041922, 0.049223, -0.097887, 0.131864, 0.158913, -0.06863, 0.084456, 0.040903, 0.040315, 0.157655, -0.024538, -0.15768, 0.071827, 0.098596, -0.056766, -0.119946, -0.035805, 0.16563, 0.035088, -0.054354, 0.11682, 0.02812, -0.039292, -0.107351, 0.04902]
[-0.126056, 0.0434, -0.102663, 0.136802, 0.040578, 0.051762, 0.013351, -0.01608, 0.041692, 0.096759, -0.097866, 0.003701, -0.098193, -0.131419, 7.3e-05, 0.09402, 0.071099, -0.081882, -0.112793, 0.064766, 0.10488, -0.090879, 0.13425, 0.064511, 0.088059, 0.108033, 0.122801, -0.151286, -0.105626, -0.093839, -0.006168, 0.122824, -0.086711, 0.164439, 0.154626, 0.078667, -0.137049, 0.160674, 0.01932, 0.021995, -0.160862, -0.114175, -0.085651, 0.114049, 0.066753, -0.063601, -0.142143, 0.142489, 0.04345, -0.143333, -0.121343, 0.034759, 0.14338, -0.106721, -0.079061, 0.031678, -0.119144, 0.048357, 0.043592, 0.036759, -0.021623, 0.096368, 0.125166, 0.025697, 0.087986, -0.009986, 0.150145, 0.031543, -0.099152, -0.107775, 0.153092, 0.05706, 0.008612, 0.106783, 0.079769, 0.162769, -0.094468, 0.059092, -0.09678, -0.124686, 0.16876, 0.014692, 0.009415, 0.102077, -0.168885, -0.131708, -0.067642, 0.033966, 0.039954, -0.144458]
[0.085969, 0.047744, -0.051471, 0.05128, -0.024816, -0.086448, 0.152076, -0.168505, 0.168955, 0.096951, 0.003313, 0.028433, 0.073205, 0.105248, -0.058241, 0.052839, 0.083198, -0.005241, -0.133535, -0.109118, -0.092543, -0.090827, -0.082541, -0.054171, 0.023036, -0.098961, -0.16624, 0.094984, -0.060136, 0.022097, 0.159907, 0.096919, -0.047946, -0.071983, -0.107392, -0.164759, 0.164498, 0.131113, -0.076806, 0.141951, 0.082102, 0.151312, -0.053748, -0.077465, -0.096699, -0.025912, -0.009494, 0.128539, -0.157565, -0.101476, 0.061, 0.038177, 0.115522, 0.12945, -0.150546, 0.045549, 0.071681, -0.034161, 0.044966, 0.077329, 0.10422, 0.042342, -0.085593, -0.114599, -0.020237, -0.035022, -0.105332, -0.012761, -0.128979, -0.153849, 0.062442, -0.03755, -0.041306, -0.032895, 0.089829, 0.032533, -0.023076, -0.07903, -0.04358, 0.043105, 0.02361, -0.093257, 0.028452, 0.143642, -0.150371, -0.115288, -0.032859, -0.062691, -0.105078, 0.155759]
[-0.04668, 0.03337, 0.084456, 0.072692, 0.152695, 0.084141, -0.041197, 0.127411, 0.168147, 0.116165, -0.081816, 0.072575, 0.121676, 0.094472, -0.059679, -0.02983, 0.029627, -0.116537, 0.085755, -0.132926, 0.097586, -0.148778, -0.019548, -0.126097, 0.042212, -0.01159, 0.082503, -0.023971, 0.132023, -0.087134, -0.055996, 0.002295, -0.087579, 0.146425, 0.0661, -0.018624, 0.010724, -0.055684, 0.048782, 0.140087, -0.008545, -0.090788, -0.149266, 0.066615, -0.011718, -0.152461, 0.030893, 0.02329, 0.086761, -0.033745, 0.010262, 0.139827, 0.159664, 0.160338, 0.136022, 0.063087, 0.049127, -0.102963, 0.120658, -0.077856, -0.143209, 0.08502, -0.141047, 0.126375, -0.144943, 0.125728, -0.011761, -0.031267, -0.110126, -0.095708, 0.011156, 0.076531, 0.009529, -0.008739, -0.12891, -0.142306, -0.120999, -0.089696, -0.165671, -0.116304, 0.14365, 0.000578, 0.147816, -0.129984, 0.102976, -0.128172, 0.109999, 0.148796, -0.097331, -0.023378]
[0.091595, 0.096633, -0.139832, 0.029612, 0.162866, -0.092393, -0.097783, 0.007799, -0.020521, 0.021887, 0.026356, -0.052898, -0.016008, -0.089804, 0.033822, 0.106084, -0.148655, 0.046074, 0.092614, -0.061933, 0.056291, 0.048105, 0.013624, -0.137344, 0.047444, -0.059672, -0.024142, -0.00529, 0.054679, 0.015701, -0.021619, 0.147495, 0.149189, 0.016708, 0.079206, -0.006322, -0.097953, 0.12331, 0.167263, 0.133482, 0.065378, 0.023229, -0.020625, -0.08093, 0.097754, -0.126349, -0.103099, 0.091291, 0.132311, 0.069859, -0.054744, 0.043153, -0.080679, 0.011849, 0.014221, 0.005906, 0.119953, -0.016807, -0.158902, 0.061134, -0.0555, 0.02167, 0.167649, -0.048929, -0.130177, -0.032505, 0.074397, -0.098767, -0.114269, -0.005106, -0.072879, -0.141157, -0.142644, -0.160407, 0.081791, 0.020974, 0.12864, -0.151038, -0.03374, -0.088319, -0.155363, 0.070321, -0.0889, -0.062473, 0.089495, 0.049231, -0.087527, -0.119245, -0.160655, 0.100313]
[0.040771, -0.007215, 0.034975, -0.102685, -0.045114, -0.064213, -0.159239, 0.001059, -0.038007, 0.036151, -0.020031, -0.140822, 0.008392, 0.153357, -0.026099, 0.01434, 0.051611, -0.093768, -0.020702, -0.014001, -0.132063, 0.012368, -0.09912, 0.116486, -0.121457, 0.131625, 0.022754, -0.066628, -0.168461, 0.157613, 0.117489, -0.073029, -0.088935, -0.070022, 0.109072, 0.161714, 0.076914, -0.132002, 0.134366, -0.163463, 0.010377, 0.013988, -0.022544, -0.161699, 0.139596, 0.133829, 0.051527, 0.106786, -0.018303, -0.07736, 0.154035, -0.093184, -0.092537, -0.061817, -0.137789, -0.04445, -0.07808, -0.019203, -0.112736, 0.067393, -0.078965, -0.056904, 0.115215, -0.093107, 0.024386, 0.110159, -0.007708, 0.160631, -0.040169, 0.0156, -0.139775, -0.123641, -0.096722, 0.078074, -0.08108, -0.132612, -0.056226, -0.058255, 0.122797, 0.05749, -0.162398, -0.084987, -0.034397, -0.062647, 0.16603, -0.070208, -0.083399, 0.116983, -0.123461, -0.003345]

BIAS DA CAMADA OCULTA (w0)
[-0.343832, 0.485711, 0.049565, -0.632042, 0.080809, -0.633676, 0.716458, 0.137997, -0.189176, -0.162534, 0.700386, -0.482137, -0.858978, -0.095032, -0.934489, -0.173232, -0.334587, -0.476649, 0.514171, -0.778451, 0.77912, -0.37249, 0.64772, 0.253565, -0.729442, 0.483668, 0.961694, -0.969089, -0.468339, -0.946573, 0.648508, 0.175056, 0.827086, -0.505139, -0.871172, 0.930805, -0.044377, 0.443873, 0.172362, -0.679414, 0.098443, -0.102564, 0.985364, -0.414411, 0.04258, -0.356479, -0.034734, 0.814116, 0.578644, 0.915617, -0.820121, 0.281433, 0.821087, 0.570019, -0.541679, -0.919114, 0.798016, 0.569419, 0.606999, 0.306287, 0.29841, -0.675136, 0.734258, 0.382399, 0.755717, 0.621273, -0.950987, -0.02973, -0.831099, 0.885755, -0.599185, 0.490833, 0.040564, 0.216561, 0.684836, -0.001105, 0.644702, 0.210823, -0.268156, 0.679006, -0.24283, 0.998371, 0.72245, -0.217931, 0.707137, 0.132105, -0.867601, 0.568906, -0.566901, 0.544799]

PESOS OCULTA SAÍDA (B)
[0.161227, 0.087995, -0.010063, -0.148008, 0.006343, -0.201426, 0.103436, -0.084149, -0.060068, -0.000318, -0.104515, -0.007262, 0.101454, 0.140696, -0.043759, -0.163034, 0.053147, -0.165183, 0.108943, 0.139482, -0.20029, 0.113792, -0.013049, -0.013473, -0.046134, -0.05922]
[-0.209654, 0.166744, 0.126124, 0.184417, -0.168343, 0.125324, -0.079833, -0.188539, 0.023776, 0.17174, -0.131178, -0.026918, -0.119784, -0.009275, -0.014261, -0.226884, 0.196253, 0.12887, 0.104359, 0.17839, -0.211668, 0.100011, -0.012131, -0.218911, -0.19877, -0.033085]
[-0.173915, 0.19846, -0.143758, -0.03736, 0.128214, -0.150842, 0.188157, -0.05657, 0.164401, -0.035249, 0.135793, 0.202721, -0.061213, 0.060776, -0.138999, 0.193713, -0.047605, 0.205797, 0.060391, 0.171959, 0.169144, 0.021912, 0.11397, 0.033717, -0.155241, -0.111489]
[-0.118432, 0.038637, -0.050652, 0.153549, 0.138216, -0.021372, 0.094225, -0.101389, 0.010532, -0.158233, -0.067928, 0.133777, -0.090986, 0.032678, -0.118136, -0.210469, -0.050456, -0.03968, -0.051267, -0.120024, 0.179404, 0.209095, -0.131733, 0.143833, -0.047374, 0.207165]
[-0.182824, 0.013588, 0.164006, -0.052262, -0.129896, 0.19795, 0.100078, 0.109042, 0.093706, 0.18518, 0.129367, 0.065326, -0.095647, 0.127636, -0.037348, 0.17951, 0.225961, -0.102471, -0.044774, 0.204864, 0.118966, 0.087036, 0.192121, -0.11589, -0.165548, 0.11128]
[0.134255, 0.223984, 0.160568, -0.168286, 0.121934, -0.169967, -0.150103, 0.133073, 0.163736, -0.061794, 0.026038, -0.217077, 0.02899, -0.052208, -0.15856, 0.163588, 0.098465, 0.209819, 0.086585, -0.085488, -0.076048, 0.162524, -0.067697, 0.004838, -0.007359, -0.164439]
[0.027517, 0.20636, -0.123979, -0.208244, 0.091824, -0.176694, 0.003178, 0.001079, 0.008796, -0.101611, 0.059867, 0.027004, -0.070273, -0.198262, 0.088941, -0.225462, -0.155921, -0.066916, -0.037463, -0.127773, -0.054128, 0.216386, -0.037797, 0.063758, 0.141212, -0.197428]
[-0.202948, -0.071042, -0.083913, 0.117637, 0.184684, -0.200144, -0.147665, -0.031714, -0.083782, 0.162826, 0.101133, -0.090605, 0.098194, -0.107653, 0.206041, 0.099423, 0.116369, 0.196991, 0.143911, 0.129297, -0.176758, -0.161518, 0.138953, 0.193314, 0.042762, -0.190194]
[0.22314, 0.075727, 0.201628, 0.006101, 0.071991, -0.084694, 0.205367, 0.048244, -0.083226, -0.184695, 0.105272, -0.172274, -0.158731, 0.197277, -0.152319, 0.063181, 0.196305, 0.010761, -0.22739, 0.147297, -0.149688, -0.213716, 0.175436, 0.207757, -0.001414, -0.000298]
[0.146331, 0.033023, -0.091879, -0.157484, 0.112975, 0.192166, 0.211944, 0.037474, -0.051096, 0.075205, 0.092323, 0.116997, 0.06452, 0.046291, 0.175023, 0.025066, 0.064816, -0.015719, -0.023486, 0.181445, 0.223307, -0.052502, -0.073165, -0.107925, -0.089911, 0.019752]
[0.086619, -0.092907, -0.065631, -0.088182, -0.010209, -0.147851, 0.21305, 0.153936, -0.192847, -0.035971, -0.148153, -0.116518, -0.131683, 0.108131, -0.009156, -0.11332, 0.012665, -0.081684, -0.208625, 0.014059, -0.086744, -0.081858, 0.218976, -0.182338, -0.220987, 0.172357]
[-0.163345, 0.028624, 0.080158, 0.017044, -0.07497, -0.002732, 0.143518, 0.161197, 0.182964, -0.214505, -0.158248, -0.172442, 0.176532, 0.005609, -0.219346, 0.023769, -0.179073, 0.0045, -0.062602, -0.154655, -0.016212, -0.192313, 0.136579, 0.155015, 0.220609, -0.21734]
[-0.056675, 0.174418, -0.043698, 0.201102, -0.153803, -0.000918, -0.227295, 0.099371, 0.106349, 0.092554, 0.122059, -0.141659, -0.174854, 0.031961, -0.028318, -0.224991, 0.09326, -0.118426, -0.086195, 0.128701, 0.05203, 0.094287, 0.066, 0.140072, 0.212997, 0.191813]
[0.213395, -0.2267, -0.19865, 0.048247, -0.059239, 0.148596, 0.18554, -0.129365, 0.182354, 0.087894, 0.22415, -0.028738, 0.133944, 0.046336, -0.211033, -0.049584, -0.106713, 0.201801, -0.002826, -0.038253, 0.101932, -0.015776, -0.021472, 0.101092, -0.077974, -0.113541]
[0.099048, 0.208427, -0.201336, -0.03108, -0.159924, 0.042311, 0.193853, 0.155528, -0.078747, -0.093695, 0.104824, -0.045129, 0.123917, 0.05106, -0.019924, -0.194106, 0.12527, 0.023414, -0.134599, 0.164456, 0.03529, -0.197099, -0.139048, -0.119204, -0.188105, -0.215703]
[-0.021577, 0.044636, 0.192857, -0.085975, 0.177723, -0.065938, -0.17006, -0.075666, 0.144002, 0.151012, -0.156473, 0.009394, 0.055973, -0.130519, 0.038468, 0.066515, -0.220955, -0.011578, 0.157628, 0.062803, -0.225795, -0.194948, 0.192558, 0.164851, 0.064224, 0.207464]
[0.160379, 0.019996, -0.101269, 0.172137, 0.172169, 0.063014, 0.122791, -0.030542, -0.117383, -0.067266, -0.143112, 0.083399, 0.114349, -0.183247, -0.214601, -0.026461, -0.192111, 0.131819, 0.148377, 0.198407, -0.11273, 0.147228, -0.141268, -0.158931, -0.218981, 0.136196]
[-0.194791, 0.161415, 0.058468, -0.04285, -0.18302, 0.123362, -0.00107, 0.132234, -0.120677, -0.112207, 0.049948, -0.073827, -0.058073, 0.142983, -0.165676, 0.032974, 0.09424, -0.03347, 0.072195, 0.197663, 0.200436, -0.016059, 0.019104, -0.077171, 0.016265, 0.06699]
[-0.075921, 0.107152, 0.207085, 0.208924, -0.213028, 0.191185, -0.128437, -0.206328, -0.182606, -0.196782, 0.212537, 0.041032, -0.110026, 0.192781, -0.095849, -0.171828, -0.154183, -0.169657, 0.008477, 0.01492, -0.010655, 0.192966, -0.149264, -0.206177, 0.08563, -0.132188]
[-0.01829, -0.072349, -0.046031, -0.179322, -0.045613, 0.16715, 0.066321, -0.126136, -0.18331, 0.198508, -0.151074, -0.163447, -0.115472, -0.173874, 0.161223, 0.180303, -0.012717, -0.177191, -0.139432, -0.030417, -0.031849, -0.077318, 0.144284, -0.119312, -0.112746, -0.161801]
[0.09356, 0.108441, 0.18211, -0.142232, -0.114083, 0.105676, -0.163202, 0.054042, 0.124123, 0.151342, -0.118908, 0.159217, 0.158002, 0.027075, -0.224994, -0.077715, 0.179786, -0.00066, 0.048215, -0.037074, 0.133654, 0.1633, 0.197269, 0.189006, -0.04046, 0.11111]
[0.222869, -0.034493, 0.213868, -0.082505, -0.203545, -0.017217, -0.218403, -0.218627, 0.191116, 0.154271, -0.054912, 0.214845, -0.058003, 0.058459, 0.173359, -0.155321, 0.091602, 0.220283, -0.205107, -0.172514, -0.192802, 0.110001, -0.167458, 0.141853, -0.154722, -0.022662]
[-0.003558, -0.031337, 0.170897, 0.215424, -0.00202, -0.180924, -0.187868, 0.077561, -0.180793, 0.091866, -0.024647, 0.187489, 0.217708, -0.041249, 0.006645, -0.069185, -0.095274, 0.004467, -0.2063, -0.214188, -0.056078, -0.083926, -0.025876, 0.112625, -0.024844, 0.146738]
[-0.103398, -0.014633, -0.105936, 0.031786, 0.168347, -0.101455, -0.087851, -0.204365, 0.178642, -0.006714, 0.006715, 0.081154, -0.158144, 0.133276, -0.069044, 0.172438, 0.177768, 0.071408, 0.031795, -0.122087, -0.056359, 0.209811, -0.10032, -0.153604, -0.202448, 0.12559]
[-0.187755, 0.010139, 0.095101, 0.059601, 0.209466, -0.144868, -0.171724, -0.093111, 0.216864, -0.194899, 0.083592, -0.073571, -0.02948, -0.065476, -0.019824, 0.128099, -0.190008, -0.223038, -0.125048, 0.147192, -0.097016, -0.16813, -0.184039, 0.095713, -0.179392, -0.153622]
[-0.211379, 0.226791, -0.024772, -0.212223, -0.051879, 0.117465, 0.024131, -0.102634, -0.075627, -0.022904, 0.080941, -0.139112, -0.087609, 0.155652, -0.052444, -0.218955, -0.048811, 0.120992, 0.059574, 0.023596, 0.163729, -0.211358, 0.100302, 0.188328, -0.210499, 0.144784]
[-0.227404, 0.106712, 0.158312, -0.040894, -0.215808, -0.118503, 0.021461, -0.029809, 0.117926, -0.141166, 0.155914, -0.165341, 0.156583, -0.212086, 0.064279, 0.155545, -0.085779, 0.18057, 0.161417, -0.215427, 0.126999, 0.034485, -0.060557, -0.192434, -0.138728, 0.079716]
[-0.026, -0.167277, 0.194847, -0.068146, -0.010302, 0.063591, 0.211961, 0.092131, 0.132284, -0.068243, 0.083229, 0.02087, -0.086547, -0.219392, -0.070481, 0.185534, -0.011284, -0.161176, -0.186461, -0.047439, -0.202501, -0.168069, 0.162508, -0.021506, -0.227007, 0.14475]
[0.0509, 0.194268, -0.225704, -0.053794, 0.081291, -0.113956, 0.147989, -0.139066, 0.025655, 0.074172, 0.088438, 0.165179, 0.078459, -0.051592, 0.075045, -0.162575, -0.103204, -0.105532, 0.126762, -0.006229, -0.003114, -0.07301, 0.170402, 0.1923, 0.057927, -0.023047]
[-0.091062, -0.172508, -0.026026, 0.227357, 0.00529, 0.198527, -0.203979, 0.063642, 0.211697, 0.078534, -0.21788, -0.024254, -0.113456, 0.033922, -0.207216, -0.190777, 0.124122, -0.219687, -0.079521, 0.077092, -0.075245, -0.138748, -0.225469, 0.078703, -0.0961, 0.010391]
[-0.224725, -0.046628, 0.153152, -0.091786, 0.038196, 0.012947, -0.05953, 0.206033, 0.215398, -0.000407, -0.063966, -0.16033, -0.144329, 0.212638, -0.02, -0.070972, -0.107406, 0.18498, 0.196906, -0.079826, -0.050012, -0.136659, 0.133785, -0.027445, 0.095844, 0.224511]
[0.133261, -0.019072, -0.020284, 0.185298, 0.003016, 0.034937, -0.122871, -0.131767, -0.037221, 0.079241, 0.058927, 0.108274, -0.059295, 0.084532, 0.137726, 0.122416, -0.135599, -0.154468, -0.214157, 0.14422, -0.138472, 0.048985, -0.176522, 0.040222, -0.209722, -0.044192]
[0.122139, 0.05249, 0.064732, 0.052734, 0.1183, 0.16588, -0.202761, -0.062156, -0.197641, -0.098326, -0.130814, 0.034563, 0.212116, 0.023409, 0.025712, 0.206903, -0.224202, 0.148088, 0.109903, -0.031645, -0.045787, -0.16193, 0.172064, 0.221879, 0.155189, -0.008729]
[0.027736, 0.002437, -0.190612, 0.111406, -0.056874, -0.145048, 0.051161, -0.051059, 0.071317, 0.188357, 0.129719, 0.125476, -0.073361, -0.095069, -0.061005, 0.146603, -0.029564, -0.209889, -0.01905, 0.193355, -0.205723, -0.085543, -0.066087, 0.061134, 0.032796, -0.141512]
[0.050208, -0.201287, -0.145652, 0.075445, -0.193792, 0.149448, 0.225702, 0.191698, -0.177604, -0.171806, 0.10452, 0.095412, -0.03361, -0.217165, 0.042611, -0.109456, 0.03224, 0.127427, 0.05096, 0.189837, -0.133565, 0.068324, -0.061769, -0.065394, -0.058937, 0.064535]
[0.184399, -0.027525, -0.008733, 0.068231, -0.119113, 0.067034, 0.101601, -0.051116, 0.18937, 0.158212, -0.188035, 0.146928, 0.225603, -0.144984, 0.043031, -0.072933, -0.057039, -0.147761, -0.106687, 0.083695, 0.009286, -0.058767, 0.099443, 0.167786, -0.032753, 0.105565]
[-0.029839, 0.103108, 0.074626, -0.115396, -0.00679, -0.15228, -0.157319, -0.077801, 0.172631, 0.172996, -0.117934, 0.216037, 0.171561, 0.045896, -0.083058, -0.08113, -0.024533, 0.125843, -0.190361, 0.094302, -0.201608, 0.112127, 0.176558, 0.047713, -0.020061, 0.136372]
[-0.205589, -0.193866, -0.091083, -0.214729, -0.000252, 0.010441, -0.144878, 0.070338, -0.214144, -0.173388, -0.203744, -0.076713, -0.117741, 0.210652, 0.200513, 0.214787, 0.207407, 0.147257, -0.102481, -0.025128, 0.0389, -0.115532, 0.17038, 0.222803, -0.109915, 0.129982]
[0.135652, 0.084079, -0.05972, 0.182223, -0.118137, -0.169737, 0.118806, -0.046683, -0.183923, 0.179018, -0.113765, 0.19634, -0.09371, -0.036359, 0.110106, -0.132448, 0.052233, -0.040906, -0.079134, 0.16966, 0.061752, 0.079282, 0.120277, -0.099787, 0.15981, -0.089666]
[-0.020715, -0.169275, -0.121255, -0.206541, 0.19765, -0.203982, -0.079258, 0.036823, -0.127027, 0.027164, 0.195647, -0.017893, -0.107247, 0.117924, -0.093963, 0.150726, 0.2123, 0.060148, 0.067954, 0.09857, -0.05688, 0.136295, 0.14361, 0.204644, -0.127899, 0.178874]
[-0.208531, 0.00525, -0.016044, 0.189505, 0.221292, 0.11, 0.009002, 0.118401, 0.204199, 0.202485, 0.086985, -0.21547, -0.190237, 0.066102, -0.225758, 0.102423, -0.077846, -0.01505, -0.146102, -0.029288, 0.168443, -0.184063, 0.001377, 0.191556, -0.070923, -0.032806]
[-0.205789, -0.225527, -0.104342, 0.205671, 0.042555, 0.110439, -0.072439, 0.030392, -0.190447, 0.039223, 0.011721, -0.132048, -0.073231, -0.223114, -0.170983, -0.133667, -0.055469, 0.135147, 0.000872, 0.041426, -0.007837, 0.100234, 0.187627, -0.04344, -0.147453, -0.11476]
[-0.208954, 0.11559, 0.138509, -0.086384, -0.21738, 0.177949, -0.188287, -0.132391, 0.080742, 0.124277, -0.087986, -0.212791, -0.022892, -0.108606, 0.123078, -0.14462, -0.026911, 0.020543, -0.204079, -0.222295, -0.118596, 0.05299, -0.211295, -0.013273, 0.18045, 0.050327]
[-0.203422, 0.049445, 0.067506, 0.190424, -0.030829, 0.126594, 0.110194, -0.180312, 0.100454, 0.007726, -0.00716, 0.181701, 0.196516, -0.08768, -0.196554, 0.056663, -0.198002, -0.083116, 0.154402, -0.126537, 0.046121, -0.078965, -0.220428, 0.107435, 0.130508, 0.224512]
[-0.183319, -0.144355, -0.184441, -0.100251, -0.008015, 0.17943, -0.060141, 0.103493, 0.064539, 0.152858, 0.065388, 0.008213, 0.210573, -0.058851, 0.179152, -0.161136, 0.166992, -0.128718, 0.045267, -0.068191, 0.170775, 0.134721, 0.040081, -0.034038, 0.207943, 0.185439]
[0.057541, 0.154315, 0.15903, 0.041664, -0.027587, 0.168521, -0.189666, -0.05964, -0.149815, 0.168263, -0.176592, 0.147018, 0.123735, 0.168528, -0.21294, -0.08863, 0.195554, -0.119838, 0.024261, -0.041732, -0.065648, 0.083121, 0.216672, 0.141505, -0.130875, 0.206689]
[-0.175501, 0.16766, -0.171712, 0.051606, -0.03057, -0.215133, -0.180786, -0.196365, 0.196946, -0.196929, -0.004415, 0.217429, -0.103651, 0.005824, 0.163586, -0.063924, -0.097942, 0.079886, -0.209569, -0.186199, -0.068195, -0.19069, 0.09252, 0.00051, 0.004214, 0.164577]
[0.150663, -0.039605, 0.012515, 0.051019, 0.147876, 0.223446, 0.175128, 0.116973, 0.106133, -0.214818, -0.035055, -0.080759, -0.029568, -0.127491, 0.174771, 0.089529, -0.00476, 0.223812, -0.18126, 0.128149, -0.1457, -0.036837, 0.10434, -0.051915, -0.031181, 0.196984]
[-0.200471, 0.127137, -0.09805, -0.195743, 0.001897, 0.135655, 0.170705, 0.05553, -0.000145, -0.033192, -0.049092, 0.168302, 0.183008, 0.198793, 0.011419, -0.009481, -0.145976, 0.221341, 0.061839, 0.018973, -0.061109, -0.007959, -0.080995, -0.168428, -0.106516, 0.086812]
[-0.165265, -0.029085, -0.145455, -0.010225, -0.154972, 0.095368, -0.047756, -0.211329, -0.126684, -0.060839, 0.112479, -0.136593, -0.126778, -0.067149, 0.06587, 0.159538, 0.009306, -0.039484, 0.104631, -0.213743, 0.018947, 0.081762, -0.15518, 0.182985, -0.134829, 0.141972]
[-0.181767, 0.007444, 0.179567, 0.194635, -0.172335, -0.177523, -0.027777, -0.157767, -0.0502, 0.164942, 0.181836, 0.07648, -0.121387, -0.086733, 0.026703, -0.052191, 0.146765, -0.102434, 0.17141, -0.08441, 0.091568, 0.059849, 0.001902, -0.134385, 0.047095, -0.097206]
[0.187666, -0.226197, 0.101747, -0.093226, -0.151452, -0.114042, -0.208761, 0.040713, -0.108598, -0.227144, 0.191244, -0.17938, 0.102147, 0.147889, -0.089487, -0.029485, -0.218307, -0.220665, -0.054263, 0.048899, 0.145223, -0.188382, 0.192732, 0.120589, 0.012147, -0.065256]
[-0.170526, 0.18099, 0.022989, 0.015999, -0.167926, -0.052758, 0.103921, 0.169184, -0.041817, -0.081092, 0.120528, 0.196812, -0.056377, 0.036561, -0.225959, -0.200448, 0.145715, -0.14891, -0.032993, 0.043766, 0.146133, 0.11395, 0.048131, 0.000807, -0.210209, 0.206012]
[0.211946, -0.093957, 0.050658, -0.154199, 0.120868, 0.204378, -0.197617, 0.06577, -0.209608, 0.110295, -0.075399, -0.193138, 0.045465, 0.042957, 0.218021, 0.03669, 0.111418, 0.170804, 0.001536, -0.168507, -0.182641, -0.135969, -0.165363, 0.002783, -0.171535, -0.196959]
[-0.157623, -0.184552, 0.194464, -0.223418, 0.03618, 0.012014, -0.013485, -0.227412, 0.135545, 0.215539, -0.220507, -0.222745, 0.062041, -0.187824, -0.035048, 0.181545, -0.10348, 0.194758, 0.066607, 0.008187, -0.159328, 0.156482, 0.122251, 0.009198, -0.149183, 0.196339]
[0.217371, 0.126112, 0.043401, -0.110458, 0.04221, 0.210016, -0.034549, -0.136669, -0.204147, 0.037556, 0.046268, 0.145833, 0.105251, 0.175042, 0.0351, -0.116661, -0.170363, 0.001769, 0.206035, -0.013725, -0.153716, 0.178372, 0.17378, 0.120979, -0.151508, 0.096545]
[0.16682, -0.004561, 0.22722, 0.155167, -0.071919, -0.020599, 0.22431, -0.095047, 0.030219, 0.071516, 0.223141, 0.139334, -0.002728, 0.181707, -0.025902, -0.071435, 0.122417, 0.104929, 0.002167, -0.10838, -0.163777, 0.007663, -0.163387, -0.151813, 0.139327, 0.135119]
[-0.088084, 0.094157, 0.087853, 0.120516, 0.151886, 0.156359, 0.027063, 0.091232, 0.035346, -0.153096, -0.054106, -0.215617, 0.039255, -0.048317, -0.001525, -0.220827, 0.05159, -0.129042, 0.02834, -0.208303, 0.049125, -0.027333, 0.02877, -0.194602, -0.225277, 0.181805]
[0.118823, 0.194192, 0.138542, -0.143473, 0.02514, 0.141369, -0.127249, -0.093468, 0.214129, -0.181544, 0.117941, -0.010237, 0.023863, 0.004557, -0.13689, 0.061867, -0.026876, -0.025392, -0.084388, -0.095891, -0.117511, 0.000246, 0.131499, 0.010329, 0.119488, -0.067398]
[-0.152178, 0.131399, -0.115842, 0.035591, 0.096845, -0.156481, 0.126388, 0.141843, 0.169417, 0.190385, -0.039518, 0.000555, 0.206877, 0.066045, 0.045498, -0.126343, -0.158691, -0.15973, -0.068515, -0.008478, -0.117625, -0.123941, 0.085868, -0.03487, -0.207339, -0.002069]
[0.212314, 0.115186, 0.072919, -0.205098, 0.141694, 0.141547, 0.159047, 0.101887, 0.08599, 0.186579, 0.210695, -0.202578, -0.153427, 0.055853, 0.112449, 0.124787, -0.125191, -0.200547, 0.11259, -0.07524, -0.137632, -0.202325, -0.064596, -0.211956, -0.187396, 0.118659]
[-0.132049, -0.05592, 0.110624, -0.158949, 0.150991, -0.059914, -0.06161, -0.089931, -0.078954, -0.149289, 0.123121, 0.036873, -0.168913, -0.190099, -0.142515, -0.215747, 0.21728, -0.024378, 0.193817, 0.035591, -0.017867, -0.171816, -0.126936, 0.18788, 0.03453, -0.037635]
[0.154254, -0.193025, 0.189059, 0.147282, 0.177003, 0.059327, 0.064209, -0.142179, -0.060177, -0.057442, 0.122281, -0.22242, 0.022671, -0.065691, 0.196064, 0.015956, -0.150678, -0.059854, 0.148214, 0.006601, -0.08029, 0.158298, 0.023444, 0.112218, -0.224523, -0.08669]
[0.17098, 0.088433, 0.098973, -0.216779, 0.122447, -0.182205, -0.213003, -0.15722, 0.126262, -0.213289, -0.147236, 0.109305, -0.143448, -0.02758, -0.11075, -0.116306, 0.159282, 0.065353, -0.21961, 0.184222, -0.179606, -0.051603, -0.148888, -0.087248, 0.02678, 0.115698]
[-0.016952, -0.164594, 0.044948, -0.01478, -0.003118, -0.058489, -0.086649, 0.113354, 0.112211, -0.058697, 0.083994, 0.105109, -0.200659, 0.065088, 0.080914, 0.09068, 0.084336, 0.188124, -0.122931, 0.079559, -0.206465, -0.158666, 0.219993, 0.135247, 0.215038, -0.057804]
[-0.155245, 0.017077, -0.14574, 0.175786, 0.098682, -0.183512, 0.09515, -0.092434, -0.139675, 0.147298, -0.064011, -0.03476, 0.060208, -0.147241, -0.123717, -0.118767, -0.163305, 0.226184, 0.140919, 0.170482, -0.171026, -0.076804, 0.09842, -0.120227, 0.015453, 0.201242]
[-0.113119, 0.116472, 0.132345, 0.197567, -0.225926, -0.071022, 0.149198, 0.086182, 0.183345, 0.062396, 0.022962, -0.032814, -0.199872, 0.206536, 0.04928, -0.207906, -0.00789, 0.224838, 0.074906, 0.010739, 0.113542, -0.013624, -0.169197, -0.040062, 0.207974, 0.172331]
[-0.048965, -0.209695, -0.195694, -0.226605, -0.209221, 0.025221, 0.035045, -0.161239, -0.036091, -0.091543, 0.143053, -0.036323, 0.035753, -0.104732, -0.022121, 0.027625, -0.022949, -0.200298, -0.11565, -0.061541, -0.140787, 0.056258, -0.101089, -0.142657, -0.161292, 0.036292]
[-0.014477, 0.002107, -0.127891, 0.142102, 0.081368, 0.10456, -0.016924, 0.019993, 0.181422, 0.044293, 0.149175, -0.00866, -0.0719, 0.142887, 0.213151, -0.160358, 0.180908, 0.063213, 0.215593, 0.07549, -0.116546, 0.085675, -0.104001, -0.054879, -0.076525, -0.127807]
[0.100546, 0.125052, 0.073596, -0.065092, -0.047296, -0.10285, 0.164876, 0.161463, 0.096142, 0.027399, 0.020949, -0.01591, 0.101697, 0.174164, -0.197017, -0.042296, 0.040118, -0.058639, -0.027409, 0.18833, -0.062389, -0.029572, 0.158133, 0.052175, 0.194278, 0.084955]
[-0.061865, -0.005306, -0.036515, 0.015347, 0.188477, 0.156137, 0.185399, -0.035818, 0.00456, 0.220529, 0.208534, 0.154681, 0.185673, -0.063649, 0.098131, 0.200276, 0.155644, 0.059401, -0.050609, -0.182988, 0.02582, 0.154628, 0.163182, -0.171168, -0.130586, -0.053249]
[-0.038422, -0.036131, -0.099001, 0.072447, 0.220293, -0.010294, -0.156338, -0.019119, 0.080814, -0.001004, 0.159021, -0.181622, -0.0654, 0.138249, 0.094115, -0.037755, -0.004275, 0.038947, 0.179756, -0.161183, 0.025786, -0.206392, -0.098942, -0.077973, 0.077797, 0.07609]
[-0.163459, 0.219836, 0.026217, -0.158579, 0.003304, 0.157006, -0.033505, -0.190586, 0.219836, 0.160941, -0.203322, -0.038375, 0.224153, 0.014941, -0.186725, -0.157469, -0.224452, -0.144304, 0.040148, 0.136645, 0.030036, -0.09786, -0.061215, -0.194725, -0.168396, -0.13246]
[0.205972, 0.191211, 0.08543, -0.096485, -0.01774, -0.162005, -0.127068, 0.116189, -0.149949, -0.152915, -0.172149, 0.042688, -0.128877, -0.211534, -0.019585, 0.132996, 0.063505, -0.213576, -0.124407, 0.093633, -0.007247, -0.01602, -0.226425, -0.162186, 0.100065, -0.225865]
[0.123806, 0.22021, -0.054434, -0.093286, -0.086773, 0.018956, -0.075851, -0.176537, 0.17469, -0.028707, 0.097291, 0.218944, -0.142455, -0.004741, -0.028644, -0.185143, -0.01546, 0.039479, -0.149323, 0.048839, -0.18751, -0.07297, -0.033886, -0.118571, 0.144758, -0.185672]
[-0.161826, 0.13389, 0.006796, 0.13805, -0.066958, -0.222397, 0.030991, 0.201678, 0.057778, 0.115057, 0.112858, -0.119813, 0.146194, 0.014714, 0.196817, -0.183096, 0.133833, -0.082283, 0.036616, -0.203341, 0.054177, 0.042509, 0.00948, -0.00248, 0.118825, -0.196723]
[-0.045995, -0.211558, 0.059301, 0.066598, 0.101178, 0.130516, -0.211308, 0.10665, 0.166643, -0.027609, 0.121735, -0.061565, -0.040293, 0.086419, 0.032146, -0.172732, -0.11177, 0.045429, 0.206405, -0.108229, -0.220074, 0.073813, -0.213647, -0.056041, 0.103545, -0.119331]
[0.078036, -0.035653, 0.005416, 0.036103, 0.182454, 0.052087, 0.056294, -0.095892, -0.221587, 0.056674, 0.01826, 0.137837, -0.111385, -0.225816, -0.186362, -0.04633, 0.166095, 0.012038, 0.108643, -0.006008, -0.082444, -0.16212, -0.22008, -0.150197, -0.079561, 0.007381]
[-0.139205, -0.006711, 0.108493, 0.079115, -0.1066, -0.180303, -0.129223, -0.094796, 0.05814, 0.145891, -0.196242, -0.069977, 0.068282, 0.066739, 0.165093, -0.03184, -0.013969, 0.152257, -0.218486, -0.107886, -0.148263, 0.133168, 0.190866, -0.013462, 0.067477, 0.15978]
[0.205025, -0.19282, 0.109261, -0.035889, 0.062182, 0.001507, -0.02684, -0.034622, 0.148066, -0.211174, 0.096875, -0.225282, 0.045676, -0.103971, -0.188125, -0.00615, 0.035433, 0.208321, 0.185687, -0.167462, -0.015087, -0.069528, -0.146348, -0.005088, 0.199656, -0.125659]
[-0.188764, 0.225216, 0.086165, 0.120458, 0.010535, -0.103949, 0.058609, -0.192395, 0.060052, 0.126549, -0.129649, 0.005697, 0.133494, 0.010903, -0.058444, -0.016166, 0.054099, -0.084195, -0.071898, 0.044068, 0.195374, -0.199332, 0.166112, -0.154741, 0.097523, -0.106898]
[0.057531, 0.057218, 0.061749, -0.170108, -0.069895, -0.046069, 0.017524, -0.179511, -0.208371, -0.2153, 0.222544, -0.133354, -0.177963, -0.048288, -0.148309, -0.053789, -0.105565, 0.101089, -0.071306, -0.05283, -0.16395, -0.084217, -0.010237, -0.148151, 0.095297, 0.004299]
[-0.204073, 0.218038, 0.056188, 0.074102, -0.220569, -0.121108, 0.150214, 0.022847, -0.066205, -0.036631, 0.047565, -0.149999, 0.05473, 0.118887, -0.224658, -0.022611, 0.01546, 0.116393, -0.177295, 0.084906, -0.057655, -0.207804, 0.106955, -0.068108, -0.18075, 0.140679]
[0.143829, 0.183947, -0.055219, -0.213665, 0.216843, 0.123316, 0.156724, 0.026948, 0.078419, 0.092761, 0.120282, 0.170162, -0.10669, -0.086394, 0.139109, 0.074073, -0.085314, -0.069242, 0.153912, -0.001223, 0.212723, -0.046325, -0.167109, 0.209725, -0.158712, 0.220092]
[0.194076, 0.081099, -0.052406, 0.089883, 0.20568, -0.045725, -0.09195, -0.168772, -0.133757, -0.020517, -0.202017, -0.005798, -0.125903, -0.092792, -0.096715, -0.116647, 0.214926, 0.078688, -0.224539, -0.075478, 0.2105, -0.224495, 0.181009, 0.067774, 0.10874, 0.141091]
[0.224235, 0.006319, -0.074839, -0.012949, 0.05676, -0.112986, 0.177924, 0.101605, -0.00538, -0.191066, -0.056138, -0.173619, 0.112194, 0.120318, -0.009237, 0.09875, 0.012511, 0.092713, 0.221867, 0.084082, -0.045327, -0.071402, 0.055234, 0.123513, 0.209143, 0.112442]
[-0.027634, -0.146257, 0.015582, -0.038711, 0.069262, -0.018062, -0.170989, 0.224604, 0.149935, 0.119571, -0.071274, 0.006195, 0.101412, 0.021942, 0.066518, -0.031734, -0.164934, -0.012183, -0.115104, -0.087969, 0.162795, 0.096794, -0.224434, 0.102386, -0.222851, -0.020042]
[0.014771, 0.209884, 0.091431, 0.190275, 0.003851, 0.210653, 0.152707, -0.121255, -0.030312, 0.178177, 0.225356, -0.209619, -0.217713, -0.206012, -0.169733, -0.06234, 0.145339, -0.14766, -0.12039, -0.171304, 0.15154, -0.135073, -0.123906, -0.145219, -0.160153, 0.089649]
[-0.02875, -0.142303, 0.089826, 0.091046, 0.083519, 0.16695, 0.077428, -0.019892, 0.203351, -0.155328, 0.008706, 0.118803, 0.113526, 0.20517, -0.10753, 0.024131, -0.138503, 0.095971, -0.10564, -0.18035, -0.112289, 0.218972, -0.125766, 0.154698, -0.079526, -0.039767]
[-0.179658, 0.156095, 0.009407, -0.217074, -0.054025, -0.126246, 0.147057, -0.107069, 0.116172, -0.141609, -0.051504, 0.036094, 0.196505, 0.153188, -0.00751, 0.00436, -0.147704, -0.129239, 0.040348, -0.117747, 0.004866, 0.086522, -0.139081, 0.021636, -0.216986, -0.055041]

BIAS DA CAMADA DE SAÍDA (b0)
[0.788154, -0.323792, -0.171299, 0.414895, -0.849714, 0.753938, 0.815144, 0.802824, -0.427039, -0.64328, -0.129208, -0.187649, 0.389193, -0.658735, -0.451174, -0.18888, -0.150892, -0.819536, 0.078636, 0.101098, -0.449328, -0.776178, -0.729523, 0.39672, 0.381616, -0.792575]
