PESOS ENTRADA OCULTA (W)
[-0.023384, -0.031603, -0.01432, -0.056494, -0.207466, -0.111146, 0.00208, 0.119607, 0.02536, 0.004946, 0.09509, 0.121254, 0.009415, -0.020183, -0.069248, 0.07417, 0.087649, 0.161118, -0.109303, 0.049023, -0.282007, 0.01159, 0.09854, -0.010341, 0.070404, -0.007577, -0.013422, -0.230322, 0.088788, 0.073289, -0.031697, 0.019881, 0.144334, -0.008208, -0.05613, -0.207773, -0.102653, -0.047496, -0.066824, 0.045598, -0.226308, 0.080006, 0.112832, -0.131999, 0.030002, -0.034319, -0.048396, -0.013637, 0.007403, -0.00772, -0.120943, -0.021711, -0.097784, -0.004548, -0.047277, -0.093744, 0.059797, -0.193427, -0.140114, -0.067446, 0.011006, 0.148545, 0.142724, 0.039695, 0.069954, -0.048368, -0.079449, 0.01034, -0.044944, 0.131764, 0.051523, -0.050667, 0.052504, 0.11082, -0.083966, 0.124124, -0.042238, 0.06715, -0.130807, -0.029818, -0.01228, 0.088959, -0.158729, -0.158719, 0.042741, 0.089857, -0.08476, -0.199933, -0.033584, 0.069486]
[-0.047608, 0.121051, -0.031369, -0.037898, 0.180825, 0.116355, -0.183313, 0.028466, 0.111508, -0.020063, -0.078191, -0.250762, -0.265972, -0.001712, -0.004848, -0.212669, 0.092231, -0.258604, -0.212884, 0.156414, -0.063194, 0.101748, -0.141325, 0.063567, 0.186378, 0.045714, -0.079036, 0.313442, 0.315439, -0.177244, 0.008002, -0.268862, 0.098074, 0.034374, -0.005528, 0.172501, -0.272147, 0.125507, 0.274824, -0.019911, 0.039824, 0.106118, -0.174375, 0.109349, -0.081351, -0.091857, -0.095841, -0.101428, -0.013437, 0.158997, 0.089615, 0.138484, 0.082382, 0.045311, 0.012706, 0.101379, 0.237654, 0.071835, -0.17064, 0.016963, 0.178922, -0.015049, 0.081187, 0.000756, -0.31661, -0.01238, -0.043284, 0.153477, 0.089891, 0.024225, 0.366704, -0.20259, 0.016225, 0.197466, 0.012153, -0.030158, -0.194275, 0.015386, 0.006178, -0.210163, -0.045118, -0.043101, 0.040377, 0.092617, 0.080841, -0.036674, 0.034196, -0.039329, 0.249781, 0.098077]
[0.229465, -0.038511, 0.376507, -0.177697, 0.362192, -0.338063, -0.348564, 0.034079, 0.270892, 0.120334, 0.279002, -0.398898, -0.274282, -0.004187, 0.116283, -0.244101, -0.479758, -0.362622, -0.19595, 0.14284, 0.310127, 0.457099, -0.196159, -0.443111, -0.018381, 0.109634, 0.100236, 0.209026, -0.059119, -0.032193, 0.169279, -0.507131, -0.037074, 0.315155, -0.010804, 0.19141, -0.152367, -0.437451, -0.167012, -0.068531, 0.22617, -0.001831, -0.106772, -0.342343, -0.317846, 0.227785, 0.188918, -0.062641, -0.039299, 0.025149, 0.168295, 0.053242, -0.077845, 0.187159, 0.454247, -0.190212, 0.333921, 0.08843, -0.013617, 0.448256, 0.551938, -0.051695, 0.105324, 0.148609, -0.199219, -0.051907, 0.147628, 0.106336, 0.301411, 0.141175, -0.066735, -0.031874, 0.035947, 0.083572, -0.193798, -0.111724, -0.123651, 0.320854, -0.126963, -0.18212, -0.191028, -0.252511, 0.014502, 0.048172, 0.423265, 0.235033, -0.092386, -0.024707, 0.295389, -0.069505]
[0.218854, 0.209378, -0.054476, -0.113323, 0.209075, -0.030403, -0.283595, 0.21995, 0.062966, -0.259038, 0.14782, -0.079576, -0.107233, 0.005679, 0.12235, 0.26695, -0.650235, -0.475856, -0.173612, 0.45342, 0.228377, 0.30956, -0.074795, -0.602371, -0.027966, -0.140583, -0.122312, 0.185404, 0.087095, -0.012763, 0.017944, -0.326145, -0.190909, -0.031604, -0.279031, 0.372488, 0.049067, 0.049466, -0.065742, -0.315009, 0.036244, 0.288254, 0.264581, 0.295293, -0.052358, 0.421032, -0.501914, -0.194205, -0.006715, -0.019751, 0.006082, 0.13894, -0.01614, 0.185976, 0.179491, -0.287519, 0.146855, -0.281873, 0.207612, 0.316738, 0.270213, -0.289017, -0.192322, 0.316905, -0.497327, -0.285961, 0.216397, -0.107008, -0.147322, 0.254252, 0.018328, -0.230409, 0.395186, -0.232728, -0.244768, -0.101644, 0.218465, -0.19313, 0.172209, -0.265628, 0.109849, -0.342543, 0.00903, 0.226563, 0.222416, 0.07387, 0.241729, 0.010309, 0.200059, 0.197853]
[0.096154, -0.197334, 0.176733, 0.015219, 0.318285, 0.166829, -0.009702, 0.048237, -0.046641, -0.24877, 0.371263, 0.24538, 0.109974, 0.425562, 0.032534, 0.279401, -0.361693, 0.043808, -0.144948, 0.00545, -0.153483, 0.13377, 0.08218, -0.631227, -0.051032, 0.082601, -0.157426, 0.009339, 0.209051, 0.167748, 0.141307, 0.071381, -0.331021, 0.023751, 0.10981, 0.324572, 0.158101, 0.001365, 0.242857, 0.037011, -0.051017, 0.348457, 0.166862, 0.240312, 0.096817, 0.101221, 0.064911, -0.198274, 0.035534, -0.010804, -0.255007, 0.010914, -0.096042, -0.023654, 0.088956, -0.030037, -0.069983, -0.319229, 0.424608, 0.373861, -0.114302, -0.492172, 0.051835, -0.053122, -0.181609, -0.163876, 0.254056, -0.327624, -0.063478, 0.36206, -0.038089, -0.198967, 0.327149, -0.075121, -0.15722, 0.333216, 0.328737, -0.512429, 0.252351, -0.00374, 0.123657, -0.241173, 0.01821, 0.264168, -0.172324, -0.172837, 0.342612, 0.208394, 0.266293, 0.001983]
[0.406963, -0.25649, 0.057589, 0.336636, 0.051046, 0.0852, 0.645384, -0.376982, -0.472061, -0.243702, -0.015997, 0.298317, 0.556854, -0.065074, 0.398214, -0.282429, -0.279807, 0.422097, 0.388128, -0.623673, 0.057227, -0.238523, 0.068175, -0.258067, 0.288905, -0.053207, -0.194609, -0.436398, 0.279694, -0.023827, 0.0046, 0.202622, 0.105795, -0.118419, 0.250269, -0.006597, 0.193419, -0.074004, 0.161259, 0.465745, 0.317901, -0.201377, -0.203134, 0.08051, 0.220741, -0.074143, 0.103674, -0.602847, 0.198553, -0.26597, -0.320948, 0.387938, 0.246552, 0.302272, -0.328214, 0.026544, -0.2609, 0.213052, 0.440832, 0.392297, 0.189911, -0.292991, -0.120459, 0.056653, -0.371905, -0.434403, 0.271043, 0.091106, -0.057425, 0.367219, -0.174951, -0.132609, 0.137857, -0.035179, 0.12861, -0.10511, 0.407587, -0.375065, -0.247345, -0.008119, -0.087831, -0.241333, 0.008716, 0.091952, 0.119184, -0.423212, 0.95195, 0.173696, 0.097299, 0.056201]
[-0.213361, -0.636482, -0.042591, 0.647747, 0.014726, 0.184238, 0.471282, -0.368508, -0.317516, -0.227272, 0.029415, 0.092432, 0.241831, 0.027614, 0.017798, -0.707293, -0.219327, 0.460558, 0.06214, -0.626202, 0.198735, -0.083012, 0.372935, -0.184528, 0.284378, 0.148516, 0.138766, -0.206887, -0.013071, -0.264133, 0.012991, 0.554535, 0.508433, -0.332897, 0.313529, -0.046932, 0.46932, -0.144406, -0.205604, 0.233071, 0.372666, -0.161627, -0.186793, 0.040421, -0.066258, -0.052148, 0.735121, -0.25931, 0.65617, 0.108845, -0.116783, 0.083678, 0.631028, -0.003375, -0.129238, 0.252204, -0.017372, -0.164767, 0.079277, 0.208581, -0.018616, -0.454569, -0.269163, -0.074044, -0.341508, -0.146659, 0.023424, 0.078276, -0.391588, 0.073451, -0.026915, -0.109947, 0.143914, -0.176932, -0.002268, 0.043077, 0.378678, -0.065352, 0.029204, -0.087187, 0.150827, -0.334991, -0.084141, 0.465162, -0.081097, -0.366131, 0.798114, 0.212366, 0.067913, -0.163947]
[-0.193107, -0.543156, 0.270322, 0.181996, 0.049617, -0.157781, 0.151463, -0.375173, -0.04388, -0.307503, 0.616985, -0.046328, 0.554205, -0.015452, 0.2139, -0.867254, -0.361688, -0.279617, -0.206007, -0.678228, -0.083061, 0.096786, 0.0172, -0.05335, 0.13575, 0.239949, 0.1257, 0.260085, 0.225374, -0.027099, 0.206545, 0.482271, 0.273251, -0.399678, 0.061235, 0.537074, -0.075878, 0.16831, -0.304631, -0.144782, 0.144362, 0.108075, -0.188033, 0.179018, -0.178554, -0.047385, 0.479195, 0.047334, 0.497124, 0.029554, -0.24953, 0.535964, 0.092714, -0.071448, -0.152695, -0.052139, 0.361919, 0.250164, 0.042094, 0.611738, -0.027585, -0.346119, -0.098263, -0.067388, -0.154764, 0.000324, 0.062809, 0.00476, -0.124349, 0.104596, -0.146661, -0.636397, -0.152344, -0.246527, -0.013344, 0.2476, 0.378585, -0.58659, 0.442809, -0.418064, 0.415192, -0.470559, 0.021865, 0.2155, 0.243594, -0.108939, 0.863842, -0.130116, 0.794461, 0.326485]
[0.164399, -0.34392, -0.16177, 0.21415, -0.074109, 0.127784, 0.182067, 0.35421, -0.354258, -0.374482, 0.417715, 0.233097, -0.036507, -0.013377, 0.036652, -0.565026, -0.219883, -0.495377, -0.524782, -0.10802, 0.193411, 0.017328, 0.220431, 0.292906, -0.182878, 0.083515, 0.130693, -0.274925, 0.205221, -0.180931, 0.038243, -0.105173, 0.378276, -0.129685, 0.114844, 0.352132, 0.067473, -0.123461, -0.017206, -0.063798, 0.092417, 0.006885, 0.127842, 0.203446, -0.158583, 0.135826, 0.366221, -0.027783, 0.395274, 0.181428, 0.180988, -0.015178, -0.167445, 0.108258, -0.16493, -0.205027, 0.201357, 0.19014, 0.056908, 0.662841, 0.269402, 0.176249, 0.128981, -0.045945, 0.156553, 0.0425, -0.205291, -0.025614, 0.122639, 0.033485, -0.049529, -0.052669, -0.088433, 0.010085, -0.143431, 0.265432, -0.240407, -0.318997, 0.103903, -0.589728, 0.201986, -0.509798, 0.184439, 0.163133, 0.092832, 0.102659, 0.037595, -0.027062, 0.190001, -0.123427]
[0.02136, 0.105859, -0.090348, -0.251133, -0.025575, -0.162734, -0.26014, 0.37456, -0.003803, 0.14135, -0.117512, 0.034431, -0.410458, -0.020702, 0.014515, -0.192714, 0.010613, -0.23108, -0.202217, 0.149012, -0.07652, 0.004692, 0.055747, 0.143654, -0.250247, -0.071747, 0.0264, -0.097066, 0.355452, -0.076055, -0.054755, -0.257761, -0.070785, 0.248188, 0.087791, 0.252337, 0.047064, 0.320386, 0.13408, -0.199613, -0.01766, -0.002691, 0.148785, -0.043536, -0.011726, 0.017941, 0.306462, -0.067784, -0.303731, -0.046847, 0.139751, -0.223604, -0.270139, 0.131904, -0.18145, 0.082298, -0.143847, 0.236083, -0.059867, 0.122415, 0.071058, 0.046578, 0.317914, 0.152156, -0.131975, 0.355008, -0.375166, -0.031724, 0.348064, 0.0922, 0.092344, 0.116436, 0.131724, -0.109631, -0.028594, 0.042433, -0.418486, 0.148284, 0.261752, -0.216312, 0.05516, -0.161328, 0.095546, 0.052025, 0.155613, 0.210515, -0.379666, -0.266456, -0.045502, -0.262929]
[-0.078755, 0.095802, -0.036813, -0.038274, -0.103927, -0.047666, -0.312391, 0.170941, 0.218864, -0.232161, -0.059352, -0.010466, -0.253876, 0.270283, -0.159843, -0.031829, 0.145955, -0.225469, -0.270308, -0.10117, 0.074385, 0.046369, 0.01196, 0.156044, -0.132178, 0.098669, -0.042823, 0.196707, 0.054675, -0.024695, -0.149385, -0.219559, 0.058793, 0.19549, -0.213312, 0.294402, 0.049666, -0.208, 0.137162, 0.098492, -0.28203, -0.097233, 0.081282, 0.037574, -0.253858, -0.029497, 0.016028, -0.20219, -0.034254, 0.012823, 0.010444, -0.183383, -0.287113, 0.180085, 0.221211, -0.002559, 0.266217, -0.026291, 0.056104, 0.300898, 0.212745, -0.074425, 0.237991, 0.331302, -0.024321, 0.363042, -0.082249, 0.127524, 0.197284, -0.174134, -0.030927, -0.041016, 0.001567, -0.166912, 0.249414, -0.071905, -0.228322, -0.1475, -0.000702, -0.182251, 0.048253, 0.072054, 0.21212, -0.122081, 0.02565, 0.169114, -0.118891, 0.015198, 0.0849, -0.281839]
[0.09484, 0.010026, -0.004061, -0.018676, -0.10442, 0.137912, -0.231881, 0.188234, 0.015932, 0.074628, 0.089927, 0.040296, -0.100823, -0.141892, 0.026024, -0.181655, 0.107965, -0.124049, -0.105949, 0.107691, 0.040727, 0.14845, 0.081704, -0.002787, -0.087485, -0.218127, -0.080921, -0.054305, 0.035433, 0.006898, -0.236056, -0.143736, 0.149051, -0.04825, 0.149365, -0.103769, -0.032402, 0.04543, 0.113936, 0.027258, -0.314726, -0.146322, 0.067656, 0.059361, -0.212098, 0.093914, -0.154967, -0.186167, 0.127971, 0.036457, -0.176463, 0.061128, -0.183009, 0.169672, -0.055947, 0.037266, -0.129781, 0.138303, -0.173096, 0.044113, -0.005126, -0.203908, -0.098442, -0.131044, 0.025948, 0.042998, -0.144846, 0.077178, 0.100375, 0.035511, -0.108849, -0.063139, -0.152378, -0.081842, -0.035026, 0.134232, -0.14837, 0.051717, -0.075367, 0.07129, -0.006668, 0.007357, 0.069612, 0.083408, -0.060143, 0.099945, -0.168416, -0.004635, -0.096246, -0.114957]
[-0.102923, -0.043799, 0.010223, 0.077927, -0.307423, -0.021739, -0.122433, -0.132698, -0.105823, 0.023104, -0.190443, -0.126048, -0.065855, 0.023865, 0.304445, -0.129559, 0.269011, 0.167141, 0.06378, -0.116791, -0.116988, 0.136913, 0.012098, -0.119296, 0.096641, -0.209472, 0.095595, -0.161819, -0.11903, 0.10914, -0.037351, 0.082386, 0.055417, -0.136625, 0.169401, -0.065703, -0.185068, -0.198044, -0.31208, -0.050314, -0.334318, -0.304904, -0.048205, -0.197513, -0.11613, -0.285424, -0.103665, -0.090855, -0.156431, 0.06255, -0.120426, 0.022317, -0.254392, 0.017955, -0.271237, -0.056506, 0.017138, 0.067257, -0.100399, -0.130873, 0.098311, -0.123584, 0.080573, -0.072484, 0.013141, -0.232076, -0.118087, 0.134889, 0.030626, -0.131378, -0.062274, -0.129939, -0.147005, 0.196347, 0.221953, -0.10023, -0.100502, 0.152093, -0.117715, 0.073527, -0.293283, 0.055433, -0.168695, 0.192531, -0.080419, -0.047526, 0.084781, -0.113041, 0.002695, 0.114564]
[0.026081, -0.141311, -0.31532, 0.021387, -0.091155, 0.143372, -0.143487, -0.344044, -0.058749, 0.03696, -0.086638, 0.087983, -0.367327, -0.075826, 0.028685, -0.266403, -0.153128, 0.040772, -0.028936, 0.325979, 0.239452, 0.196686, -0.067582, -0.196673, -0.085697, -0.250223, 0.115371, -0.023738, -0.056429, 0.181264, -0.25064, -0.151817, 0.118158, -0.132497, 0.106274, -0.150819, -0.078509, -0.434063, -0.199676, -0.068886, 0.156913, -0.209866, 0.185697, -0.032795, -0.142157, 0.059072, 0.097803, -0.063793, 0.049263, 0.131184, -0.112075, -0.093394, -0.044592, 0.110032, -0.28226, -0.165031, 0.252217, 0.094185, -0.178575, 0.156179, 0.470636, 0.167181, 0.011363, -0.139968, -0.185815, -0.024748, 0.15448, 0.153384, -0.205203, -0.04341, 0.167097, -0.059906, -0.397339, -0.168781, -0.009601, -0.219203, -0.073884, 0.238591, -0.252424, 0.209404, -0.552991, 0.152993, -0.06191, 0.311169, 0.132125, 0.091625, -0.243, 0.190485, -0.010879, -0.308741]
[0.038986, 0.002498, 0.030091, -0.280334, 0.464332, -0.200938, 0.02303, -0.290326, 0.19042, -0.375464, 0.254594, -0.28122, -0.491566, -0.023307, -0.105535, -0.66168, -0.759777, -0.400947, -0.162651, 0.582421, 0.208814, 0.037608, 0.058523, -0.352283, 0.131728, 0.060972, 0.07599, 0.636566, 0.37737, -0.542103, -0.081826, -0.568609, -0.188157, 0.100578, -0.770908, 0.334964, -0.206281, -0.278475, -0.081867, -0.194003, -0.116521, 0.179568, 0.095901, -0.149604, -0.009273, 0.19533, 0.074034, 0.265748, 0.353378, 0.064534, 0.137133, -0.003004, -0.04962, 0.433974, -0.062066, 0.464483, 0.150462, 0.277637, -0.103159, 0.552508, 1.167045, -0.736311, 0.228345, -0.234292, -0.39804, -0.032674, 0.049513, -0.118777, -0.112682, -0.424238, 0.412428, 0.008918, 0.061213, -0.317081, -0.256416, -0.057443, 0.170719, 0.387133, -0.052949, -0.327895, -0.489082, 0.000965, -0.239019, 0.135196, 0.47045, -0.19186, -0.087697, 0.285063, 0.363429, -0.026238]
[-0.032145, -0.239297, -0.008111, -0.222994, 0.222399, 0.114243, -0.207892, 0.222616, -0.155422, -0.628299, 0.196271, 0.095735, -0.164632, 0.127328, -0.173023, -0.032527, -0.131862, -0.480971, -0.343071, 0.290745, -0.267232, 0.480182, -0.027134, -0.87336, -0.147503, 0.090368, 0.070168, 0.535729, 0.161111, -0.3531, 0.174917, -0.493158, -0.143498, 0.238187, -0.490755, 0.650597, 0.176425, -0.349841, -0.354488, -0.390111, 0.101557, 0.411568, -0.059493, 0.308965, 0.249194, 0.037785, -0.061956, -0.017502, -0.241553, 0.284648, 0.074577, 0.062294, -0.499878, -0.123345, 0.347353, 0.020691, -0.098651, -0.025294, 0.394179, 0.654767, 0.5523, -0.564248, -0.104935, -0.065054, -0.055389, 0.147624, 0.487734, -0.083835, -0.229096, -0.414762, -0.154359, 0.338303, 0.391528, -0.535322, 0.004766, -0.01492, 0.068318, -0.114102, 0.245737, -0.457167, 0.052401, -0.191401, -0.124568, 0.264671, 0.188728, 0.024741, -0.207725, -0.037565, 0.459811, -0.170875]
[0.211884, -0.125379, -0.330544, -0.023035, 0.119275, 0.295062, 0.003142, 0.394789, -0.00856, -0.186723, 0.393936, 0.120082, 0.013207, 0.061075, 0.225269, 0.037783, -0.017142, -0.13143, -0.221287, 0.230777, 0.221568, 0.166718, 0.126951, -0.300872, -0.231229, -0.347894, -0.10481, -0.465626, 0.077467, 0.407992, -0.222565, -0.164364, -0.084417, -0.001099, -0.5747, 0.299, 0.345373, -0.144051, 0.318495, -0.012008, 0.197866, 0.100775, 0.643936, -0.257137, 0.459322, 0.38295, -0.272359, -0.285415, -0.134191, -0.112439, -0.206675, -0.018724, -0.30615, 0.14585, 0.307583, -0.075012, -0.153395, -0.086941, 0.275911, 0.149003, -0.033086, -0.115176, 0.434029, 0.189716, 0.211244, -0.105835, 0.205477, 0.073755, -0.293503, 0.136973, 0.142516, -0.055459, 0.087538, -0.088158, -0.003763, 0.159598, 0.138114, -0.145802, -0.024623, 0.136583, -0.131437, -0.328544, 0.013284, 0.326718, -0.225247, 0.140925, 0.127206, 0.235695, -0.033299, 0.068769]
[0.188852, -0.965297, -0.74028, 0.24305, 0.223011, 0.163715, 0.273796, -0.379548, -0.777643, -0.228625, -0.055119, 0.24548, 0.487767, -0.552438, -0.091851, -0.112282, -0.633292, 0.720385, 0.38679, -0.493124, 0.563873, -0.021025, 0.342492, 0.006688, 0.220002, -0.234562, -0.082971, -0.237653, -0.106818, 0.231957, -0.233399, 0.004117, -0.127328, -0.160057, -0.006613, -0.310671, 0.258449, -0.076335, -0.409056, 0.381276, 0.22002, -0.621416, -0.173114, -0.014118, 0.567878, 0.091889, -0.115576, -0.510886, 0.238887, -0.066866, -0.07505, 0.923112, 0.355865, 0.27381, -0.415499, -0.391672, -0.316384, -0.644212, 0.356952, -0.467208, 0.093059, 0.266109, -0.17398, -0.050318, -0.125461, -0.551102, 0.533594, 0.197328, -0.803523, -0.224055, -0.237553, -0.381932, 0.114165, -0.448165, -0.128459, -0.247721, 0.440711, -0.184263, -0.264248, 0.454401, -0.079864, -0.511422, -0.001231, 0.34871, -0.880832, -0.137617, 0.901262, -0.053383, 0.215572, 0.108779]
[0.26713, -0.846777, -0.287008, 0.342977, 0.10493, -0.226073, 0.369339, -0.455709, -0.275258, 0.140048, 0.113845, -0.046995, 0.596197, -0.486153, 0.033648, -0.509865, -0.237359, 0.953702, 0.327464, -0.635711, 0.417742, 0.106506, -0.042447, 0.070164, 0.29563, -0.137834, -0.374618, -0.205016, -0.007106, -0.096913, -0.263585, 0.191543, 0.422629, -0.40952, -0.198507, -0.261377, 0.424411, -0.070569, -0.250342, 0.160452, 0.218739, -0.33362, -0.478954, 0.285609, 0.034874, 0.271808, 0.384389, -0.448885, 0.577874, 0.054537, 0.033566, 0.255922, 0.610041, 0.190674, -0.385671, 0.517725, 0.048434, -0.266696, 0.157274, -0.083573, -0.038893, 0.021947, -0.454713, 0.126235, -0.3799, -0.13353, 0.102934, -0.068535, -0.682511, 0.023929, 0.035126, -0.609714, 0.03676, -0.226993, -0.248252, -0.13988, 0.249603, 0.53114, -0.331351, 0.26111, 0.159709, -0.330973, -0.050417, 0.489456, -0.026886, -0.20178, 0.477054, -0.357691, -0.031245, -0.107107]
[-0.363169, -0.330195, 0.324204, 0.626719, -0.13448, -0.103481, 0.682706, 0.164278, -0.456542, -0.494799, 0.082943, 0.052066, 0.302632, 0.156198, -0.435173, -0.616679, 0.083786, 0.043424, -0.297407, -0.434137, 0.430446, 0.217722, 0.225013, 0.461718, -0.13552, 0.299833, -0.430801, 0.084797, -0.137165, -0.144991, -0.142325, 0.458699, 0.790673, -0.006855, -0.438793, 0.389091, 0.152631, -0.102786, 0.023739, -0.225138, 0.248586, 0.281102, -0.06008, 0.128578, -0.032903, -0.008813, 0.20532, -0.206628, -0.077196, 0.304427, -0.129016, 0.278925, 0.116902, -0.169974, -0.304462, 0.282322, 0.244462, -0.023292, 0.319732, 0.434282, -0.231241, -0.461007, 0.172948, 0.104226, -0.094587, 0.434779, -0.039987, 0.07392, -0.264003, -0.144396, -0.058321, -0.67574, 0.027977, 0.232011, 0.029106, -0.010301, -0.104956, -0.257424, 0.291536, -0.156692, 0.642842, -0.133679, -0.034969, 0.318516, 0.243287, 0.00342, 0.090383, -0.132764, 0.269557, -0.105113]
[0.139127, -0.180983, -0.25761, 0.34683, -0.32728, -0.009257, 0.1234, 0.440864, -0.38254, -0.353536, 0.202794, 0.05295, -0.118085, 0.01153, -0.047201, -0.723018, -0.036159, -1.098979, -0.720376, 0.011921, 0.706781, 0.279987, 0.204849, 0.419383, -0.477742, 0.111017, -0.081985, 0.230485, 0.075018, -0.386912, -0.151271, -0.235021, 0.668409, 0.008231, -0.767573, 0.402738, 0.188689, -0.577624, -0.095432, -0.096117, 0.050766, 0.028804, -0.112933, 0.128474, 0.181948, 0.101712, 0.14163, -0.041579, 0.138716, 0.520948, -0.021072, -0.410536, -0.520201, 0.117832, -0.351881, 0.328421, 0.125865, 0.426933, -0.18463, 0.929017, 0.533724, 0.002777, 0.445924, 0.383128, 0.248473, 0.676389, -0.474458, 0.044296, -0.046462, -0.503367, -0.063226, -0.367972, 0.044874, -0.097791, 0.075059, 0.1165, -0.411162, -0.157315, 0.390592, -0.550173, 0.100731, -0.416878, -0.007397, 0.115807, 0.463473, 0.283415, -0.441869, -0.375139, 0.243191, -0.358531]
[0.266167, 0.122936, -0.033361, -0.262858, 0.07604, -0.352854, -0.363321, 0.13478, -0.099203, -0.16052, 0.029218, 0.158425, -0.035914, 0.091875, 0.116707, -0.169709, 0.164619, -0.695252, -0.691785, 0.518618, 0.160047, -0.046537, -0.032718, 0.046643, -0.348921, 0.02946, -0.260103, 0.576361, -0.02094, -0.145446, -0.165892, -0.369263, 0.274462, -0.046614, -0.271795, 0.145498, -0.307793, -0.134195, 0.037733, -0.334986, 0.225651, -0.29404, -0.117196, -0.069824, 0.026952, -0.192223, 0.100559, 0.180379, -0.015983, 0.061669, 0.261397, -0.379986, -0.328807, -0.148046, -0.184795, -0.032081, 0.333221, 0.512783, -0.041581, 0.491635, 0.075594, -0.358167, 0.337747, 0.065899, -0.181079, 0.169725, -0.478686, 0.079245, 0.033303, -0.115433, 0.224039, 0.033003, -0.072607, -0.373374, -0.160734, 0.02937, -0.252125, -0.026816, -0.245556, -0.308145, 0.134947, -0.013056, 0.01431, -0.005395, 0.323225, 0.105371, -0.358856, 0.01388, -0.27633, -0.341574]
[-0.156917, -0.134411, -0.288518, 0.084589, -0.234145, 0.046822, -0.024673, -0.164285, -0.095093, 0.082004, -0.154843, 0.055606, -0.273842, 0.001588, 0.094217, -0.026176, 0.341546, -0.291521, 0.006289, 0.110622, -0.1019, 0.219345, 0.159281, 0.119251, 0.062937, -0.184876, 0.086491, -0.111025, -0.07862, 0.068271, -0.099102, -0.195557, 0.053371, -0.056002, -0.008706, -0.103999, -0.102253, -0.287776, 0.023705, 0.008907, -0.243012, 0.044911, 0.126258, -0.103135, -0.209051, -0.197477, -0.20825, -0.080902, -0.228947, -0.033364, 0.074051, -0.297207, -0.366432, 0.158984, -0.088703, 0.075141, 0.129867, 0.199663, -0.173574, -0.052888, 0.060301, -0.095621, 0.13812, 0.034235, 0.135884, 0.054166, -0.257102, -0.188286, 0.240215, 0.043882, 0.086298, 0.209707, -0.248297, -0.073459, 0.068159, 0.178264, 0.024453, -0.00294, -0.061625, 0.101719, -0.104085, 0.254068, -0.271753, -0.044604, -0.147335, -0.142004, -0.340418, 0.110867, 0.097093, -0.252496]
[0.037962, -0.04877, 0.016876, -0.25603, 0.003167, 0.190428, -0.219278, 0.051725, -0.052193, 0.136524, 0.051418, -0.049403, 0.046151, 0.15915, 0.194418, 0.001858, -0.025163, 0.083263, -0.014527, -0.073742, -0.012284, 0.139407, 0.161594, 0.078411, -0.085016, -0.240817, 0.15948, -0.048911, -0.159524, -0.074033, -0.309723, 0.01766, -0.07731, -0.166078, 0.15105, 0.038111, 0.075416, -0.132853, -0.005869, 0.003072, -0.072523, -0.227179, 0.168328, -0.08902, 0.097099, -0.085937, -0.095109, -0.118597, -0.174841, -0.223186, -0.178625, -0.221544, -0.085756, 0.128866, -0.054988, -0.168252, -0.177592, -0.01853, -0.031391, -0.049789, 0.066292, 0.002081, 0.086624, 0.006725, -0.152882, 0.034356, -0.237234, -0.031351, 0.20408, 0.020239, -0.082319, -0.063957, -0.1281, -0.069518, 0.1617, 0.050624, 0.052678, -0.073412, -0.150836, -0.037155, -0.074895, 0.017128, -0.038299, -0.132212, -0.197784, 0.083682, -0.194198, -0.0823, -0.071143, -0.120276]
[0.148739, -0.021115, -6.2e-05, 0.13252, -0.284217, 0.002041, -0.195033, -0.101332, 0.028205, -0.092201, 0.047423, 0.046427, -0.2292, 0.174172, 0.128005, 0.030156, 0.111941, 0.178927, -0.019589, -0.05683, -0.193794, 0.049134, -0.006855, -0.032329, -0.047428, -0.217369, 0.160897, -0.12541, -0.003202, -0.001679, 0.03471, 0.256591, 0.041599, -0.173919, -0.002766, 0.048979, -0.069638, -0.13009, -0.309645, -0.201268, -0.158605, -0.118205, -0.051652, 0.139449, -0.142025, -0.314279, 0.027519, -0.230869, 0.096404, -0.200064, 0.07727, 0.011, -0.291448, -0.092211, -0.136268, -0.2005, -0.118374, 0.078306, -0.299012, -0.005549, -0.117913, -0.16517, -0.060411, 0.130612, 0.049436, -0.217268, 0.096952, 0.083128, 0.049621, -0.157668, -0.104296, 0.075081, -0.170631, -0.006249, -0.107927, 0.175358, 0.027389, 0.075316, -0.242057, 0.159843, -0.265936, 0.07774, 0.011043, 0.116303, -0.254787, 0.239023, -0.044332, 0.05071, -0.013082, 0.070367]
[0.106752, 0.103309, -0.042183, 0.275739, -0.430302, 0.076393, -0.118161, -0.046467, 0.014113, -0.125929, -0.349255, -0.105607, -0.010277, 0.12964, 0.005145, 0.018338, 0.357898, 0.214875, 0.020678, -0.046974, 0.169604, 0.292261, 0.524627, 0.214298, 0.024492, -0.398688, 0.185656, -0.330146, -0.324349, 0.350928, -0.144317, 0.018146, -0.09247, 0.03484, -0.024219, 0.016149, -0.03038, -0.279088, -0.276409, -0.119784, -0.014995, -0.01201, 0.05857, 0.055987, 0.040283, 0.049765, 0.130035, -0.295812, -0.225193, 0.289497, 0.153887, -0.09991, -0.233937, 0.035113, -0.132789, -0.230572, -0.033183, -0.057165, -0.164208, -0.303244, 0.155624, 0.092082, -0.051079, 0.151598, -0.121199, 0.294823, 0.233432, -0.075614, -0.039931, -0.085635, -0.062828, 0.110582, 0.061206, 0.270775, 0.175422, 0.008777, -0.21472, 0.174868, -0.335102, 0.221995, -0.459984, 0.097656, -0.03219, 0.226465, -0.154081, -0.012219, 0.136498, 0.069775, 0.279157, -0.321213]
[0.253884, -0.133045, -0.427821, -0.267514, 0.12571, -0.072059, -0.041672, -0.082781, -0.300344, -0.251687, -0.197997, -0.09072, 0.015743, 0.12991, -0.211349, 0.250401, -0.372886, 0.199664, -0.389363, 0.294738, 0.387989, 0.240169, 0.548684, -0.151977, 0.133855, -0.055172, -0.199437, 0.241638, 0.213473, -0.224905, 0.035418, -0.390955, 0.20687, -0.252269, -0.302486, 0.290663, 0.176171, 0.033128, 0.103338, 0.137954, -0.008498, -0.256343, 0.161994, -0.041894, 0.116046, -0.043109, 0.092874, 0.413277, 0.034693, 0.345408, -0.135624, -0.357393, 0.187288, 0.190744, 0.06426, 0.032406, -0.539911, -0.20099, 0.03253, 0.425115, 0.439689, -0.022554, -0.094408, -0.049596, 0.023423, 0.296506, -0.358316, 0.06051, -0.44627, -0.055566, 0.278086, 0.283716, -0.082503, -0.120338, -0.292069, -0.02289, -0.135469, 0.064203, 0.006559, -0.183321, -0.043642, -0.00395, -0.440403, 0.485235, 0.073098, -0.16689, -0.161717, 0.296199, -0.191411, -0.14412]
[-0.327537, 0.206009, 0.250067, -0.015779, 0.07266, -0.099142, -0.240362, -0.501061, 0.076676, 0.155947, 0.084783, -0.423575, 0.037554, 0.15705, 0.041168, -0.380913, 0.21171, -0.423416, -0.690733, 0.219466, 0.239917, 0.606299, 0.267121, 0.106975, -0.532634, 0.086815, 0.377316, 0.190917, 0.002448, 0.078185, -0.064, -0.291698, -0.350912, 0.104432, -0.147088, 0.261923, -0.008496, -0.726434, 0.21631, 0.168657, 0.322302, -0.043516, -0.105947, -0.370106, 0.038408, 0.114498, 0.214661, 0.220865, 0.1916, 0.153934, -0.104464, -0.395503, 0.215544, -0.263798, 0.203564, 0.212991, 0.062648, 0.218973, -0.480613, 0.302948, 0.33915, -0.321921, -0.033348, 0.076251, 0.185023, 0.212964, 0.015354, -0.175597, 0.138111, -0.124249, -0.003052, -0.232202, -0.022266, 0.084898, -0.217887, 0.260975, -0.578104, 0.208208, 0.060058, -0.140638, -0.201783, -0.233327, 0.056698, 0.062924, 0.176798, -0.012115, -0.233248, 0.356098, 0.038856, -0.012248]
[-0.153949, -0.21154, 0.177632, 0.217445, 0.256385, -0.06643, 0.123324, -0.562883, -0.53261, -0.090423, -0.026088, -0.028727, 0.616081, -0.231233, 0.451051, -0.181487, 0.238471, 0.24958, -0.689357, -0.610282, 0.766312, 0.408617, -0.090328, -0.067348, 0.327938, -0.411284, -0.098113, 0.085758, -0.235503, 0.676085, 0.088835, -0.231681, -0.559915, 0.252202, 0.132833, 0.633432, 0.365317, -0.64223, 0.007589, 0.394665, 1.002049, -0.150268, 0.029071, 0.064206, 0.708554, -0.049626, -0.263507, -0.346852, -0.221022, 0.055178, -0.5331, 0.215816, 0.322858, -0.281217, 0.193825, 0.023853, -0.380146, 0.005708, 0.114802, 0.341961, 0.208025, -0.394529, -0.538281, 0.451261, 0.060276, 0.111261, 0.268893, -0.040497, 0.172862, -0.162834, -0.127022, 0.041651, 0.234514, 0.25574, -0.235747, -0.037525, -0.001709, -0.151856, -0.293634, -0.003074, -0.321432, -0.633895, -0.112523, 0.614485, 0.447526, -0.509896, 0.260883, 0.084547, 0.027431, -0.501549]
[0.313835, -0.315573, -0.757379, 0.587039, 0.343009, 0.054052, 0.314029, 0.095832, -0.506015, 0.047764, -0.269884, 0.460735, 0.174125, 0.004829, -0.109332, -0.229053, -0.756143, 0.448251, 0.024456, -0.330349, 0.372911, 0.315793, 0.353986, -0.212005, -0.117399, 0.017959, 0.121052, 0.027257, 0.446632, 0.06158, -0.009697, 0.007702, 0.141578, -0.332602, -0.285276, -0.267062, 0.343807, -0.187731, 0.108374, 0.187798, -0.037865, -0.3581, 0.487355, 0.307584, 0.770129, -0.154467, -0.213203, -0.446932, 0.2895, 0.101315, -0.061549, 0.718976, 0.360276, 0.072571, -0.273369, 0.139988, -0.381008, -0.519077, 0.339374, 0.151602, 0.050816, 0.069026, -0.133063, 0.013808, -0.088015, -0.294794, 0.23631, 0.414711, -0.443502, -0.237829, -0.125231, 0.469554, 0.330977, -0.616223, 0.089178, 0.238626, 0.208783, 0.030754, -0.230224, 0.256007, 0.291429, -0.312681, 0.20944, 0.35606, -0.449626, -0.321627, 0.536161, 0.259216, 0.108978, 0.318668]
[0.187649, -0.078125, -0.378339, 0.778227, -0.217728, 0.216195, 0.748601, -0.139278, -0.697133, 0.151602, 0.026311, 0.194822, 0.123266, -0.345118, 0.007994, -0.378899, -0.073333, 0.583568, -0.052974, 0.026305, 0.314042, 0.295048, -0.094037, 0.18691, -0.283081, 0.177686, -0.079767, -0.116731, 0.142745, -0.100727, -0.252932, -0.163029, 0.42677, -0.437983, -0.32671, -0.351136, -0.01396, 0.246543, 0.041117, 0.19457, 0.035021, -0.124049, -0.08751, 0.193823, 0.28825, -0.050006, 0.244685, -0.465663, 0.761294, 0.235777, 0.249446, 0.205182, 0.681266, 0.238713, -0.716471, 0.47348, 0.216713, 0.409564, -0.025275, 0.388181, -0.127629, 0.185563, -0.222365, 0.435901, -0.384893, -0.161558, 0.129868, 0.190803, -0.252378, 0.036601, 0.09763, -0.672114, -0.090826, -0.305935, -0.072486, 0.137349, 0.10019, -0.144676, -0.541418, 0.037458, 0.440355, -0.075717, -0.036085, 0.467569, -0.112302, 0.241942, 0.335804, -0.609876, 0.38318, 0.169862]
[-0.160205, 0.277496, 0.451014, 0.58983, -0.116395, -0.112928, 0.809811, -0.508689, -0.456839, 0.450692, 0.094182, 0.012445, -0.387961, 0.152673, -0.135977, -0.363435, 0.143075, -0.12353, 0.355519, 0.000788, 0.428316, 0.274835, -0.047422, 0.23677, -0.079485, -0.322791, -0.575441, 0.482551, -0.457852, -0.246782, 0.099729, -0.195967, -0.073296, -0.095271, 0.018291, 0.107837, 0.84326, -0.415905, -0.006231, 0.089799, 0.227109, 0.331203, -0.698659, -0.294829, -0.295062, 0.234579, -0.065646, -0.549334, 0.532814, -0.143595, 0.070002, -0.299361, -0.061774, -0.554628, -0.402147, 0.310845, 0.583383, 0.633987, -0.238131, 0.405676, -0.16402, -0.113203, -0.07659, 0.214888, -0.004792, -0.074382, -0.050205, -0.125734, -0.281289, 0.220808, 0.398107, -0.612687, 0.426792, -0.160782, 0.36028, -0.297686, 0.351584, 0.522853, 0.047311, -0.167077, 0.464647, -0.291294, -0.029993, 0.45812, 0.339101, -0.078911, -0.129536, -0.357658, 0.373642, -0.038907]
[0.284717, 0.079901, 0.017962, 0.335667, 0.223289, -0.082253, 0.531081, -0.519872, -0.32596, 0.190991, -0.41858, 0.126706, -0.23409, 0.341487, -0.151726, -0.021601, -0.067283, -0.608099, 0.061495, -0.02503, 0.689675, 0.544768, 0.048581, 0.216794, -0.249346, -0.067095, -0.266189, 0.222303, -0.211287, -0.03008, -0.07433, -0.295664, -0.08386, 0.079681, -0.27293, 0.440215, 0.300439, -0.124271, 0.055009, 0.05351, 0.080839, -0.275656, -0.07595, -0.379334, 0.126104, 0.321912, -0.230141, -0.485148, 0.429804, 0.046691, 0.011926, -0.072689, 0.249658, -0.137633, -0.100939, 0.173889, 0.224217, 0.393978, 0.268119, 0.776627, 0.511021, -0.281948, -0.03588, 0.609353, -0.153972, 0.207795, -0.232335, 0.094615, -0.144695, -0.253498, 0.449781, -0.335301, 0.120321, -0.303252, 0.337688, 0.153345, -0.231101, 0.010817, -0.013717, -0.201995, 0.378551, -0.611764, -0.058351, 0.282695, 0.699261, -0.167988, -0.337647, -0.179487, 0.421259, 0.096841]
[0.327835, 0.006462, 0.031604, 0.00628, 0.320343, -0.345389, -0.187372, -0.162011, 0.052884, 0.029617, -0.002844, 0.046336, -0.024034, 0.43951, 0.365588, -0.229239, 0.036842, -0.034863, 0.241711, 0.330043, -0.166348, 0.23518, -0.233769, -0.227277, -0.070891, 0.325887, -0.588647, 0.453428, -0.093622, 0.078484, 0.210406, -0.311046, -0.081082, 0.204717, 0.015938, -0.135419, 0.218861, -0.21012, 0.007419, -0.034252, 0.016297, 0.344915, -0.305001, -0.069962, -0.01487, -0.227158, 0.160942, -0.03838, 0.282965, 0.268693, 0.060552, -0.107159, -0.16566, -0.240097, -0.24682, 0.558792, 0.227862, 0.21213, -0.157964, 0.069489, 0.064553, -0.011584, 0.262807, -0.107221, 0.043481, 0.200808, -0.00934, 0.022246, -0.135602, -0.214992, 0.052837, -0.039341, -0.012052, -0.455607, 0.499399, -0.209365, 0.305724, 0.163059, -0.058517, -0.081678, 0.204642, 0.543495, -0.055811, 0.410527, 0.528179, 0.445637, -0.202979, 0.002393, 0.190529, 0.15307]
[0.097307, -0.071498, -0.042994, 0.207224, 0.069543, -0.104407, 0.168619, -0.45568, -0.059107, 0.142267, -0.18218, -0.156669, -0.12752, 0.277188, 0.057778, -0.206699, 0.231733, 0.105124, 0.0827, 0.087932, -0.126838, 0.253955, -0.068026, -0.280493, 0.141842, 0.050029, -0.285905, 0.154013, -0.315157, 0.081876, 0.047987, -0.10621, -0.179065, 0.048064, 0.127172, -0.214758, 0.058817, -0.471051, -0.165931, -0.080992, -0.199247, -0.134526, -0.199581, -0.099326, -0.315155, -0.043801, -0.204069, -0.347686, -0.067333, -0.138655, -0.179062, -0.046597, -0.366869, -0.162627, -0.299046, 0.194931, 0.184472, -0.09049, -0.099465, 0.089057, -0.124494, 0.081732, 0.0957, -0.086086, 0.030439, -0.135344, 0.312557, 0.100266, -0.200808, -0.044119, 0.027839, -0.19794, -0.142327, 0.003083, 0.072029, -0.218527, 0.044605, 0.007075, -0.352356, 0.114556, -0.246664, 0.108878, -0.075359, 0.257654, 0.008835, -0.01535, 0.008146, 0.234884, 0.074034, 0.038612]
[-0.057076, -0.238441, -0.097423, -0.292368, -0.155926, 0.033528, -0.009006, 0.191763, 0.06548, -0.172923, 0.048642, -0.186446, -0.236936, -0.057259, 0.082758, -0.237732, 0.198447, 0.127633, -0.107023, 0.054547, 0.032782, -0.028364, 0.128058, 0.120271, 0.166245, 0.066685, 0.161134, -0.234957, 0.062434, -0.009873, -0.206333, 0.054932, 0.129983, -0.105761, 0.094427, 0.006237, 0.119839, -0.170639, 0.191474, -0.164291, -0.075091, -0.211437, -0.125521, 0.061288, -0.132136, 0.058752, 0.013545, -0.098142, -0.215715, -0.204942, 0.028127, 0.03901, -0.233153, 0.089903, 0.158114, 0.07305, -0.157379, 0.124194, 0.029443, -0.130696, -0.058193, 0.082482, -0.096148, -0.072232, -0.076195, 0.012869, 0.017741, -0.016303, 0.056148, 0.002614, -0.072934, 0.085359, 0.114191, 0.04677, -0.111919, -0.009309, 0.019144, -0.248522, 0.031399, -0.078869, -0.106066, -0.121925, 0.167011, -0.118931, -0.201464, 0.079107, 0.063501, -0.264255, 0.055375, -0.077863]
[0.19519, -0.193518, -0.018355, 0.047728, -0.29123, 0.06757, -0.014715, -0.138654, -0.005595, -0.090132, -0.160267, 0.117021, 0.164793, 0.050753, 0.108368, -0.006377, 0.031298, 0.021911, -0.194797, -0.249062, -0.059764, -0.044982, -0.070176, 0.171595, -0.080282, -0.193421, 0.10686, -0.165921, -0.008708, 0.206977, -0.120292, 0.001054, -0.068303, -0.171901, 0.154904, -0.147385, 0.00457, -0.127461, -0.071446, -0.084774, -0.180394, -0.079184, -0.202902, 0.072368, -0.218906, -0.118631, 0.000594, -0.238382, -0.076411, -0.060994, -0.146149, -0.194764, -0.221304, -0.019116, 0.001155, 0.053142, 0.038307, -0.09907, -0.157488, -0.232972, -0.29273, 0.153707, -0.157102, 0.214497, -0.002383, 0.040927, 0.122156, -0.097038, 0.016046, 0.017854, -0.053299, 0.13617, -0.098776, 0.094509, -0.005352, 0.244041, 0.022088, -0.078194, -0.093435, 0.137305, -0.030424, -0.030238, 0.082955, 0.126582, -0.164454, 0.24661, -0.086993, -0.278202, 0.141777, -0.13047]
[-0.121238, 0.105948, -0.024378, 0.323049, -0.379444, 0.046342, -0.0592, -0.152989, -0.123349, -0.079641, -0.286796, 0.086741, 0.237764, 0.146331, -0.093057, 0.254709, 0.38802, 0.152393, 0.131552, -0.205748, -0.182134, -0.041996, 0.12484, 0.165353, 0.074276, -0.191484, 0.094204, -0.508364, -0.292753, 0.249859, -0.237312, 0.29284, -0.043921, 0.118724, -0.059967, -0.131483, 0.061806, -0.177595, -0.225868, -0.089166, -0.116982, 0.116581, -0.021091, -0.17941, 0.100127, -0.272137, 0.037246, -0.101163, -0.275199, -0.096908, -0.164783, -0.306609, -0.225475, 0.076427, -0.199565, -0.032465, -0.049399, 0.074315, -0.229743, -0.278537, -0.263224, 0.013879, -0.208693, -0.13214, -0.039521, 0.286169, 0.196658, 0.033958, 0.092534, -0.005575, -0.06451, 0.099701, -0.046012, 0.080324, 0.185587, 0.053577, -0.219437, -0.177413, -0.127139, 0.068629, -0.180354, 0.064976, -0.347059, -0.111149, -0.139552, -0.115201, -0.125365, -0.204889, 0.011195, -0.262821]
[0.032911, 0.096748, -0.140219, 0.082544, -0.161286, -0.084954, -0.164192, -0.304484, 0.20688, -0.076383, -0.042058, -0.118148, 0.450014, -0.01134, 0.232184, 0.339223, -0.272945, 0.095081, -0.390232, 0.210366, 0.163081, -0.286698, 0.079601, -0.297595, 0.001949, 0.098118, 0.023786, 0.013705, -0.086869, 0.044755, 0.09179, 0.095488, -0.017496, -0.092294, -0.103534, -0.074249, -0.145379, 0.053754, -0.110679, -0.285132, 0.375128, -0.048941, -0.041945, 0.020567, 0.051657, 0.187085, 0.027164, 0.231743, -0.338586, 0.316602, -0.133481, -0.08521, -0.119046, -0.303947, 0.182416, 0.055566, 0.072075, -0.072953, -0.280687, 0.102032, 0.009036, 0.311038, 0.034468, 0.001854, 0.095298, 0.344456, -0.011608, -0.079131, -0.137681, -0.105677, -0.209308, -0.322187, -0.072634, -0.14043, -0.330176, 0.076597, -0.460975, -0.056782, -0.062279, -0.172589, 0.10796, 0.078329, -0.088822, 0.22207, -0.045567, -0.013853, -0.177139, 0.612968, -0.450988, -0.1607]
[0.022391, 0.131725, 0.413827, 0.092038, 0.012063, -0.33487, -0.131281, -0.785183, 0.226617, 0.114954, 0.019742, -0.360505, 0.274396, -0.043098, 0.201435, -0.144691, 0.237201, 0.132407, -0.471771, -0.086903, 0.686582, 0.091712, 0.08527, -0.268017, -0.39659, -0.094172, -0.136414, 0.501027, -0.464662, 0.444731, 0.4435, 0.018708, 0.048163, 0.027714, -0.030412, -0.006434, 0.284047, -0.111724, 0.072547, 0.47047, 0.451239, -0.27493, -0.10326, -0.165201, -0.034818, -0.17104, 0.059612, 0.213992, -0.214367, 0.264783, -0.269932, -0.051073, 0.319013, -0.390624, 0.248903, -0.053142, 0.063312, 0.325066, -0.497926, -0.20446, 0.187369, -0.278362, -0.42903, 0.02172, -0.025689, 0.23311, 0.037652, -0.181243, -0.050407, 0.153815, 0.201884, -0.271873, -0.138537, 0.045422, -0.359573, 0.048577, -0.424842, 0.243136, -0.382644, 0.096382, -0.18104, -0.0555, -0.177238, 0.200233, 0.449681, -0.120542, -0.191798, -0.023233, -0.672716, -0.647702]
[-0.567415, 0.211115, 0.323078, -0.516367, 0.014352, -0.206082, -0.017446, -0.313357, 0.108738, -0.05195, -0.119676, -0.110078, 0.646075, 0.132903, 0.258085, -0.21757, 0.362234, 0.450881, -0.596556, -0.308484, -0.344406, 0.273766, 0.134251, 0.335295, 0.029606, -0.202849, 0.232358, 0.07466, -0.11315, 0.402222, 0.125628, -0.668382, -0.652023, 0.15937, 0.60549, -0.331738, 0.148329, -0.667026, -0.21627, 0.467967, 0.829319, 0.11377, 0.235184, -0.148439, 0.490991, -0.623882, 0.032982, 0.204078, -0.292341, 0.1937, -0.42661, -0.784781, 0.301939, -0.172062, 0.151486, -0.642652, -0.758583, 0.26726, -0.228879, 0.046036, 0.150782, -0.237475, -0.82625, -0.068509, -0.163998, 0.566203, 0.249696, -0.526691, 0.367299, -0.008777, 0.011439, 0.382203, -0.12698, 0.089243, -0.502761, 0.279049, -0.143562, 0.085733, -0.344403, -0.070273, -0.625418, 0.05842, -0.052606, 0.37922, 0.062618, -0.385556, -0.015886, 0.824682, -0.271673, -0.414703]
[0.051661, 0.185824, -0.4958, -0.3405, -0.082526, 0.352943, 0.185669, -0.115868, -0.365765, 0.00175, 0.097345, 0.229622, -0.765086, -0.317782, -0.392512, 0.205952, 0.486804, -0.412868, -0.058275, 0.148668, -0.481388, 0.120124, -0.237526, 0.573574, -0.380001, 0.186512, 0.569511, 0.137713, 0.145603, -0.118074, -0.07479, -0.521253, -0.141645, -0.358352, 0.251272, -0.453163, -0.371912, -0.123628, -0.37471, -0.321451, -0.092331, 0.261283, -0.179985, 0.301263, -0.208657, 0.005423, -0.175209, -0.061862, 0.231474, -0.132051, -0.148782, -0.360159, -0.118645, 0.118854, -0.321787, 0.042374, -0.540553, -0.040718, -0.384331, 0.23084, -0.207972, 0.334086, -0.11111, 0.263926, -0.58831, 0.264706, -0.363766, -0.033717, -0.315437, -0.499895, 0.182302, -0.033319, -0.036822, -0.016108, -0.417024, 0.514291, 0.45597, 0.152236, 0.219417, -0.565654, -0.239571, -0.036852, 0.122432, -0.049022, 0.354071, 0.504007, 0.008789, -0.220105, 0.401447, 0.159067]
[0.358811, 0.063937, 0.16668, 0.239816, 0.163226, 0.349481, 0.338192, -0.39042, -0.358087, 0.029193, -0.12578, 0.369593, -0.336858, -0.083265, -0.022997, -0.493365, 0.465633, 0.218639, 0.321331, 0.248094, -0.212426, -0.273162, -1.328053, 0.04138, -0.334912, 0.647157, -0.213265, 0.224987, -0.157961, -0.456749, 0.088008, -0.740885, 0.049594, 0.179411, -0.023916, -0.734722, -0.27442, 0.340966, -0.021297, -0.26986, 0.289445, 0.484894, -0.55388, -0.212553, -0.406342, -0.299549, 0.069203, -0.446973, 0.704066, -0.033347, 0.327018, -0.511634, -0.162602, -0.202093, -0.409276, 0.047994, -0.020126, 0.202511, -0.313667, 0.253482, -0.140785, 0.35145, -0.451199, -0.094986, -0.887373, -0.281553, -0.007528, -0.52201, 0.12789, 0.058185, 0.323371, -0.120019, 0.444608, -0.326392, -0.34794, -0.032154, 0.421362, 0.227835, -0.399497, -0.439156, 0.19368, 0.026359, 0.430622, 0.188443, -0.085167, 0.626014, 0.317501, -0.397731, 0.083207, 0.760747]
[0.723078, -0.02817, 0.62442, -0.149083, 0.527154, -0.91567, 0.027726, -0.686134, 0.459442, 0.081927, 0.063089, -0.41442, 0.093754, 0.389571, 0.205886, 0.095654, 0.157365, 0.025843, 0.740903, 0.013663, 0.18746, -0.064378, -0.909812, -0.764209, -0.145068, 0.316688, -1.109949, 1.032656, -0.72061, -0.084001, 0.731195, -0.532828, -0.640039, 0.422618, 0.195128, -0.025244, 0.065149, 0.278226, -0.371325, -0.135172, 0.120484, 0.285624, -1.078922, 0.032795, -0.392398, 0.058833, -0.583295, -0.310375, 0.361821, -0.21766, 0.249284, -0.017347, -0.009237, -0.232156, 0.016923, 0.783753, 0.372355, 0.230531, -0.016342, -0.063089, 0.267247, 0.54794, 0.146981, -0.147622, -0.507032, -0.468834, 0.893198, -0.204011, 0.347236, 0.386698, -0.008059, -0.223259, 0.35273, -0.715174, 0.408198, -0.831894, 0.521532, 0.370658, -0.423357, -0.086935, -0.087704, 0.183146, -0.20142, 0.604571, 0.185667, 0.158417, 0.147768, -0.38127, 0.296257, 0.154216]
[0.403089, 0.028655, -0.396575, -0.172904, 0.055314, -0.574907, -0.073774, -0.74211, 0.098232, 0.271674, -0.181341, -0.015832, -0.282651, 0.294719, 0.01791, 0.363914, -0.115614, -0.392658, 0.74867, 0.338498, 0.196449, 0.153856, -0.060243, -0.547439, -0.040136, 0.037831, -1.016257, 0.958757, -0.384166, -0.44045, 0.465954, -0.429626, -0.241556, -0.153242, 0.219981, 0.227113, 0.206922, -0.402462, -0.180887, -0.350332, -0.302608, 0.219882, -0.556289, 0.150734, -0.342353, -0.03477, -0.636077, -0.110995, -0.179237, -0.355055, 0.048953, 0.109112, -0.112987, -0.343372, -0.440538, 0.471441, 0.097242, -0.017025, 0.257775, 0.112751, 0.193352, 0.161422, 0.422297, -0.208168, -0.434295, 0.009884, 0.228274, 0.180417, -0.37261, 0.38761, 0.342649, -0.622204, 0.388984, -1.184506, 0.089959, -0.841432, 0.636047, 0.385864, -0.336883, 0.110509, 0.152127, 0.448005, -0.344236, 0.303771, 0.240679, 0.073671, -0.54734, 0.091596, -0.13227, -0.010439]
[0.256415, -0.036141, -0.091401, -0.061049, 0.271904, -0.073217, 0.132973, -0.671331, 0.154069, 0.092969, -0.208533, 0.027466, -0.147664, 0.145288, 0.005953, 0.122932, 0.126335, -0.237477, 0.27051, 0.06777, 0.044201, 0.401356, -0.11218, -0.751487, 0.107329, -0.011604, -0.534324, 0.808954, -0.44567, -0.163088, 0.003081, -0.431508, -0.267881, -0.10262, -0.006194, -0.175323, 0.307437, -0.380382, -0.321697, -0.104213, -0.141606, 0.034686, -0.217562, -0.089888, -0.417193, -0.086672, -0.383633, -0.350792, -0.098954, -0.452654, -0.02891, 0.021034, -0.046758, -0.420044, 0.003956, 0.270513, 0.093063, -0.253279, -0.178856, -0.102313, 0.181883, 0.268252, 0.063319, -0.163881, -0.050596, -0.165015, 0.547084, -0.087038, -0.237938, 0.149744, 0.136654, -0.541151, 0.025449, -0.353068, 0.439817, -0.602134, 0.150191, -0.042629, -0.417549, 0.161739, -0.330943, 0.586948, 0.066614, 0.244095, 0.125193, 0.078807, -0.014736, 0.138262, 0.238821, 0.437299]
[-0.015678, -0.011604, -0.004702, 0.105819, -0.130269, -0.166776, -0.105888, -0.357761, 0.218423, -0.177264, -0.158074, -0.128891, -0.110354, 0.144392, -0.149971, -0.22242, 0.260005, 0.221271, -0.107581, -0.080024, -0.269481, -0.044123, -0.151741, -0.358632, 0.202005, 0.00328, -0.029947, 0.332932, -0.056047, -0.274456, -0.015316, 0.198661, 0.038026, 0.008824, -0.154784, -0.016176, 0.04653, -0.387861, -0.169434, -0.127674, -0.294599, 0.002106, 0.018702, 0.090247, -0.424852, -0.24968, -0.09994, -0.125264, 0.043666, 0.024398, 0.199923, -0.012951, -0.332919, -0.400252, 0.119467, -0.059096, 0.200208, 0.022669, -0.105671, 0.001613, -0.048998, -0.021477, -0.010386, -0.121048, -0.040866, -0.122108, 0.327245, 0.057788, -0.087009, -0.094571, 0.00193, -0.085607, -0.107057, -0.032211, 0.108631, -0.19734, -0.031319, 0.136471, -0.287502, -0.049304, -0.166863, 0.409752, 0.191021, 0.035252, -0.224918, -0.054454, 0.001176, 0.119194, 0.213961, 0.158995]
[0.096419, 0.018472, 0.094372, -0.150327, 0.067728, -0.042975, -0.053208, 0.245414, 0.050839, -0.003435, -0.143169, -0.113362, 0.113053, -0.171654, 0.106328, -0.114381, 0.082886, -0.05088, -0.029108, -0.114379, -0.177346, -0.072806, -0.067396, 0.104463, 0.121354, 0.006641, -0.00366, 0.00063, 0.114445, 0.036262, -0.013119, -0.13771, 0.169176, -0.089282, -0.128301, -0.04819, -0.008326, -0.114925, 0.163768, 0.103138, -0.012308, -0.071781, -0.092004, 0.119494, -0.051157, 0.02059, -0.053097, -0.048745, -0.038241, -0.052245, -0.181577, 0.10208, 0.007034, -0.000395, -0.012617, -0.097155, 0.018079, -0.048286, -0.170493, -0.013702, -0.179809, -0.218768, -0.00928, 0.139986, -0.199989, 0.138144, 0.039708, -0.00119, 0.004759, 0.01782, -0.044292, 0.203353, -0.007837, 0.108697, 0.060147, 0.288973, -0.178579, -0.130512, 0.049828, 0.146382, 0.016796, 0.137653, 0.056979, -0.074326, -0.242799, 0.024405, -0.193083, -0.06987, 0.110179, -0.080503]
[0.11797, -0.170781, -0.036041, -0.190116, -0.178731, -0.080596, -0.058289, 0.241549, -0.135776, -0.05622, 0.06698, 0.055686, 0.065701, -0.118215, 0.036026, -0.18068, -0.035126, 0.109332, -0.215533, 0.003704, 0.215426, -0.065131, -0.053118, 0.021251, 0.022305, 0.055169, 0.064701, -0.306486, 0.094501, 0.101641, -0.236506, -0.008816, 0.098212, 0.080982, -0.053921, -0.151891, -0.13324, 0.154702, 0.127502, 0.193774, -0.00436, -0.1414, -0.077537, 0.060452, 0.018275, 0.167396, 0.019244, -0.000717, -0.169245, 0.064553, -0.067195, -0.074494, -0.063385, -0.047969, -0.019649, -0.118066, -0.206656, 0.117207, 0.12098, 0.018256, -0.178289, 0.004375, -0.214588, 0.252211, -0.111711, -0.146847, -0.29206, -0.052567, 0.270649, -0.106995, -0.189453, 0.077426, 0.039869, 0.003248, -0.084195, 0.13461, -0.068261, -0.029285, 0.036493, -0.123529, -0.126281, -0.080011, 0.103209, 0.131682, -0.17172, 0.030505, -0.117653, -0.260468, 0.006281, 0.144773]
[-0.075102, -0.06976, 0.099694, 0.45229, -0.430239, 0.087427, 0.05269, -0.18438, -0.208817, -0.139626, -0.057894, -0.023822, 0.506137, -0.069779, 0.161922, -0.053549, 0.158926, 0.137482, 0.049139, -0.469113, -0.069067, -0.153972, 0.117079, 0.319812, -0.176278, -0.201517, -0.042272, -0.200144, -0.306333, 0.391137, -0.270868, 0.268484, 0.131065, -0.106367, -0.22027, -0.400437, -0.095478, -0.231559, -0.146225, 0.114604, 0.016792, 0.001936, -0.003632, -0.240771, 0.04583, -0.306538, 0.110095, -0.121631, -0.265189, 0.235456, 0.079833, -0.367335, 0.07656, -0.1759, -0.347726, 0.139999, -0.079241, 0.183887, -0.343181, -0.285733, -0.064086, 0.036486, -0.091758, -0.178503, -0.081625, 0.335846, 0.102332, 0.056365, -0.019362, -0.115303, -0.357063, 0.061697, -0.322758, 0.025949, -0.033473, -0.112817, -0.01941, -0.118889, 0.030588, -0.045131, -0.280593, 0.096707, -0.306135, 0.339892, -0.262079, -0.079211, -0.03351, 0.023861, 0.075951, -0.55886]
[0.297881, -0.09533, -0.193114, 0.341974, -0.318325, -0.122473, -0.122988, 0.098512, 0.111326, -0.139748, -0.358496, 0.190509, 0.034972, -0.024894, 0.081497, -0.000429, 0.019574, -0.068512, -0.416192, -0.288987, 0.336762, -0.063377, -0.044033, -0.259101, -0.183534, 0.104678, -0.2315, -0.051701, 0.023519, 0.072057, -0.082762, -0.040484, 0.249284, 0.178341, -0.150118, 0.253625, 0.030885, -0.157691, -0.110792, -0.237565, -0.033019, -0.041268, 0.116271, 0.005899, -0.150278, -0.248929, 0.157855, -0.092772, -0.234072, 0.363467, -0.248692, -0.149434, -0.28315, -0.408698, -0.214343, 0.101655, -0.332268, -0.066771, 0.017372, 0.087643, 0.064685, 0.014549, 0.141452, -0.121599, 0.339643, 0.635279, -0.002935, 0.150065, -0.012029, 0.083952, -0.278772, 0.156158, 0.148421, -0.228062, -0.150529, -0.019374, -0.320179, -0.070423, -0.324382, 0.13661, 0.159111, 0.125935, -0.236486, 0.264312, 0.056939, -0.065352, -0.285439, 0.031001, -0.402358, -0.527382]
[0.163884, -0.083535, 0.22433, 0.351861, 0.018289, -0.329647, -0.40486, -0.177233, 0.020688, -0.000236, 0.088326, -0.272963, -0.014033, -0.087375, 0.043876, 0.662493, -0.161854, -0.186696, -0.902496, 0.263114, 1.034579, 0.320028, 0.32883, -0.147744, -0.484065, 0.141262, 0.111343, 0.388213, 0.350025, 0.629056, 0.363955, 0.362811, 0.400261, -0.095831, -0.189101, 0.344171, 0.037659, 0.726719, 0.18621, -0.063775, -0.33862, -0.188554, 0.338517, 0.193863, 0.005341, 0.50861, -0.055947, 0.169766, 0.079509, 0.500774, -0.351236, -0.086533, 0.128274, -0.386802, 0.68109, -0.019724, -0.241254, 0.125319, -0.245739, 0.106051, -0.693586, -0.018925, -0.040082, 0.351449, 0.378841, 0.607051, -0.778945, 0.056926, -0.020426, 0.35473, 0.105105, -0.477237, 0.081199, 0.037169, -0.271435, 0.232874, -1.115268, -0.549303, 0.088341, -0.125223, 0.12859, -0.168596, -0.228827, 0.415827, 0.34068, -0.000317, -0.417305, -0.25361, -0.583152, -0.274319]
[-0.293209, 0.390589, 0.026084, -0.132091, 0.002349, -0.500875, -0.668279, -0.314307, 0.268126, 0.096266, 0.101908, -0.606336, -0.026717, -0.000963, 0.789476, 0.388945, 0.019286, -0.377553, -0.636171, 0.271728, -0.028671, 0.541168, 0.282777, 0.21261, -0.581457, 0.100744, 0.457025, 0.268876, 0.028689, 0.211407, 0.171849, 0.437273, -0.726536, 0.137534, -0.052291, -0.384171, -0.338456, 0.083023, 0.405387, 0.069168, -0.196026, 0.266194, 0.308494, -0.365725, 0.360762, -0.265853, -0.100546, 0.46424, -0.154644, -0.062111, 0.336312, -0.489597, -0.388285, -0.268405, 0.830704, -0.4137, 0.621265, -0.188263, -0.646441, -0.334856, -0.614355, -0.003576, -0.056771, -0.483897, -0.318688, 0.14176, 0.152005, -0.125853, 0.363616, -0.131761, 0.288522, -0.398676, 0.129629, 0.536976, -0.326968, 0.391184, -0.410482, -0.321381, -0.097791, 0.112919, -0.446455, -0.293169, 0.140982, -0.303963, 0.066996, 0.489663, 0.001009, 0.704978, 0.488136, 0.123489]
[-0.259868, 0.017006, -0.293574, 0.461209, 0.124671, 0.117398, -0.060558, -0.379942, 0.140847, 0.116958, 0.428881, 0.102666, -0.913015, -0.013947, -0.162007, 0.819773, 0.396538, -0.644268, -0.01627, 0.415431, 0.774404, 1.098045, 1.598451, 0.912184, -0.128905, -0.895482, 0.540883, 0.148074, -0.201371, -0.089006, -0.789547, 0.23985, -0.768967, -0.103737, 0.063063, 0.162968, -0.123972, -0.767559, 0.72668, 0.290191, -0.189257, 0.390861, -0.143017, 0.084642, 0.514448, -0.028914, -0.581383, 0.247294, 0.037196, 0.14992, 0.310758, 0.150658, -0.190618, -0.525319, 0.19303, -0.183967, 0.740816, -0.473399, -0.440945, -0.27293, -0.486565, 0.271877, -0.175923, 0.610037, 0.579386, 0.167009, -0.266287, 0.602192, -0.588368, -0.351953, 0.507275, -0.210607, 0.018775, 0.820553, -0.024586, 0.06641, 0.326288, 0.582912, -0.317916, 0.492508, -0.251466, -0.436484, -0.258012, -0.402764, 0.847981, -0.068184, -0.27519, -0.019862, 0.563651, 0.072729]
[-0.812554, -0.106053, 0.063665, 0.133865, 0.139585, -0.552421, -0.793544, -0.057696, 0.7439, 0.10959, 0.367398, -0.813133, 0.724068, -0.041829, 0.361073, -0.425817, -0.675232, -0.180029, 0.135194, -0.413116, 0.408047, 0.397759, 0.668591, 0.581314, -0.3077, 0.026921, 0.254561, -0.17024, -0.205441, 0.258959, -0.206652, 0.790195, -0.628045, 0.091124, -0.092087, -0.077586, -0.194347, 0.266685, -0.080133, 0.454005, 0.120189, 0.18078, -0.176047, 0.155804, 0.026355, 0.41052, 0.339765, 0.366166, 0.561586, 0.101023, 0.932855, 0.197965, 0.128778, -0.167628, 0.395379, 0.053041, 1.045317, -0.224864, -0.31897, -0.324285, -0.284717, 0.252495, -0.053238, -0.027917, -0.253423, -0.013575, 0.052915, -0.062297, 0.327105, -0.107379, -0.177591, -0.435915, -0.715243, 0.227309, 0.017982, -0.020602, 0.073507, 0.134208, 0.150366, 0.320629, -0.270783, -0.619872, -0.080865, -0.544534, -0.177509, -0.073581, 0.000676, 0.298304, 0.51887, 0.08411]
[-0.326652, -0.363421, 0.241986, -0.247315, 0.179521, -0.603123, -0.531861, 0.056131, 0.299701, -0.066229, 0.05239, -0.64463, 0.567815, 0.184436, 0.051688, -0.438283, -0.569902, -0.154113, 0.463968, -0.447255, -0.222576, 0.182895, -0.286579, -0.254575, 0.085431, 0.36101, -0.15169, 0.324765, -0.313385, 0.265993, 0.258424, 0.172756, -0.47835, 0.30297, -0.138899, -0.020903, -0.221033, 0.261641, -0.429089, 0.024658, 0.153767, 0.012902, -0.408009, 0.305521, -0.203565, 0.137393, 0.47045, -0.058163, -0.057667, -0.064467, 0.474865, 0.135307, 0.285307, 0.033899, 0.12566, 0.259121, 0.646066, -0.129727, 0.169885, -0.10136, 0.284093, 0.265264, 0.047755, -0.12192, -0.843651, 0.065376, 0.351788, -0.590036, 0.388152, -0.147881, -0.412847, -0.099492, 0.183588, -0.366044, 0.136821, -0.340399, 0.505289, 0.207928, -0.158704, -0.172933, 0.373915, -0.262285, -0.100355, -0.395934, -0.412479, -0.145774, -0.202156, 0.24186, 0.61601, -0.00147]
[0.767827, -0.013927, -0.518272, 0.109942, 0.178471, -0.208411, 0.357449, -0.539391, -0.030808, -0.054628, -0.645318, 0.086607, -0.258167, 0.365661, -0.19706, 0.143514, -0.255416, 0.010195, 0.676326, -0.025097, 0.040663, 0.285469, -0.05663, -0.677409, -0.173649, 0.226342, -0.66609, 0.841749, 0.131636, -0.113796, 0.188812, -0.445808, -0.242127, 0.075234, -0.151913, -0.148217, -0.125508, -0.452148, -0.014636, -0.231093, -0.262842, -0.353283, -0.148478, -0.066057, -0.176835, -0.097749, -0.325141, -0.249514, 0.197351, 0.086641, 0.031433, -0.433389, 0.255551, -0.312457, -0.310836, 0.562659, 0.100005, -0.006357, 0.240151, 0.242817, 0.200196, 0.504118, -0.147294, -0.023006, -0.375069, -0.076133, 0.602984, 0.085875, -0.300314, 0.013612, 0.025185, -0.248913, 0.272011, -0.640409, 0.389282, -0.652251, 0.24577, 0.076588, -0.811175, 0.239241, 0.240091, 0.574324, -0.150041, 0.305257, 0.086483, 0.156139, -0.293158, 0.222582, -0.033112, 0.274621]
[0.127227, 0.039734, -0.302993, -0.06205, 0.186954, 0.213018, 0.175092, -0.515757, 0.028952, -0.190259, -0.389489, -0.009708, -0.344037, -0.114557, -0.281317, 0.066393, -0.009178, 0.125483, 0.382147, -0.040519, -0.155572, 0.179764, -0.183906, -0.368952, 0.266608, 0.001346, 0.004845, 0.525844, -0.056449, -0.265688, 0.07598, -0.292591, -0.13413, -0.049026, 0.149936, 0.100426, 0.310808, -0.368826, -0.173132, -0.259537, -0.198764, -0.301387, -0.150585, 0.196333, -0.313974, -0.120042, -0.233679, 0.043531, 0.057091, -0.303794, -0.058858, -0.10808, 0.272286, -0.301701, -0.129658, 0.25582, 0.049963, 0.002924, 0.017187, 0.090594, 0.137017, 0.320946, -0.463095, -0.051156, -0.054682, -0.093718, 0.268132, 0.098005, -0.674726, 0.041013, 0.248789, -0.524317, 0.104996, -0.185896, 0.193024, -0.509467, -0.019916, 0.042835, -0.122717, -0.060654, -0.361139, 0.512252, -0.195822, 0.271398, -0.062132, -0.359887, -0.22285, 0.071704, 0.021438, 0.21603]
[0.051294, -0.13817, 0.101493, 0.011521, 0.06516, 0.189248, -0.063776, -0.430459, 0.224444, 0.002144, -0.138014, -0.158982, 0.04879, 0.163241, -0.185582, 0.075305, 0.187625, 0.075123, -0.253192, -0.026403, -0.238691, -0.058957, 0.117345, -0.134171, 0.313132, -0.140403, -0.104108, 0.080837, -0.147411, -0.264323, 0.016494, 0.191895, -0.161604, 0.110279, 0.119069, 0.074296, 0.071239, -0.261117, -0.265204, -0.145698, 0.063117, -0.128412, -0.122241, 0.106657, -0.20838, 0.08502, 0.038839, 0.058151, -0.125387, -0.243385, 0.143292, 0.15673, -0.277835, -0.104015, 0.073792, -0.069497, 0.102261, -0.083686, -0.171187, -0.104765, -0.006891, 0.047163, 0.063732, 0.107154, -0.148315, -0.023664, 0.027246, 0.063925, -0.204764, -0.000252, -0.022102, -0.118923, -0.142111, 0.120799, 0.09798, 0.048565, 0.041132, 0.075628, -0.102928, -0.173809, -0.230524, 0.193623, -0.100493, 0.143055, 0.013534, -0.015654, 0.057722, 0.008557, 0.071663, 0.121808]
[0.089489, -0.108447, 0.013619, -0.28111, 0.155077, -0.052735, -0.251879, 0.243882, -0.059049, 0.056901, 0.158811, 0.042064, 0.036101, -0.173014, -0.060049, -0.023479, -0.116011, -0.161281, -0.05447, 0.063924, 0.048289, 0.003062, 0.12584, 0.058076, 0.114873, -0.16775, -0.12572, -0.231901, 0.124211, -0.065963, -0.110922, -0.010204, 0.21858, -0.0676, 0.1253, -0.1029, -0.082172, -0.001209, -0.093221, -0.134301, -0.240952, 0.077868, -0.164358, -0.016802, 0.019363, 0.070371, 0.064872, -0.171687, 0.039257, -0.257469, 0.117596, 0.134457, -0.017354, -0.175722, 0.096175, 0.079631, -0.155742, -0.096911, 0.085384, 0.117694, -0.079106, -0.097689, -0.118561, 0.033721, 0.071471, -0.08401, -0.064321, -0.095496, 0.049733, 0.21305, -0.017992, 0.14913, 0.06253, 0.115681, -0.211082, 0.106509, -0.009119, -0.215549, 0.077692, -0.080601, -0.070348, -0.106373, 0.04936, -0.145976, -0.060112, -0.044256, -0.247523, -0.073614, -0.001023, 0.001285]
[0.002982, -0.07964, -0.039201, -0.123684, 0.064923, -0.02677, -0.223213, 0.240396, -0.038312, -0.008746, -0.018087, 0.083933, 0.227544, 0.037555, -0.090901, -0.168606, 0.165568, 0.316999, -0.160131, -0.229528, 0.104974, 0.086846, 0.223749, 0.043734, -0.079236, -0.112631, 0.086624, -0.292545, 0.110156, 0.180248, -0.084355, -0.067125, -0.114433, -0.046151, 0.051705, 0.052929, 0.17341, 0.161916, 0.014443, -0.022357, 0.224403, -0.015098, 0.054166, -0.236739, 0.043653, 0.07539, 0.145567, 0.036519, -0.001463, -0.140794, -0.126763, -0.150051, 0.174489, -0.118233, 0.055555, 0.032016, 0.010182, -0.117486, -0.14272, -0.15454, -0.170988, -0.027795, -0.003231, 0.331411, 0.107473, -0.062531, -0.106261, -0.162232, 0.139897, -0.110586, 0.016783, 0.248038, -0.130822, 0.1919, 0.088822, -0.003781, -0.056608, -0.16513, -0.158849, 0.018332, 0.074313, -0.151752, 0.040057, -0.12921, -0.09827, 0.083688, -0.062589, -0.085477, 0.04939, -0.14988]
[-0.054995, 0.08345, -0.12495, 0.550333, -0.469296, -0.041768, 0.042984, -0.232758, -0.031511, -0.298451, -0.19419, -0.194796, 0.324497, 0.031785, 0.165871, 0.085805, 0.391519, 0.212961, 0.169545, -0.581062, -0.132881, -0.24868, 0.275964, 0.440045, -0.162774, -0.144426, -0.132259, -0.278978, -0.446973, 0.220619, -0.22464, 0.121567, -0.175757, -0.032637, -0.117198, -0.463338, -0.012009, -0.076749, 0.085634, 0.312594, 0.270331, -0.050243, 0.046421, -0.276924, -0.19325, 0.034799, 0.124328, -0.119076, -0.283136, 0.259094, -0.047363, -0.365984, -0.041811, -0.268857, -0.066463, 0.207689, 0.00657, 0.283948, -0.376703, -0.28442, -0.171012, 0.212937, 0.099953, -0.160718, 0.196715, 0.451214, 0.170651, -0.118597, 0.088301, -0.101171, -0.389581, 0.031038, -0.229981, 0.127686, 0.038111, -0.139606, -0.014704, -0.090337, -0.1488, -0.052123, -0.214786, 0.115792, 0.008651, 0.140293, -0.213617, -0.080071, -0.272152, 0.028362, -0.191326, -0.330508]
[0.115491, -0.124673, -0.287558, 0.695626, -0.467449, -0.377519, -0.043963, -0.374639, -0.392169, 0.06466, -0.39348, -0.162825, 0.571314, 0.031113, -0.211427, 0.318435, 0.58028, 0.0779, -0.099707, -0.520284, 0.661943, 0.060267, 0.304227, 0.328508, -0.13206, 0.072879, -0.23676, -0.194839, -0.43657, 0.321606, 0.139542, 0.086004, -0.018356, 0.116861, 0.193014, 0.246759, 0.451224, 0.176725, -0.230163, 0.373319, 0.03877, -0.175628, -0.047052, 0.074104, 0.011417, -0.076594, -0.348129, -0.077151, -0.394343, 0.374282, -0.100149, -0.064648, 0.122933, -0.443668, 0.006104, 0.272537, -0.265041, -0.003209, -0.175799, -0.422975, -0.322349, 0.434634, -0.073396, 0.194596, 0.483637, 0.632426, 0.163991, 0.099596, 0.041818, -0.151698, -0.331935, -0.076623, -0.137175, -0.240306, 0.373188, -0.309839, -0.207298, -0.079443, -0.277954, 0.122853, 0.254647, -0.275461, -0.419507, 0.209153, -0.133005, 0.12839, -0.284387, -0.609369, -0.307608, -0.644376]
[0.341862, -0.18645, 0.084502, 0.211675, 0.203247, -0.324672, -0.420005, 0.328008, -0.410023, -0.079422, -0.284811, 0.024971, 0.571765, 0.036868, 0.188585, 0.28701, -0.323085, 0.275523, -0.176892, -0.04062, 0.651546, -0.031869, 0.051053, -0.449069, -0.698147, 0.391256, -0.399052, -0.396346, 0.015439, 0.462299, 0.525954, 0.040381, -0.223202, 0.329321, -0.314279, 0.182118, -0.161123, 0.632285, 0.262312, -0.211628, -0.309523, 0.268485, 0.358346, 0.144025, 0.559595, 0.625629, -0.133213, -0.208507, -0.041223, 0.464285, 0.37765, -0.333044, -0.17369, 0.146965, 0.280699, 0.16304, -0.031766, -0.253833, -0.083887, -0.046932, -0.266245, 0.501352, 0.09374, 0.299063, -0.149067, 0.278008, 0.202708, 0.134281, 0.125286, 0.243747, -0.26009, -0.029292, 0.264189, -0.052707, 0.337252, 0.052925, -0.241716, -0.76222, -0.088675, 0.061104, 0.300314, -0.032513, -0.169098, -0.037913, -0.192397, 0.652962, -0.086499, -0.284371, -0.267873, 0.155944]
[0.317476, 0.048794, -0.364377, -0.017522, 0.47161, -0.48855, -0.533594, 0.110386, 0.30509, -0.313527, 0.508169, -0.097545, 0.283258, 0.311712, 0.917302, 0.381592, -0.434249, -0.266497, -0.439, 0.172886, -0.089241, 0.353391, -0.012498, -0.398222, -0.616162, 0.018607, -0.099047, 0.32642, -0.366485, 0.677079, 0.104149, 0.377736, -0.543242, 0.171653, -0.092637, -0.08597, -0.257283, 0.277943, 0.223612, -0.107529, 0.240104, 0.261547, -0.052291, -0.287314, 0.518008, 0.030641, 0.083963, 0.231858, -0.157754, -0.237441, 0.514207, -0.226981, -0.486676, -0.053868, 0.346821, -0.507532, 0.903759, 0.261806, -0.471603, -0.169988, 0.072238, 0.136872, 0.180525, -0.042855, -0.173464, 0.116892, 0.714923, -0.006067, 0.298298, -0.036533, -0.371622, -0.400333, -0.146908, 0.052185, 0.027172, 0.150165, -0.012067, -0.566431, -0.184731, 0.014918, -0.114333, -0.195805, -0.038909, -0.376765, 0.2471, 0.727024, 0.049774, 0.441545, 0.512946, 0.22977]
[-0.487349, 0.166381, -0.76581, 0.02195, 0.069252, -0.047817, -0.399527, -0.559287, 0.10025, 0.015003, 0.293613, -0.243869, -0.147705, -0.041612, -0.1384, -0.327315, 0.561965, -0.932913, 0.110677, 0.678124, 0.272789, 0.739844, 0.385848, 0.701373, -0.229265, -0.114993, 0.36401, -0.028662, -0.234039, -0.268911, -0.423648, 0.375808, -0.328838, -0.227634, 0.289616, -0.380174, -0.172714, -0.152013, 0.255316, 0.210629, -0.090898, 0.157522, -0.112088, -0.06038, -0.014847, 0.046347, -0.278053, 0.191966, 0.386431, 0.040027, 0.226526, -0.154309, 0.061503, -0.08125, -0.09409, 0.414804, 0.609892, 0.062495, -0.591688, -0.169948, -0.244725, -0.151174, 0.156834, -0.038261, -0.324832, -0.129242, -0.032936, -0.295973, -0.470437, -0.10839, 0.825548, -0.264402, -0.421915, 0.110203, -0.262503, 0.422465, 0.182007, 0.31835, -0.214131, -0.216797, -0.169329, -0.21541, -0.079056, -0.174423, -0.171203, -0.074956, 0.093352, 0.409877, 0.356222, -0.123316]
[-0.563057, 0.164854, 0.145662, -0.052611, -0.016416, -0.217522, -0.17462, -0.400971, 0.465951, -0.063583, 0.179346, -0.690936, 0.312007, -0.547232, 0.398381, -0.233196, -0.883824, -0.199769, 0.084945, -0.500411, 0.41037, 0.211762, 0.266034, 0.135204, 0.16745, -0.27632, 0.057439, 0.229129, 0.282347, 0.12086, -0.446519, 0.789426, -0.19294, -0.059981, -0.091356, -0.205925, -0.439019, 0.104005, -0.014435, 0.025695, 0.137154, -0.04253, -0.203189, 0.006189, 0.111254, 0.318057, -0.145913, 0.203678, 0.075357, -0.244318, 0.446695, 0.145649, 0.408694, 0.357659, 0.100674, 0.147127, 0.816189, 0.287266, -0.039921, -0.044284, 0.387386, 0.202559, -0.350597, 0.216614, -0.737688, -0.402178, -0.079315, -0.286098, 0.221543, -0.391443, -0.201294, -0.417553, -0.494568, 0.283236, -0.079031, -0.25186, -0.083712, 0.161839, -0.150292, -0.123185, 0.090622, -0.503981, -0.426011, -0.231864, 0.487228, -0.697587, 0.161574, -0.108442, 0.265506, 0.150662]
[-0.08054, -0.228732, -0.234138, 0.343124, 0.086236, -0.434376, 0.115249, 0.816011, 0.219262, -0.369269, -0.307894, -0.296101, 0.490963, 0.169521, -0.282597, 0.167405, -1.093748, -0.257669, 0.374422, -0.531656, -0.127328, 0.416235, 0.552846, -0.257737, 0.170466, 0.064194, -0.044985, -0.291195, 0.107172, 0.68777, -0.074911, 0.629421, -0.299897, -0.217179, -0.104483, -0.341782, -0.005965, -0.205183, -0.029334, -0.195919, -0.187249, 0.087217, 0.272134, 0.222267, 0.243647, 0.233419, 0.660952, 0.044226, -0.380831, 0.122436, 0.351147, -0.093248, 0.138111, 0.225605, 0.204245, -0.355362, 0.310146, -0.504091, 0.19361, -0.480056, -0.297684, 0.549092, -0.345497, 0.490598, -0.000605, 0.190363, 0.035695, -0.073602, 0.134567, -0.042807, -1.141148, 0.234414, -0.146906, 0.250364, 0.241305, -0.368824, 0.222864, 0.209817, 0.08983, 0.189028, 0.742642, -0.000518, -0.277595, -0.202444, 0.266064, -0.215267, 0.074062, -0.080015, 0.317027, -0.246542]
[-0.171385, -0.029861, -0.086078, -0.113382, -0.054062, 0.258753, 0.074962, -0.076758, -0.149731, -0.203814, -0.642322, -0.242339, -0.277875, -0.093289, -0.580378, 0.375397, -0.475007, 0.003401, 0.428298, -0.398632, 0.183155, 0.339124, 0.108405, 0.021592, 0.623114, 0.156586, -0.008491, -0.083123, 0.00968, 0.106892, 0.104264, 0.018999, -0.10073, -0.220492, 0.049223, -0.228311, 0.390963, -0.193092, -0.36223, 0.370533, -0.328823, -0.32441, 0.151361, -0.050622, -0.127334, 0.24561, 0.369349, -0.025403, -0.420932, 0.116358, -0.094732, -0.33533, 0.346685, -0.155403, 0.406882, -0.198169, -0.338802, -0.739974, 0.091005, -0.195853, -0.03963, 0.659394, -0.33185, 0.608847, 0.31922, -0.31914, 0.070131, -0.073696, -0.291626, -0.586375, -0.149207, 0.364196, -0.246301, 0.010289, -0.011873, -0.463189, -0.184922, 0.103779, -0.131718, 0.366673, -0.256332, 0.321196, -0.256173, 0.083106, 0.0846, -0.170172, -0.303665, -0.001296, -0.029187, 0.082649]
[-0.19026, 0.216426, 0.128756, 0.015143, -0.453182, 0.157359, 0.279554, -0.461704, -0.197042, -0.394227, -0.369386, -0.173986, 0.001766, -0.117899, -0.500259, 0.468598, -0.044374, 0.296588, 0.10638, -0.241035, -0.001445, 0.361672, -0.015859, -0.067308, 0.325895, -0.151969, -0.14973, 0.203827, -0.292081, -0.046704, -0.144723, -0.171435, 0.155057, 0.198624, -0.003654, -0.138376, 0.330678, -0.406964, -0.426331, -0.141874, 0.001201, -0.176726, -0.092945, 0.266863, -0.409726, 0.126399, -0.011146, -0.01992, -0.265201, 0.040972, -0.103572, -0.087451, 0.210929, -0.342284, 0.188291, -0.008662, -0.10951, -0.392725, -0.048938, -0.261988, 0.467175, 0.383322, -0.295064, 0.375369, 0.052238, 0.111614, 0.09193, -0.094001, -0.3477, -0.345816, 0.076158, -0.157271, -0.256662, 0.126553, 0.294579, -0.615629, -0.099707, 0.319178, -0.13816, -0.015567, -0.221362, 0.446051, -0.173823, 0.094144, -0.0187, -0.162712, -0.240159, 0.146743, -0.122228, -0.181457]
[0.050293, 0.042975, 0.100341, 0.068013, -0.151641, -0.065554, -0.061737, -0.165024, 0.116692, -0.111395, 0.039414, -0.019494, -0.146476, 0.018329, -0.193785, 0.103375, 0.071035, 0.095148, -0.236796, 0.109124, -0.40248, 0.094389, 0.019739, -0.077947, 0.060291, 0.076315, 0.128127, 0.229948, -0.069141, -0.078025, 0.053854, -0.126678, 0.001272, -0.053444, 0.08945, -0.187148, 0.044886, -0.222902, -0.232401, 0.133458, -0.311479, -0.089275, -0.205308, 0.003585, -0.007137, -0.212716, -0.242596, -0.134523, -0.101203, 0.055411, -0.087845, -0.082789, 0.012347, -0.130254, 0.138972, 0.040169, 0.067004, 0.008618, -0.023881, -0.259502, 0.112305, 0.197503, 0.083422, 0.063609, 0.04181, -0.182443, 0.308576, -0.068057, -0.164269, 0.098696, 0.210818, -0.010235, 0.142968, 0.101523, 0.161968, -0.152971, 0.10268, 0.056515, -0.03761, -0.0121, -0.2111, 0.438086, 0.041424, 0.109139, -0.260463, -0.125787, -0.033726, 0.153208, 0.074166, 0.100701]
[-0.007489, -0.125685, 0.074979, -0.149651, 0.074969, 0.177795, -0.092529, 0.125972, 0.152114, -0.048696, 0.122516, 0.120309, -0.167408, 0.009848, 0.057495, -0.184097, 0.034855, 0.108724, -0.175502, 0.04465, -0.031904, -0.060075, -0.008883, -0.037804, -0.174748, -0.116129, 0.044635, -0.028674, 0.169971, -0.051379, -0.012764, -0.148222, 0.125732, 0.071527, 0.114947, 0.125142, -0.008473, -0.003479, -0.108735, -0.173768, -0.143711, -0.005576, -0.016037, -0.040853, -0.025606, 0.083325, 0.154296, 0.031293, -0.042801, -0.147456, -0.16786, 0.150628, -0.15296, -0.038899, 0.075746, -0.033937, -0.008206, 0.042936, 0.02161, 0.045337, -0.06168, -0.002291, -0.069932, -0.056236, -0.203631, 0.087979, -0.103449, -0.1687, 0.111677, -0.004392, -0.028757, 0.130607, 0.066675, 0.03409, -0.134717, 0.118786, -0.001499, -0.0355, 0.072357, -0.004516, 0.191168, -0.140191, 0.081458, -0.067698, 0.082114, -0.014649, 0.08094, -0.09137, 0.00711, -0.062107]
[0.087223, 0.102565, -0.10062, 0.063799, 0.08586, 0.122666, -0.059904, 0.107429, 0.125701, 0.052702, 0.084827, 0.081146, -0.013817, -0.052503, 0.038847, -0.08414, 0.188129, -0.03979, 0.001415, 0.023377, -0.214461, -0.151883, 0.083201, -0.076005, 0.058456, -0.100429, 0.002713, 0.072433, 0.017642, 0.086275, 0.02917, -0.141989, -0.056197, -0.181528, -0.054919, -0.191811, 0.055393, -0.045242, -0.117082, 0.144213, -0.151029, -0.103667, 0.002932, -0.097433, -0.06338, 0.139683, 0.169394, 0.09988, -0.169894, -0.181505, 0.117324, -0.015194, 0.018268, 0.025847, -0.095309, 0.009124, -0.121755, 0.027824, 0.051894, -0.088032, 0.012763, -0.018697, 0.157599, -0.051311, 0.044748, -0.177149, 0.116977, -0.153505, -0.120406, -0.152484, 0.166226, 0.00489, 0.077254, 0.125466, 0.106985, 0.004361, -0.252992, -0.057554, 0.049291, -0.02807, -0.141773, -0.088059, 0.01904, 0.018382, -0.008064, -0.084437, -0.165209, -0.170318, 0.046472, -0.157609]
[0.009098, 0.18038, 0.126426, 0.448293, -0.274321, -0.014245, -0.218933, -0.086181, 0.000314, -0.232509, -0.461061, -0.135992, 0.467615, -0.26529, -0.274466, 0.102363, 0.151841, 0.266272, 0.25308, -0.196323, 0.279487, -0.271502, 0.005278, 0.158796, -0.28186, 0.038878, -0.173334, -0.170727, -0.459499, 0.338121, 0.024174, -0.029834, 0.038172, 0.277173, -0.219773, -0.141238, 0.113502, 0.025118, -0.218386, 0.019815, 0.148877, -0.01176, 0.011294, -0.047268, -0.038674, 0.107429, 0.138032, -0.295276, -0.337183, 0.019695, 0.182443, -0.488653, 0.086959, -0.190463, 0.034087, 0.054041, -0.252734, 0.007142, -0.145514, -0.288079, -0.243909, 0.194614, 0.166318, -0.093648, 0.11716, 0.244549, 0.304731, 0.011688, 0.130319, -0.326196, -0.131209, -0.117715, -0.076013, 0.049421, 0.0132, -0.22077, -0.127592, 0.093717, -0.079747, -0.012456, -0.181419, -0.068541, -0.194662, 0.007799, -0.247752, 0.183157, -0.349927, -0.090951, -0.321733, -0.360843]
[-0.20373, -0.022364, -0.019138, 0.407298, -0.332259, -0.151502, 0.098464, 0.332079, -0.180595, 0.383703, -0.042438, 0.116936, 0.20582, 0.232508, -0.268048, -0.272029, 0.263017, 0.087221, 0.119776, -0.498873, 0.061684, 0.030108, 0.043922, 0.361516, -0.310607, 0.065037, -0.11967, -0.234749, -0.103622, 0.356806, -0.060427, -0.137676, 0.134405, 0.131338, 0.103115, 0.125554, 0.089542, 0.045911, 0.062771, 0.056199, 0.010566, -0.096194, -0.174856, -0.076291, 0.222066, -0.352549, 0.192127, -0.293513, -0.107832, 0.333864, 0.090313, -0.511221, -0.010757, -0.016207, -0.316376, 0.092075, -0.032716, 0.05013, -0.054487, 0.019528, -0.295796, 0.397462, -0.01472, 0.011506, 0.029647, 0.12802, -0.011801, 0.310719, 0.381256, -0.293799, -0.120875, 0.039506, 0.143393, -0.054125, 0.273401, -0.139861, 0.241221, 0.040426, -0.260991, 0.395454, 0.238203, 0.021957, -0.141775, -0.353673, -0.326263, 0.294189, -0.313798, -0.439931, 0.062113, -0.030157]
[0.007943, -0.48792, -0.066656, -0.037761, 0.038967, -0.550345, -0.066303, 0.776183, -0.498838, -0.122202, 0.146609, -0.014457, 0.142387, 0.039521, 0.026153, 0.000823, -0.420912, -0.09375, 0.536823, 0.153871, -0.37824, -0.212336, -0.375854, -0.270074, -0.367021, 0.30069, -0.206156, -0.684413, -0.315729, 0.050487, 0.371472, 0.165164, -0.071381, 0.288224, 0.035056, 0.143928, -0.216382, 0.310906, -0.34918, -0.509283, -0.445384, 0.505631, -0.067215, 0.279077, 0.40317, 0.056077, 0.10405, -0.198513, 0.10232, 0.087907, 0.627048, -0.141061, -0.295661, 0.364077, -0.372339, 0.135614, -0.041495, -0.382663, -0.30778, -0.021658, -0.162944, 0.511135, 0.041641, -0.202389, 0.095558, 0.077787, 0.651359, -0.265389, 0.393287, -0.04492, -0.623858, -0.029626, 0.302201, -0.151443, 0.251946, -0.400139, 0.440974, -0.384513, 0.178129, 0.006538, 0.413892, 0.164203, -0.106062, -0.187511, -0.40957, 0.215397, 0.121, -0.461483, 0.251223, 0.15462]
[0.42532, 0.178242, 0.270355, 0.252145, 0.319468, -0.247244, -0.17287, 0.404996, 0.041164, -0.058668, -0.068336, -0.405597, -0.054386, 0.304914, 0.305479, -0.291961, -0.522296, -0.350903, 0.043863, 0.147315, -0.153497, -0.25677, -0.49205, -0.41912, -0.13002, -0.080453, -0.293318, -0.48601, 0.072745, -0.155798, 0.372559, 0.28416, -0.007938, 0.637188, -0.221142, 0.056933, -0.159135, -0.022633, 0.11912, -0.448239, -0.169444, 0.507614, 0.084457, -0.304417, -0.049212, 0.115918, -0.091394, -0.017171, -0.504278, -0.412784, 0.747515, -0.224115, -0.847597, 0.318264, -0.101797, 0.035164, 0.338491, -0.326795, -0.038589, -0.008688, 0.307372, -0.038833, 0.51105, -0.523051, -0.481834, 0.14971, 1.013812, -0.39939, 0.549507, -0.215991, -0.378622, 0.449197, 0.577907, -0.227859, 0.401014, -0.106156, 0.222282, -0.540082, 0.136426, -0.336657, 0.080611, 0.057754, 0.108932, -0.384816, -0.296264, 0.222969, 0.217855, 0.282451, -0.169703, -0.039794]
[0.005826, 0.651577, -0.340325, 6e-06, 0.077532, 0.086721, 0.047623, 0.213736, -0.027424, -0.129773, 0.061481, 0.113482, -0.023146, -0.09106, -0.480583, 0.04636, 0.113044, -0.830975, -0.358318, 0.119832, 0.15136, 0.037292, 0.02579, 0.516635, -0.396292, 0.070335, 0.34352, -0.503804, 0.007283, -0.04468, 0.41787, -0.161975, -0.25957, 0.278338, -0.24399, -0.348393, -0.091694, -0.055476, 0.432929, 0.150492, 0.482726, 0.682998, -0.001812, -0.497348, 0.001094, 0.134714, 0.364263, -0.057165, -0.551842, 0.346299, 0.492759, -0.364244, 0.199161, 0.127492, 0.18673, -0.070502, 0.337987, 0.390269, -0.298495, 0.284558, 0.132081, 0.22763, 0.112789, -0.145202, -0.30984, -0.016324, 0.130407, -0.636252, 0.496874, -0.473557, 0.261235, 0.280069, -0.063102, -0.282033, -0.296427, 0.401517, -0.11916, 0.368867, 0.320173, -0.448374, -0.109094, -0.503995, 0.273687, -0.033531, 0.347866, -0.304502, -0.203205, 0.156148, 0.034508, -0.262851]
[-0.437476, 0.260567, -0.693146, -0.169447, -0.343885, -0.14796, 0.259712, 0.127282, -0.420342, -0.156209, -0.188573, 0.337253, 0.595105, -0.986628, -0.388983, 0.312123, -0.385037, 0.459973, -0.12899, -0.183787, -0.378796, -0.628368, 0.304772, -0.542352, 0.667127, -0.080563, 0.007536, -0.28277, 0.205596, 0.052522, 0.33458, 0.787619, -0.130164, -0.214584, -0.02543, -0.015379, -0.626216, 0.054133, -0.234836, -0.931182, 0.428555, -0.306093, 0.161426, 0.372585, 0.188955, 0.055521, 0.444844, 0.357094, -0.22399, 0.076586, -0.022508, 0.089463, 0.731107, 0.363978, -0.170087, -0.546478, -0.288112, 0.502611, 0.316644, 0.251408, 0.127955, 0.363093, -0.185344, -0.099011, -0.39553, 0.136267, -0.411239, -0.396836, -0.282343, 0.149123, -0.700458, 0.385108, -0.012291, 0.511572, -0.764252, -0.418748, 0.099887, -0.009495, -0.129319, -0.413134, 0.309307, -0.258362, -0.364656, -0.254315, 0.115197, -0.768101, 0.151975, 0.402164, -0.350315, -0.368729]
[-0.665475, -0.044377, -0.248957, -0.440266, -0.300204, -0.094038, 0.194669, 0.238985, 0.197921, 0.158926, -0.276074, 0.289203, 0.177871, -0.354092, -0.444122, 0.94245, -0.188751, -0.005672, 0.272639, -0.162624, -0.476043, -0.110553, 0.683048, 0.810776, 0.760689, -0.35227, -0.296327, 0.166273, -0.366953, 0.181742, 0.336301, 0.411058, -0.03762, -0.33744, 0.209418, -0.332632, 0.321688, 0.364967, -0.505655, 0.127866, 0.362437, -0.292248, -0.079852, 0.552844, 0.023828, 0.18679, 0.624946, 0.4121, -0.232018, -0.304437, -0.209389, -0.141857, 0.307782, 0.141544, 0.530226, -0.47327, -0.158727, 0.095159, 0.15993, -0.49173, -0.287499, -0.141556, -0.053868, 0.531063, 0.120766, -0.22652, -0.448466, 0.02156, -0.026433, -0.249436, -0.190314, 0.43788, -0.512205, 0.157132, -0.158263, -0.580741, 0.368331, 0.574891, -0.048803, 0.081241, 0.132543, -0.242392, -0.276452, -0.396765, 0.493771, -0.771811, -0.051527, 0.11436, -0.048277, -0.106466]
[-1.14733, -0.1426, 0.007439, -0.306906, -0.320597, 0.106742, 0.078683, 0.408336, 0.06414, -0.01582, -0.438561, -0.463742, -0.555512, -0.348708, -0.555169, 0.940216, -0.29241, -0.17746, 0.439337, 0.17746, 0.207819, 0.519597, 0.281994, 0.192152, 0.344635, -0.326413, -0.12833, -0.230287, -0.576642, -0.014491, 0.331358, 0.056962, -0.077666, -0.3661, 0.32915, -0.228171, 0.578496, 0.092868, -0.54189, 0.464397, 0.176488, 0.16247, -0.057805, 0.267682, -0.106155, -0.012399, 0.001041, 0.305295, -0.42296, 0.125616, -0.402251, 0.08904, -0.195356, -0.023903, 0.560048, -0.393997, -0.500206, -0.731955, 0.041633, -0.387413, 0.066464, 0.34496, 0.074738, 0.517325, 0.54135, -0.361439, -0.549273, -0.002426, -0.123916, -0.441184, -0.144502, 0.717656, -0.21405, -0.078223, -0.086678, -0.531905, 0.134474, 0.799159, 0.354112, 0.219496, 0.051288, 0.044607, -0.175637, 0.151092, 0.19367, -0.549095, -0.329585, 0.115183, -0.288301, -0.273033]
[-0.302694, -0.057997, 0.154662, -0.212455, -0.00632, 0.281356, -0.012778, -0.45166, 0.11864, -0.080116, -0.252572, -0.123294, -0.118019, -0.323756, -0.358198, 0.26278, 0.031041, 0.495334, 0.06345, -0.046296, 0.278956, 0.243663, 0.135606, -0.030212, 0.290327, -0.301491, 0.082358, 0.131179, -0.532574, 0.222675, 0.002045, -0.343777, -0.242544, -0.197306, 0.230975, -0.118666, 0.438251, -0.230209, -0.28504, 0.379157, 0.379741, -0.039184, -0.244763, 0.056079, -0.164661, 0.114098, -0.156678, -0.044717, -0.196171, 0.052368, -0.481785, 0.282139, 0.130722, -0.011669, 0.240186, -0.397307, -0.314002, -0.062835, -0.101954, -0.363811, -0.009281, 0.241527, -0.277564, 0.353177, 0.466501, -0.094082, 0.061617, 0.011641, -0.361498, -0.132601, -0.15462, -0.152846, -0.330087, 0.060206, -0.121956, -0.360337, -0.059732, 0.593977, -0.176886, 0.28721, -0.370592, 0.297653, -0.193319, 0.239196, 0.292486, -0.354567, -0.040482, -0.024781, -0.293633, -0.078391]
[0.141849, 0.027554, -0.055877, -0.073252, -0.019558, 0.064701, 0.112556, 0.11005, -0.070959, -0.058035, 0.154597, 0.105149, -0.10838, -0.043902, -0.184342, 0.098975, 0.171177, 0.201468, -0.242674, 0.120548, -0.307338, -0.049136, 0.027929, -0.093443, 0.030152, 0.197798, -0.073852, 0.062559, -0.013114, -0.235303, 0.173792, 0.106951, -0.190736, -0.20501, 0.023722, -0.259238, 0.127609, 0.074177, 0.088098, 0.012606, -0.164579, -0.117841, 0.076697, 0.127682, -0.143406, -0.012285, -0.063194, -0.15341, 0.12951, -0.174588, -0.074832, 0.138874, -0.05594, -0.184081, -0.039017, 0.102221, -0.04206, -0.266521, -0.197178, -0.121075, -0.032486, -0.030434, -0.046835, -0.168849, 0.110061, -0.212039, -0.061747, -0.202694, -0.119379, 0.050782, 0.214046, 0.053951, 0.186514, 0.167578, -0.04449, 0.135207, 0.031988, -0.168606, -0.013944, -0.254366, -0.003124, 0.066874, -0.066395, 0.143002, -0.136075, -0.085992, -0.147255, 0.09619, -0.022142, 0.033251]
[0.132671, 0.041545, 0.07521, -0.07684, -0.091666, 0.075326, -0.082622, 0.195422, -0.110792, -0.079753, -0.012958, -0.03323, -0.123838, 0.123296, -0.031974, -0.011199, -0.091272, -0.11547, -0.155923, -0.130683, -0.0644, 0.003721, -0.09963, -0.147824, 0.072647, 0.063552, 0.121324, -0.178128, -0.053757, 0.083115, -0.136674, 0.015933, 0.116792, 0.01687, 0.11344, 0.031655, -0.056295, 0.222007, 0.194292, -0.135127, -0.137922, -0.151852, -0.128645, -0.07224, -0.072173, -0.055224, 0.088419, 0.007409, -0.05919, -0.116621, -0.003474, -0.001187, 0.094812, -0.182247, 0.177116, 0.085251, -0.13763, 0.130145, 0.085664, 0.061578, -0.193006, -0.130548, 0.051783, 0.039376, -0.088749, -0.046261, -0.168387, -0.174839, 0.091678, 0.138557, -0.056178, -0.062682, 0.175963, -0.052349, -0.246437, 0.012704, -0.03364, -0.187086, -0.07442, -0.170252, 0.177591, -0.079887, -0.029268, -0.074913, -0.035841, 0.231918, -0.056136, -0.320311, -0.075763, -0.094569]
[-0.099642, -0.114803, -0.014787, 0.010234, -0.098471, 0.177078, -0.187276, -0.000957, 0.077043, -0.169461, 0.116262, 0.147203, 0.049871, -0.097534, 0.194138, 0.089518, 0.189568, 0.104672, 0.014322, -0.199513, -0.03646, -0.002287, 0.104613, 0.050307, 0.168017, 0.121309, 0.018302, -0.162012, -0.155852, 0.038004, -0.091092, -0.117902, 0.002259, 0.078723, 0.112686, -0.126153, 0.031717, 0.068329, 0.040157, -0.096825, -0.140112, 0.184914, -0.032528, -0.101275, 0.106318, 0.005588, 0.109596, -0.122814, -0.007926, 0.072639, -0.03952, -0.099844, -0.005448, -0.047017, 0.138409, -0.182825, 0.017992, 0.10458, -0.075409, 0.10014, -0.102674, -0.178181, -0.019167, -0.137007, -0.019784, 0.077593, -0.088735, -0.227222, 0.113254, -0.157823, -0.087915, 0.177662, -0.090981, 0.072925, 0.103967, 0.231244, -0.1716, -0.204623, 0.027411, 0.149678, 0.113307, 0.209722, 0.004216, 0.001754, -0.220314, -0.082573, -0.006732, -0.254514, -0.036818, 0.037848]
[-0.273506, 0.132864, 0.214685, 0.34092, -0.016361, 0.034693, -0.053467, -0.186665, -0.017551, -0.149984, -0.224978, 0.111454, 0.271323, -0.230796, 0.151046, 0.029662, 0.315342, 0.520761, 0.270938, -0.119668, -0.256223, -0.326828, -0.335564, 0.103883, -0.207407, -0.010592, -0.089565, -0.272276, -0.26745, 0.234467, -0.07656, 0.107586, -0.230694, 0.006105, -0.249001, -0.373931, -0.041206, -0.133589, 0.126529, 0.376126, -0.00586, -0.063366, 0.117379, -0.271177, 0.057887, -0.012955, 0.095864, -0.189202, -0.208606, 0.308101, 0.218538, -0.18983, 0.044223, -0.039038, 0.066131, 0.074271, -0.270991, 0.134187, -0.112157, -0.423808, -0.032483, -0.028477, -0.056784, -0.127781, -0.079262, 0.107739, 0.019714, -0.069585, 0.166287, -0.170226, 0.067272, 0.077863, 0.136619, 0.046796, 0.231498, 0.044261, 0.00309, 0.230702, 0.062931, 0.147217, -0.167734, 0.005711, -0.108731, 0.083897, -0.11428, -0.095878, -0.25163, -0.038373, -0.299029, -0.277222]
[-0.202036, 0.122551, 0.034744, 0.090666, -0.327677, 0.29431, 0.38329, 0.176048, -0.185485, 0.228712, -0.578712, 0.112125, 0.098142, -0.122159, -0.156134, 0.168522, 0.303414, -0.142465, 0.387053, -0.09949, -0.045751, 0.151442, -0.111753, 0.325851, -0.125345, 0.011427, -0.085832, -0.220685, -0.305023, 0.205497, -0.376386, 0.15506, 0.043286, 0.343777, 0.218736, -0.076514, 0.091432, -0.028318, -0.142247, -0.332472, -0.381218, -0.175871, 0.151347, -0.237284, 0.108645, -0.186319, -0.317544, -0.038366, -0.047627, -0.127646, -0.057969, -0.332704, -0.019207, 0.227368, -0.259947, 0.097978, -0.061507, 0.184367, -0.008878, -0.407324, 0.033944, 0.12457, -0.009289, -0.057716, -0.255085, -0.049642, 0.013699, -0.101923, 0.273964, -0.360717, 0.285586, 0.37249, 0.334246, 0.205498, 0.190854, -0.058849, 0.243506, 0.10105, 0.081679, -0.187896, 0.193369, 0.098896, -0.173414, -0.483499, -0.325198, 0.112535, -0.19075, -0.244424, 0.049122, -0.102662]
[0.20415, 0.16247, -0.0514, 0.219152, -0.099543, -0.039143, 0.406543, 0.179825, -0.395365, -0.040879, -0.019805, 0.205318, 0.169504, -0.234192, -0.036701, -0.153079, 0.289044, -0.37384, 0.406747, -0.368291, -0.527461, -0.431977, -0.146895, -0.059105, -0.053669, -0.211632, -0.629353, -0.235444, -0.267049, 0.138961, 0.356681, -0.140909, -0.045804, 0.298953, -0.246124, 0.121884, -0.447139, -0.0306, -0.389512, -0.271746, -0.082434, -0.179386, -0.319929, -0.23197, 0.124684, -0.019542, -0.23418, -0.227416, -0.062074, -0.28137, -0.019048, -0.383354, -0.153598, 0.294172, -0.36161, 0.195458, -0.106427, 0.244341, -0.174089, 0.247726, 0.044635, 0.513989, -0.097686, -0.296033, -0.318919, 0.11657, 0.354331, -0.046226, 0.244807, 0.253865, -0.380283, 0.337345, 0.274975, -0.280061, 0.197737, -0.210625, 0.338961, -0.557865, -0.137925, -0.346484, 0.186039, 0.112422, 0.071093, -0.133557, -0.122964, -0.015487, -0.187194, -0.710023, 0.01239, 0.107054]
[0.354575, -0.040184, 0.416553, 0.526479, -0.19976, -0.40918, -0.141203, -0.129246, 0.014372, -0.072751, 0.018881, 0.054304, 0.217457, -0.211375, 0.427565, -0.33988, 0.233852, 0.160422, 0.034212, -0.363081, -0.696749, -0.947342, -0.373033, -0.155929, 0.512804, 0.075854, -0.067055, -0.468999, 0.21813, -0.10228, 0.335007, -0.071846, 0.264305, 0.160748, 0.127651, -0.365588, -0.274132, -0.00739, 0.08197, -0.229001, 0.459074, 0.560741, -0.315966, 0.30778, -0.133089, -0.398177, 0.633654, 0.071915, -0.288718, 0.003158, 0.110938, -0.220349, -0.048925, 0.008927, -0.400633, 0.18651, -0.302889, 0.041602, -0.28277, 0.164811, -0.044452, -0.030337, 0.202489, -0.43806, -0.184705, 0.128843, 0.168475, -0.407614, 0.487646, -0.243839, -0.435594, 0.08283, -0.052674, -0.072623, 0.044754, 0.237381, 0.154554, -0.173112, -0.030978, -0.154599, 0.085128, 0.26098, 0.241558, -0.001859, 0.059814, 0.282805, 0.492089, 0.197657, -0.175056, -0.192371]
[-0.227727, -0.053285, -0.370346, 0.121632, -0.143731, -0.140969, -0.251288, 0.461966, 0.03756, -0.32015, 0.033987, 0.301496, 0.145429, 0.035431, -0.210371, 0.633307, 0.371451, 0.184172, 0.051411, 0.529756, -0.344145, -0.679651, 0.083579, -0.19771, -0.145888, 0.333542, 0.11274, 0.065051, -0.109304, -0.665325, 0.282233, 0.516052, 0.329871, -0.110494, -0.060438, -0.451905, -0.050025, 0.005413, -0.216979, -0.329963, 0.122921, 0.550412, 0.365808, 0.838074, -0.281362, -0.188709, 0.601129, 0.503338, 0.189121, 0.855917, 0.171745, 0.228015, 0.155348, -0.336252, -0.102406, 0.250106, -0.581018, 0.268322, -0.03207, -0.338722, 0.355167, -0.151745, 0.81718, -0.691539, -0.31889, 0.315712, -0.480935, -0.339965, -0.568596, -0.194102, -0.083154, 0.016471, 0.052785, -0.073261, -0.762175, 0.246669, 0.125334, 0.03214, 0.18578, -0.686604, 0.19551, -0.077224, -0.047914, 0.247185, 0.30219, -0.515237, 0.044842, 0.719052, -0.779688, -0.497954]
[0.148584, -0.21303, 0.136442, -0.521685, -0.082955, -0.001301, 0.379519, -0.618303, 0.103462, 0.107657, 0.246559, 0.273458, 0.296357, -0.373844, 0.137984, 0.357514, 0.22384, 0.009666, -0.182938, 0.074819, -0.656087, -0.541228, -0.561826, -0.351969, 0.58865, -0.004955, -0.514414, 1.470063, -0.048514, -0.277183, 0.30193, 0.204823, 0.033175, -0.458447, -0.125755, 0.057177, -0.58503, 0.32606, -0.724624, -0.34168, 0.235931, -0.689494, -0.479697, 0.841665, -0.417426, -0.341129, 0.060466, 0.604043, 0.031941, -0.236834, -0.377853, 0.27822, 0.087891, -0.098772, -0.124858, -0.162699, -0.409369, 0.006491, 0.035503, 0.375473, 0.528194, 0.045536, -0.350715, -0.075051, -0.260934, -0.284612, -0.338446, -0.119937, -0.253419, 0.072745, -0.747266, -0.306433, 0.007615, 0.605499, -0.694296, -0.573158, 0.043875, 0.215482, -0.406067, -0.337496, 0.129737, 0.05432, -0.497037, -0.098315, 0.592102, -0.008038, -0.016262, 0.05967, -0.172818, 0.310347]
[-0.516839, -0.245856, -0.389492, -0.442851, -0.297908, 0.426694, 0.480433, -0.131161, -0.089143, 0.353622, -0.42347, 0.525674, -0.472363, -0.442524, -0.377448, 0.809097, 0.571387, -0.107841, 0.342075, 0.764272, -0.450653, -0.354145, 0.318943, -0.264775, 0.763579, -0.472658, -0.197322, 0.523656, 0.006419, -0.014306, 0.004868, 0.729272, 0.193831, 0.076706, 0.12529, 0.027528, -0.090089, 0.249467, -0.108427, -0.074187, 0.041521, -0.717104, 0.27724, 0.707274, 0.310466, -0.353451, -0.42594, 0.61699, -0.103259, -0.165128, -0.501041, 0.211059, 0.190203, -0.050384, 0.331518, -0.453499, -0.762587, -0.066889, 0.229666, 0.017151, 0.319999, -0.31909, -0.219404, -0.146362, -0.136972, -0.401006, -0.553107, 0.20686, -0.338051, -0.059887, 0.354285, 0.564757, 0.252856, 0.085109, -0.425884, -0.400015, 0.214491, 0.108839, -0.315934, -0.013421, 0.021336, -0.333827, -0.297333, -0.400797, -0.262139, -0.743411, -0.210556, 0.301875, -0.322582, 0.194155]
[-0.460724, -0.117885, 0.402345, -0.00857, -0.17857, 0.169059, 0.033336, 0.305041, 0.06914, 0.181405, -0.252183, -0.054862, 0.071141, -0.2949, -0.101072, 0.664349, 0.191138, -0.215172, 0.0425, 0.102016, 0.099344, 0.081651, -0.024515, 0.360244, 0.418566, -0.178575, 0.105521, 0.034193, -0.165618, 0.291581, -0.073876, 0.319029, -0.398186, 0.126939, 0.150638, 0.099505, 0.219677, 0.174538, -0.247647, 0.052569, 0.247701, 0.410023, -0.179974, 0.218982, 0.237837, -0.113849, -0.042124, 0.133124, -0.419851, -0.194222, -0.231023, 0.198341, -0.112695, -0.195271, 0.576235, -0.413069, -0.098316, -0.247317, 0.287125, -0.168554, -0.489751, 0.069702, -0.035622, 0.204886, 0.418684, -0.258287, -0.076985, 0.225418, 0.253434, -0.505583, 0.358189, 0.313443, 0.048682, -0.302161, -0.013812, -0.103447, -0.115819, 0.061716, 0.047545, -0.003713, -0.126911, -0.122275, -0.146242, -0.010589, 0.350394, -0.238899, -0.037807, 0.32264, 0.233973, 0.045646]
[-0.330436, -0.067378, -0.075725, 0.056205, 0.000975, -0.093381, 0.089829, -0.136605, 0.337059, -0.015319, -0.096657, -0.259342, 0.39752, -0.020428, -0.162367, 0.428916, 0.026355, 0.285855, 0.159666, -0.149263, 0.263515, 0.182622, -0.0858, 0.440998, 0.128571, -0.286701, -0.108331, 0.304151, -0.477768, 0.243101, 0.071024, -0.494492, -0.299792, -0.071268, 0.068837, -0.043354, 0.252727, 0.050938, -0.220565, 0.251002, 0.344091, 0.090047, -0.402073, -0.023895, 0.055675, 0.171298, -0.15537, 0.145905, -0.377455, -0.10777, -0.19641, 0.291918, 0.241946, -0.104882, 0.164839, -0.126253, 0.135258, -0.069539, -0.182393, -0.554975, -0.149364, 0.176456, -0.110966, 0.415926, 0.180853, -0.311147, -0.013597, 0.004339, -0.312693, 0.157314, -0.002364, 0.119596, -0.505806, -0.058474, 0.183077, -0.31781, 0.216829, 0.697557, 0.029436, 0.255228, -0.436445, -0.060127, -0.204143, -0.071799, 0.548752, -0.207451, -0.381123, -0.115385, 0.170561, -0.009219]
[-0.135484, -0.111093, -0.090051, -0.124133, -0.015385, -0.023187, -0.059219, 0.086783, -0.002967, 0.0954, 0.065689, 0.102181, 0.165736, 0.043114, -0.057378, 0.054176, -0.032947, 0.046796, -0.18978, -0.179578, -0.032646, 0.030986, -0.048847, -0.110271, -0.13401, 0.114036, 0.095598, -0.108197, 0.031551, -0.099545, -0.062783, -0.095266, 0.07813, -0.168441, -0.133382, 0.062946, 0.121092, 0.014055, 0.015387, 0.170486, -0.103271, 0.075984, -0.145166, 0.015469, -0.117815, 0.099388, -0.046049, -0.015349, 0.00766, -0.043038, -0.016901, 0.06898, 0.120563, -0.065981, -0.035636, -0.122671, 0.055345, -0.063481, 0.033929, -0.166852, -0.057871, 0.084773, -0.186002, -0.128562, 0.157382, 0.146658, -0.266013, -0.164752, 0.078179, 0.179917, 0.014872, 0.208823, -0.053513, -0.012812, -0.149561, 0.17649, -0.256682, -0.148847, -0.060578, 0.076776, -0.161525, -0.0197, -0.132729, -0.055705, -0.119857, -0.085375, -0.190953, -0.076376, -0.163643, -0.172411]
[-0.000635, -0.101051, 0.029577, -0.327597, 0.136491, 0.00737, -0.112211, -0.014199, 0.073361, -0.052173, -0.048398, 0.040071, 0.133737, -0.145866, -0.03824, -0.146225, -0.05466, 0.001966, -0.290656, -0.026979, -0.035995, 0.02039, 0.004606, 0.128049, 0.068309, 0.080324, 0.142348, -0.117434, 0.218644, -0.187296, -0.168144, -0.162956, 0.194506, 0.12031, -0.064207, 0.033908, 0.052299, 0.163572, 0.055433, -0.118008, -0.009139, -0.045784, 0.129462, 0.145897, 0.014448, 0.062601, -0.036122, -0.130917, 0.105075, -0.09157, 0.078467, 0.05859, 0.133516, 0.131945, -0.036458, -0.168697, -0.213466, 0.082744, 0.149606, -0.141516, -0.158095, -0.168344, -0.052583, 0.009745, 0.04893, -0.029478, -0.148067, -0.287048, 0.054222, 0.080921, 0.116311, 0.009677, 0.142146, 0.015972, -0.216364, 0.059687, -0.228643, -0.166978, 0.208735, 0.117406, 0.06945, -0.131997, -0.039542, 0.09326, -0.193625, 0.20485, -0.08871, -0.20561, 0.065376, 0.129972]
[-0.072721, 0.004036, 0.079071, -0.104629, 0.043976, 0.028853, 0.000863, 0.146074, 0.232073, 0.019541, 0.040282, 0.154088, 0.153288, -0.008464, 0.010322, -0.228891, 0.0726, 0.05644, -0.03103, 0.016543, -0.385975, -0.208083, -0.261093, -0.073337, -0.155476, -0.100363, 0.018574, -0.182577, -0.22489, -0.140771, 0.021428, -0.15644, -0.170065, 0.117264, 0.088541, -0.188419, 0.015942, -0.151013, 0.165004, 0.228349, -0.057997, 0.23801, 0.1367, -0.157097, -0.156534, -0.037801, 0.022408, 0.087478, 0.152808, -0.083975, 0.029461, -0.041937, 0.202038, -0.039713, -0.107662, -0.01626, -0.009882, -0.030304, 0.009471, -0.099717, 0.085965, 0.053407, -0.202906, 0.071667, -0.18107, -0.118772, 0.194862, -0.114368, 0.091427, 0.040408, 0.097591, -0.048897, -0.193198, 0.007028, 0.027038, 0.103584, -0.03378, -0.127143, 0.157537, 0.008534, -0.150407, 0.044711, -0.104085, -0.065347, 0.064168, 0.103203, 0.064263, 0.066307, 0.03685, 0.165819]
[-0.395427, 0.254202, 0.211343, -0.268672, 0.451631, 0.320744, 0.089363, 0.06691, -0.124209, 0.059433, 0.092976, -0.047206, 0.06106, -0.261464, 0.324465, -0.075872, -0.381677, 0.410493, 0.62362, 0.445519, -0.550325, -0.067115, -0.888172, -0.356514, -0.164143, -0.105018, 0.044319, -0.24469, 0.11332, -0.268184, -0.015501, -0.065293, -0.527465, 0.274904, -0.171466, -0.472711, -0.347402, -0.253075, 0.236152, 0.054369, -0.185919, 0.159759, -0.04309, -0.449898, 0.556341, -0.308221, 0.104814, 0.077974, 0.187912, -0.094377, 0.377427, 0.244896, 0.264422, 0.203996, -0.038754, 0.043517, 0.189514, -0.238541, -0.061703, 0.002308, 0.265175, -0.24882, -0.303116, -0.396664, -0.298313, -0.84278, 0.457056, -0.413366, -0.003946, -0.393276, 0.233725, 0.036258, -0.064858, 0.273121, 0.071901, 0.014634, 0.578399, -0.005032, -0.011395, 0.250212, -0.102649, 0.185885, -0.349209, -0.264693, -0.496433, -0.203004, -0.026873, 0.138068, -0.231537, 0.743626]
[-0.102554, -0.139316, 0.412116, -0.745322, 0.483209, 0.201676, 0.373858, 0.473875, 0.170416, 0.493278, 0.03883, -0.060223, -0.483343, -0.337855, 0.247352, -0.036693, -0.336381, 0.490642, 0.715019, 0.350075, -0.188023, -0.004659, -0.622203, -0.311968, 0.32798, 0.373935, 0.325301, -0.495315, 0.279737, -0.238447, -0.228559, 0.20355, -0.175791, 0.144063, 0.467701, -0.531308, -0.41469, 0.00014, 0.315477, -0.169702, -0.563747, 0.387282, -0.176525, -0.118719, 0.721671, -0.260893, 0.000868, -0.020435, 0.763054, -0.14384, 0.001052, 0.256715, 0.108794, 0.014889, 0.109816, -0.277754, 0.02438, -0.661272, 0.204463, -0.206999, -0.440816, 0.035099, -0.750993, 0.260026, -0.110204, -1.032619, 0.087132, -0.118559, 0.38585, 0.364973, 0.354935, -0.212715, 0.448489, 0.318882, 0.371655, 0.269169, 0.434455, 0.068501, 0.452364, 0.053615, 0.211443, -0.086976, 0.041953, -0.560377, -0.4999, 0.276326, 0.092664, -0.321487, 0.642866, 1.158736]
[0.351881, 0.204271, 0.13869, -0.024861, -0.155393, 0.584495, 0.091076, 0.016914, 0.304176, 0.214331, 0.027369, 0.337482, 0.185046, -0.483081, 0.429118, -0.261884, 0.277259, 0.19452, 0.083998, -0.231368, -0.123407, -0.238475, -0.373313, -0.145743, 0.431273, -0.142615, -0.023209, -0.290347, 0.073883, 0.178024, -0.13239, 0.050189, -0.03881, -0.06171, -0.201891, -0.187316, -0.107389, -0.120769, 0.200102, -0.205423, -0.159474, -0.202297, -0.466365, -0.304202, -0.122889, 0.217098, -0.26316, 0.009056, -0.047995, -0.666891, -0.191581, -0.15548, 0.022591, 0.424239, -0.278431, -0.05382, -0.110045, 0.080589, -0.219827, 0.08859, -0.148481, 0.050451, -0.354496, 0.33622, 0.082231, -0.18553, 0.170896, -0.001804, 0.502136, 0.636033, 0.04053, -0.010402, 0.226179, 0.688146, 0.101574, 0.084693, -0.058136, 0.148806, 0.02543, 0.49262, -0.107283, -0.010548, 0.009631, -0.443871, -0.226381, 0.16856, -0.060876, -0.554327, 0.510216, 0.387441]
[0.072342, -0.16483, 0.541549, -0.040129, 0.054094, 0.082116, -0.600798, 0.620355, 0.216533, 0.158091, 0.160105, -0.179225, 0.013817, 0.37563, 0.124121, -0.605869, 0.042373, -0.094472, -0.167135, 0.636498, 0.324451, -0.181184, 0.090759, 0.137197, -0.046627, 0.278951, 0.04028, -0.406608, 0.240764, -0.029324, -0.041179, -0.156073, 0.59853, 0.075612, 0.165155, 0.015357, 0.014361, 0.762845, 0.145169, 0.601665, 0.203097, 0.338739, 0.05442, -0.069885, -0.528384, 0.107405, 0.016426, -0.063037, -0.187317, -0.093257, -0.096456, 0.182308, 0.021816, 0.224271, -0.198258, 0.449112, -0.260623, 0.038763, 0.304691, -0.269243, -0.462468, -0.201983, 0.39283, -0.170138, 0.653435, 0.032683, -0.118006, 0.180914, 0.395078, 0.292775, 0.290623, -0.309784, -0.565886, -0.020124, 0.344102, 0.221087, -0.549412, 0.012042, 0.015662, 0.192887, -0.439118, 0.010696, 0.39121, 0.022631, -0.74469, 0.477388, 0.294801, -0.466399, -0.411399, -0.222993]
[-0.14101, -0.398275, -0.461338, -0.741394, -0.197583, -0.262684, -0.472438, 0.005908, 0.714183, -0.187849, 0.33745, -0.144155, -0.169804, 0.813145, -0.351741, 0.060628, 0.298393, 0.087022, -0.203237, 0.488636, -0.079602, 0.100008, 0.322013, -0.218801, -0.336332, 0.092717, 0.058128, 0.094632, -0.250288, -0.467931, 0.441615, 0.048488, 0.718592, -0.340413, 0.272576, -0.052806, -0.066791, 1.070715, -0.476191, 0.251827, -0.297698, 0.002358, 0.395269, -0.289232, -0.372049, -0.036203, -0.446676, 0.133826, -0.232096, 0.160142, -0.365703, 1.215935, -0.219964, -0.011124, 0.102596, 0.170775, -0.214572, -0.021953, 0.590756, -1.00504, 0.059787, -0.411066, 0.900468, -0.542472, 0.668353, -0.029066, -0.216749, 0.54926, -0.609281, 0.121752, -0.091693, -0.114699, -0.454738, -0.060959, 0.227539, 0.075942, -0.325838, 0.047076, 0.035766, -0.006086, -0.325907, 0.207843, -0.010309, -0.161818, -0.636838, -0.050757, -0.077208, 0.19315, -0.505565, -0.060015]
[-0.184763, -0.570884, 0.141511, -0.531712, 0.055338, 0.250361, -0.294217, 0.330212, 0.142087, 0.355209, 0.319208, 0.254296, -0.358592, 0.328208, 0.261717, -0.065399, 0.177822, -0.289436, -0.316987, 0.579027, -0.447197, 0.318114, -0.626413, -0.3639, -0.175527, 0.036249, 0.119929, 0.373874, -0.31061, -0.242184, 0.122859, 0.538313, 0.252621, 0.106621, 0.297104, 0.044936, -0.302396, 1.242425, -0.186272, 0.099892, -0.262028, -0.28182, 0.300124, 0.006762, 0.017784, -0.532654, -0.424095, 0.315312, 0.023523, 0.128098, -0.391107, 0.676688, -0.088938, 0.27714, -0.061239, 0.383501, -0.48175, -0.204167, 0.27991, -0.03674, -0.024816, -0.365421, 0.097334, -0.257721, 0.596298, -0.225435, 0.257151, 0.949721, 0.224389, -0.163297, 0.007461, 0.121826, -0.016157, 0.144656, 0.519347, -0.09441, -0.140819, -0.082173, -0.146919, -0.089438, 0.61415, 0.078848, -0.300128, -0.096708, -0.54521, 0.003643, 0.144184, -0.114451, -0.082241, 0.400179]
[-0.130017, -0.238196, -0.097079, 0.000455, -0.178664, 0.065979, 0.045611, -0.119493, -0.388024, 0.549661, 0.058083, 0.290757, 0.066524, -0.307462, -0.173304, 0.520925, 0.398244, 0.040074, -0.139295, 0.381537, 0.269631, -0.610787, -0.029318, 0.252406, 0.038081, -0.042592, -0.217901, 0.087336, 0.160417, 0.358887, 0.189878, 0.881527, -0.335448, 0.155524, 0.086927, -0.22457, -0.431737, 0.865578, 0.187264, 0.05498, 0.448713, -0.410044, 0.173761, 0.195631, 0.097023, -0.219813, -0.449865, 0.654596, -0.359072, 0.190236, -0.314123, 0.250709, 0.22853, 0.102141, 0.304065, 0.150925, -0.600222, -0.152499, 0.329086, -0.425319, -0.558592, -0.342091, 0.580498, -0.35707, 0.12369, -0.229694, -0.378379, 0.538799, 0.158277, 0.235988, 0.481983, 0.411294, 0.185059, 0.039247, -0.194944, -0.13967, -0.116812, -0.272302, -0.140095, 0.136651, -0.156616, -0.723145, -0.193312, -0.385543, -0.406135, -0.387628, -0.101115, 0.368061, -0.504918, 0.134805]
[-0.238236, 0.022346, 0.182836, 0.044229, -0.121255, 0.132054, 0.33966, -0.167027, -0.337497, 0.222946, -0.089228, 0.106116, -0.005194, -0.671479, -0.067425, 0.223117, 0.405945, -0.244711, 0.102605, 0.50597, 0.194168, -0.867548, -0.617365, 0.42267, 0.216503, -0.134695, -0.028436, -0.049827, 0.209458, 0.112213, -0.268814, 0.872294, -0.37041, 0.50338, -0.058109, -0.078831, -0.461893, 0.630906, -0.013543, -0.214446, 0.334113, -0.268636, 0.039695, -0.148991, 0.314379, -0.149582, -0.237552, 0.360087, -0.285661, 0.251154, -0.173351, 0.077608, -0.07902, -0.244691, 0.101007, -0.23698, -0.129103, -0.020957, -0.033912, 0.029486, 0.050285, -0.389918, 0.069569, 0.01701, -0.185043, -0.312113, -0.40441, 0.355488, -0.009234, -0.598836, 0.627635, 0.398052, 0.674199, 0.095687, -0.287342, 0.010592, -0.234424, -0.230653, 0.03921, -0.142572, 0.217833, -0.320985, -0.229136, -0.428723, -0.22405, -0.5238, -0.109749, 0.787176, -0.242868, 0.193076]
[-0.505731, 0.349962, -0.085743, 0.328562, -0.067444, 0.055734, 0.108333, 0.531493, -0.181957, -0.203711, -0.09273, 0.058018, 0.307242, -0.272939, -0.1556, 0.391376, -0.027733, -0.226055, 0.076684, 0.323037, 0.073908, -0.6686, -0.186675, 0.002151, -0.209914, 0.120874, -0.087031, -0.38234, 0.300964, 0.267969, -0.065962, 0.916577, -0.265452, 0.074269, -0.245553, -0.144941, -0.051022, 0.577212, 0.380875, -0.186257, -0.094235, 0.000776, 0.354407, 0.097389, 0.28747, -0.181789, 0.179256, 0.38681, -0.302303, 0.514343, 0.113685, -0.189478, -0.018155, -0.170611, 0.324318, -0.017798, -0.166778, 0.101993, -0.124563, 0.052283, -0.089613, 0.033695, 0.327451, -0.187146, 0.040087, 0.080753, -0.330368, -0.051578, -0.002041, -0.406697, 0.191809, 0.360991, 0.229089, 0.185839, 0.027969, 0.19113, -0.104273, -0.303088, 0.504177, -0.087202, 0.277885, -0.282067, -0.347076, -0.073556, -0.133321, -0.461901, -0.275723, 0.330038, -0.006726, -0.128473]
[0.123719, 0.085439, -0.012216, -0.001111, -0.05366, 0.05251, 0.018652, -0.060228, 0.145953, -0.076636, -0.079036, 0.098581, 0.260734, -0.159877, 0.040451, -0.237027, -0.037135, 0.010233, -0.119267, -0.028756, 0.038555, -0.04001, -0.068863, -0.28472, -0.067177, -0.067593, -0.014873, 0.006159, 0.085108, 0.140311, 0.009015, 0.000774, -0.022565, 0.01066, -0.347876, -0.188697, -0.020904, -0.204864, 0.228775, 0.051038, 0.045743, 0.044865, 0.120263, -0.152946, 0.164641, -0.06694, -0.041539, 0.001178, 0.002924, -0.12643, 0.067935, 0.011175, 0.071908, -0.174101, 0.108807, 0.154354, -0.046976, 0.054195, -0.149982, 0.096955, 0.107468, 0.023119, -0.103163, -0.108947, -0.238888, -0.196885, -0.06723, -0.215391, 0.037369, -0.070634, -0.007069, 0.150736, 0.031458, 0.05847, -0.248485, 0.204542, -0.176427, -0.030427, 0.166439, 0.055947, 0.076405, 0.013192, 0.073241, -0.218892, 0.104916, 0.170452, -0.131444, 0.031324, -0.065913, 0.014145]
[0.209684, -0.06925, -0.071951, -0.074751, -0.041831, -0.062398, -0.235391, 0.052116, -0.115593, 0.124375, 0.122021, 0.065135, 0.10348, -0.086991, -0.110776, -0.096059, 0.167874, 0.123342, -0.091473, -0.204874, -0.089095, -0.03321, -0.102928, -0.024179, 0.057475, 0.115419, -0.000798, -0.149679, 0.184768, -0.202131, 0.016609, 0.118492, -0.034879, -0.078285, -0.119035, 0.016538, -0.081789, 0.044335, -0.049702, -0.144671, 0.064775, -0.077371, 0.034315, -0.129734, 0.04035, 0.010808, 0.106942, -0.159509, 0.084696, -0.080835, -0.079965, -0.125442, 0.155972, -0.018154, -0.01461, -0.154424, -0.224127, 0.119794, -0.163285, -0.008194, -0.300944, -0.160371, 0.062657, -0.115325, 0.002841, 0.08916, -0.204643, 0.024147, 0.000528, 0.215348, 0.076695, 0.078431, -0.017817, -0.181681, -0.128528, 0.25251, 0.000372, -0.093563, 0.090655, 0.011446, 0.099377, -0.103461, 0.123931, 0.021821, 0.079196, 0.132408, -0.249808, -0.317061, -0.094609, -0.095433]
[-0.057685, 0.100117, 0.073546, 0.031763, -0.014189, -0.113834, 0.003324, 0.056903, 0.10107, -0.144232, 0.185787, -0.129322, -0.024262, 0.112825, 0.177968, 0.002719, -0.108571, 0.11831, 0.033511, 0.02861, -0.301829, -0.095595, -0.076042, 0.046176, -0.153471, -0.085264, 0.111323, 0.060972, -0.049508, -0.110404, 0.020896, -0.096289, -0.201165, -0.030945, 0.013202, -0.224726, -0.072419, -0.113467, 0.161978, 0.107883, -0.004263, 0.173164, -0.067199, -0.181736, -0.117771, 0.062442, 0.082262, 0.047522, 0.070164, 0.006694, 0.063514, 0.017782, 0.207723, -0.211895, 0.093933, -0.105725, 0.086877, 0.101335, 0.021798, -0.028283, -0.209215, -0.011093, -0.057034, -0.130975, 0.081892, -0.266885, -0.014989, -0.1854, -0.044428, 0.025326, 0.190036, 0.271767, -0.106942, -0.090881, -0.018898, 0.309303, 0.11213, -0.079679, -0.017071, 0.134842, 0.033581, 0.102814, 0.118946, -0.02762, -0.002318, 0.042477, -0.16229, -0.141594, -0.189016, 0.087362]
[0.005004, 0.050766, -0.047075, -0.357448, 0.320112, -0.156069, -0.085303, 0.143547, -0.111285, -0.028456, 0.097745, -0.096418, 0.155286, -0.21906, 0.183545, -0.328083, -0.221752, 0.110336, 0.091264, 0.109532, -0.429367, -0.160093, -0.242435, 0.226112, -0.15725, 0.088828, 0.047749, 0.004112, 0.06739, -0.177197, -0.010579, -0.335171, -0.343341, -0.020477, -0.086387, -0.565512, -0.339143, 0.033091, 0.276555, 0.362363, -0.136403, 0.344698, 0.029881, -0.159338, 0.155392, -0.103299, -0.062029, 0.106662, 0.142203, -0.277383, 0.073221, -0.149663, 0.058954, 0.04937, -0.129769, -0.174286, -0.100716, -0.167583, 0.078274, -0.405217, -0.237238, -0.10047, -0.143342, -0.326297, -0.317229, -0.454901, 0.182381, -0.298975, 0.187134, -0.133199, 0.192184, -0.036643, -0.154489, 0.063605, -0.038551, 0.30556, 0.066638, -0.144621, -0.043677, -0.13846, -0.055509, -0.194387, 0.212528, -0.335134, -0.254512, -0.367844, -0.116356, -0.146619, -0.165716, 0.353288]
[-0.529066, -0.185849, -0.035723, -0.349504, 0.487323, 0.284406, 0.411875, 0.307963, 0.144596, 0.274902, 0.309555, -0.106744, -0.651213, -0.370563, 0.385296, 0.156471, -0.393986, 0.592301, 0.068759, 0.432048, -0.117364, 0.088468, -0.620241, -0.289822, 0.328403, -0.182539, 0.259751, -0.609099, 0.096954, -0.230378, 0.06198, 0.031927, -0.134571, -0.378492, 0.110192, -0.482345, -0.188877, 0.027849, 0.268264, -0.110441, -0.304546, 0.026613, 0.149999, 0.054953, 0.988727, -0.128158, 0.233064, 0.089597, 0.549531, -0.061072, 0.076878, -0.048108, 0.098815, 0.453604, -0.094326, -0.514652, 0.141128, -0.440269, -0.288642, -0.254248, -0.049941, 0.053383, -0.460939, 0.180594, -0.146751, -0.948629, 0.092961, -0.332791, -0.112274, -0.244694, -0.007776, 0.000795, 0.044666, 0.179368, -0.316184, 0.103522, 0.032847, -0.060532, 0.185501, -0.020544, 0.191729, -0.092227, -0.222988, 0.169959, 0.13255, -0.400937, -0.014569, -0.049716, 0.224232, 0.871382]
[0.338271, -0.02222, -0.343803, -0.406401, 0.192503, 0.528899, 0.372291, -0.046647, 0.300276, 0.289962, 0.365007, 0.007059, -0.194496, -0.230429, 0.523287, -0.180368, -0.355237, 0.237326, 0.281024, -0.230765, 0.063646, 0.21345, 0.039901, 0.09581, 0.170781, -0.059871, 0.341686, -0.06206, -0.098721, 0.032216, -0.318911, -0.256199, -0.197666, -0.172786, -0.107969, -0.139376, 0.18813, -0.208459, 0.047535, 0.21539, -0.050875, -0.540697, -0.219205, -0.419146, 0.362431, 0.260091, -0.045068, 0.02275, 0.037849, -0.319783, 0.234226, 0.084711, 0.06906, 0.316494, -0.14668, -0.051735, 0.167671, 0.097365, 0.113531, -0.396177, 0.106675, 0.04243, -0.39612, 0.372214, -0.087394, -0.606447, 0.147486, 0.128191, -0.06215, 0.225899, -0.349464, 0.010957, 0.244766, 0.395966, -0.052422, 0.059568, 0.479131, 0.159829, 0.09066, 0.558222, 0.057532, 0.294264, -0.117786, -0.384357, -0.088295, 0.257794, 0.142889, -0.651701, 0.427264, 0.370826]
[0.62717, -0.191622, -0.106984, -0.421183, 0.136485, 0.201802, -0.118323, -0.043778, 0.166682, 0.119536, 0.301839, 0.253336, -0.081986, -0.075995, 0.102274, -0.502303, -0.179343, -0.106455, -0.152577, -0.463065, 0.337022, 0.202723, -0.113523, 0.184618, 0.323263, 0.136049, 0.031845, 0.636825, 0.235851, 0.390722, 0.103673, -0.659335, 0.129163, 0.068124, 0.380783, 0.103061, -0.09216, 0.556937, -0.624116, 0.413341, 0.298908, -1.119393, -0.481009, -0.566759, -0.234932, 0.649068, 0.041615, -0.41199, -0.010802, -0.249405, -0.02688, 0.051755, 0.565209, 0.244316, 0.176505, 0.216717, 0.124364, 0.092254, 0.381666, 0.071009, 0.138799, 0.236153, -0.287093, 0.489943, -0.033817, -0.020687, -0.174557, 0.475414, 0.121178, 0.325723, -0.313827, 0.039153, -0.458859, -0.069178, 0.060039, -0.177085, -0.220486, 0.361128, -0.063351, 0.364591, -0.651323, -0.103656, 0.257622, -0.113198, -0.003993, 0.497396, 0.074502, -0.588971, 0.314367, 0.069567]
[-0.306952, -0.608851, -0.145132, -0.349994, -0.045899, -0.544497, -1.20816, 0.564113, 0.35824, -0.307639, 0.383616, -0.158953, 0.199005, 1.068864, -0.114301, -0.115052, -0.095854, -0.153313, -0.510282, 0.143461, 0.013971, 0.342164, 0.265685, 0.341039, -0.621828, -0.166606, -0.084381, -0.294238, -0.873713, -0.228797, 0.130748, 0.052575, 0.239465, -0.48085, 0.316109, 0.150407, 0.113213, 0.86413, -0.648513, 1.281652, 0.103387, 0.103337, 0.060142, -0.350558, -0.247532, 0.084786, 0.170811, -0.215333, -0.106299, 0.182884, -0.357688, 1.083663, 0.108343, 0.151351, -0.168008, 0.437498, -0.087743, -0.175553, 0.188651, -0.643269, 0.185226, -0.258079, 0.47948, 0.067322, 1.844224, 0.483016, 0.198467, 0.862544, -0.168526, 0.175031, -0.234171, 0.03884, -0.832717, -0.31275, 0.537849, -0.232636, 0.014592, 0.009074, 0.702237, 0.26369, -0.161882, 0.005673, 0.159585, 0.213236, -0.273215, 0.218792, 0.175194, -0.468238, 0.114609, -0.539512]
[-0.209328, -0.568963, 0.059548, -0.518478, -0.315589, -0.120248, -0.997278, 0.517704, 0.168213, 0.250986, 0.444939, 0.24696, -0.267092, 0.679357, -0.079957, 0.16473, 0.505622, -0.24909, -0.268413, 1.007117, -0.418629, 0.02929, 0.25478, -0.119571, -0.41477, -0.302321, 0.144252, -0.462354, -0.366283, -0.284925, 0.001853, 0.471358, 0.621411, -0.280489, 0.803095, -0.050995, -0.018822, 1.227464, 0.062502, -0.070867, -0.383673, 0.458451, 0.611275, -0.010902, -0.217494, -0.339992, -0.502877, 0.376548, 0.241474, 0.077996, -0.728406, 0.590705, -0.054604, 0.197525, 0.106337, -0.117668, -0.766203, -0.179595, 0.176629, -0.958678, -1.059368, -0.769952, 0.943791, -1.057054, 0.781937, 0.172934, -0.132963, 0.259955, 0.170965, 0.457164, 0.253329, 0.051972, -0.149024, -0.070228, 0.406774, 0.299912, 0.044322, -0.337663, 0.558867, -0.275976, -0.191511, 0.064135, 0.282443, 0.018885, -1.046296, -0.207421, 0.448945, 0.077859, -0.681562, -0.29137]
[-0.559165, 0.076525, 0.170487, 0.220336, -0.290964, 0.085707, -0.233026, -0.266909, 0.272855, -0.067645, -0.347916, 0.060218, -0.063058, 0.256721, -0.285696, 0.738607, 0.550906, -0.386746, -0.156623, 0.4487, 0.096854, -0.11295, 0.061619, 0.061218, 0.373268, -0.189578, 0.127352, 0.105994, -0.612218, 0.217716, -0.023096, 1.119546, 0.167322, 0.46493, 0.254239, 0.438854, -0.517662, 0.677528, -0.106496, -0.246213, -0.083111, 0.152763, 0.184552, 0.095877, 0.160488, -0.169516, -0.919183, 0.468835, -0.724879, -0.076994, -0.15738, 0.412699, -0.451337, -0.595538, 0.315394, 0.217565, -0.243467, -0.455831, 0.332765, -0.522072, -0.265591, -0.394221, 0.434843, -0.327521, 0.265542, 0.126212, 0.201021, 0.526439, 0.277547, -0.085047, -0.047397, 0.116388, 0.255713, 0.360215, 0.661924, -0.041655, 0.060739, -0.561602, 0.095537, -0.36459, 0.494776, -0.359419, -0.138944, -0.707964, -0.722724, -0.622113, 0.066388, -0.048566, 0.271649, -0.071238]
[0.008641, 0.104554, 0.035374, 0.211482, -0.036949, 0.080523, 0.565533, -0.007866, -0.283223, 0.08546, -0.212947, 0.42486, -0.257617, -0.259247, -0.278492, 0.417783, 0.221381, -0.69233, 0.067328, 0.297318, -0.306976, -0.766548, -0.551655, -0.435737, 0.463542, -0.305141, -0.092264, -0.207888, 0.458134, -0.425667, -0.376535, 1.082413, 0.220582, 0.40694, -0.558426, 0.491484, -0.384054, 0.416052, 0.356822, -0.612946, -0.040291, -0.128676, 0.182384, 0.332831, 0.321267, -0.259058, -0.541367, 0.330653, -0.463492, 0.033573, 0.265648, 0.163582, -0.454122, -0.25088, -0.103904, 0.08355, -0.189144, -0.38748, 0.460229, 0.624913, 0.364579, -0.325044, 0.232767, -0.837218, -0.271469, -0.235253, -0.322258, 0.189012, 0.194656, -0.748233, 0.173777, 0.215009, 0.936147, 0.309509, 0.047315, 0.197371, -0.269859, -1.106006, -0.052272, -0.545364, 0.742464, -0.732625, -0.337566, -0.654679, -0.54621, -0.542354, -0.214837, -0.049963, -0.183911, 0.744587]
[-0.187523, 0.086677, 0.134124, 0.276803, 0.046127, 0.105343, 0.033091, 0.22707, 0.106222, -0.028252, -0.1695, 0.263143, 0.267135, -0.234646, -0.208625, 0.080324, 0.143901, -0.204329, -0.016991, 0.075446, -0.152293, -0.522599, -0.158642, -0.104057, -0.033301, -0.031928, 0.252918, -0.169906, 0.224323, -0.384237, -0.150015, 0.385103, -0.032344, 0.167945, -0.135111, -0.006182, -0.247166, 0.116331, 0.240872, -0.032215, -0.055806, -0.092146, 0.227085, 0.203357, 0.126557, -0.342681, 0.064306, 0.294634, 0.162778, 0.047534, 0.151088, 0.019445, -0.078423, -0.210654, 0.309553, 0.082631, -0.13677, -0.165693, -0.010834, 0.131307, -0.131309, 0.131819, 0.062575, -0.381631, -0.126526, 0.293164, -0.094373, -0.050917, -0.092975, -0.383163, 0.157039, 0.087598, 0.297268, 0.427523, -0.197471, 0.134376, -0.387846, -0.728567, -0.011092, -0.579636, 0.42728, -0.003809, -0.026748, -0.398632, -0.183088, -0.208744, -0.015509, 0.224622, -0.124496, 0.333808]
[0.228656, 0.007654, -0.138582, -0.03715, 0.254532, -0.119806, -0.175367, 0.032879, 0.056096, 0.02169, 0.067987, 0.005441, 0.192926, -0.16947, 0.071501, -0.034112, -0.153046, 0.149968, 0.183529, -0.130275, -0.040723, -0.116427, -0.019172, -0.227326, 0.122939, -0.113893, -0.113289, -0.03684, 0.059675, 0.001354, -0.050348, 0.105404, 0.050009, 0.039104, -0.016622, -0.13109, -0.156675, 0.102621, 0.306484, 0.264944, 0.127662, -0.041102, -0.039242, -0.165267, 0.076937, -0.08176, -0.073527, 0.046429, 0.069574, 0.00906, 0.035852, 0.071153, 0.039154, 0.017062, 0.039662, -0.018268, 0.0679, -0.01288, -0.035654, -0.02535, -0.059801, 0.020015, 0.147464, -0.090031, -0.178379, -0.184214, 0.040763, -0.210616, -0.084971, 0.067735, -0.020457, -0.073222, -0.192916, -0.11925, 0.0175, 0.067246, 0.13673, -0.206243, -0.136094, -0.057276, -0.166062, 0.071628, -0.086998, -0.141098, 0.063872, -0.056164, -0.126217, -0.138292, -0.23162, 0.13732]
[0.095546, -0.121202, 0.045094, -0.302389, -0.050015, -0.050605, -0.280877, 0.143234, 0.00011, 0.017065, 0.004099, -0.109757, -0.004336, 0.140953, -0.008073, -0.079227, 0.057833, -0.091608, -0.187817, -0.070698, -0.193379, -0.025367, -0.036366, 0.122121, -0.135585, 0.094472, 0.043214, -0.136994, -0.084267, 0.119254, 0.084021, -0.11478, 0.006208, -0.096272, 0.119539, 0.195017, 0.044452, -0.072413, 0.194281, -0.17008, -0.051524, 0.023824, -0.023132, -0.172237, 0.094894, 0.164834, 0.071245, 0.022723, -0.075511, -0.19039, 0.143358, -0.092114, -0.09358, -0.076637, -0.10023, -0.099902, -0.204458, -0.037252, -0.127646, 0.058567, -0.235308, -0.13353, 0.099838, -0.103734, -0.013349, 0.084396, -0.156352, 0.027468, 0.003951, 0.09601, -0.098398, -0.06992, -0.076558, 0.032904, -0.163534, 0.016626, -0.189824, -0.192741, 0.203227, 0.023897, -0.103198, -0.069169, 0.035662, -0.123419, 0.089807, -0.004377, -0.166785, -0.060241, -0.169547, -0.010051]

BIAS DA CAMADA OCULTA (w0)
[-0.289057, 0.371724, 0.059684, -0.831747, 0.075908, -0.620069, 0.59482, 0.280172, -0.151059, -0.181621, 0.724516, -0.451073, -0.871705, -0.107437, -0.916463, -0.2668, -0.328365, -0.47449, 0.347057, -0.835148, 0.717804, -0.410226, 0.710473, 0.2592, -0.74357, 0.446515, 0.982155, -1.039455, -0.384145, -0.984933, 0.61504, 0.133304, 0.922229, -0.531389, -0.860705, 0.964107, -0.07684, 0.503462, 0.232277, -0.686031, 0.036542, -0.092728, 0.984776, -0.424949, -0.002122, -0.325474, -0.015017, 0.730054, 0.521436, 0.802587, -0.830798, 0.282503, 0.820045, 0.555199, -0.504119, -0.974565, 0.671638, 0.551369, 0.592089, 0.297461, 0.142068, -0.751762, 0.718881, 0.371772, 0.717982, 0.59551, -1.099631, -0.162892, -0.78698, 0.966165, -0.557808, 0.544554, 0.060728, 0.171391, 0.602383, 0.148133, 0.511105, 0.076338, -0.187727, 0.645412, -0.18363, 1.014189, 0.792509, -0.278702, 0.630913, 0.197937, -0.950987, 0.391681, -0.612988, 0.538093]

PESOS OCULTA SAÍDA (B)
[0.464978, 0.084122, -1.003297, -0.808343, -0.198812, -0.422101, 0.854329, -0.009869, 0.14685, -0.722117, -0.688543, -0.720024, 0.429423, 0.499221, -0.985271, -0.951693, 0.156071, -1.018098, 0.674758, -0.388584, -0.935519, -0.657894, -0.095273, 0.680516, 0.053129, -0.515966]
[-0.455692, 0.770418, 0.648493, 0.506425, 0.530711, -0.371205, -0.407331, -1.086909, 0.305151, 0.052541, -1.161884, -0.842613, -0.856395, -0.478455, -0.117431, -0.885322, 0.271628, -0.313503, -0.232449, 0.367361, -0.722085, -0.500539, -0.322363, -0.877229, -0.592661, -0.270535]
[-0.025383, 0.130595, -0.802915, -0.394259, -0.036712, -0.440969, -0.227945, -0.598439, 1.449532, -0.335314, 0.019869, 0.009025, -0.31718, 0.234758, -0.426856, 0.194966, -0.408737, 0.564108, -0.263402, 1.220499, 0.03794, -0.045803, 0.372603, -0.533839, -1.318357, -0.73382]
[-0.279273, -0.021558, -0.635279, 0.597963, -0.374207, -1.300489, -0.584396, -0.82012, -0.096599, 0.080574, -0.715008, 0.585389, -0.688026, 0.3778, -1.480162, -0.730399, -0.883096, -0.806228, 0.270737, -0.964759, 0.392727, 0.581304, -0.809511, 0.407401, 0.294611, -0.249713]
[-0.656182, -0.57541, 0.210761, -1.071585, -0.450085, -0.076301, 0.770741, -0.355102, 0.246064, -0.067969, 0.083515, -0.1857, -0.282634, 0.002642, 0.512291, -0.081274, 0.65994, -0.575222, -0.272567, -0.155779, 0.388941, -0.233811, 1.030466, -0.492313, -0.386747, -0.276109]
[-0.032174, 0.939721, 0.33504, -1.000593, 0.29699, -0.395693, -0.537846, 0.18459, -0.362415, -0.153851, -0.365849, -0.862796, 0.483959, -0.539153, 0.029186, 0.696812, -0.169041, -0.047862, -0.678085, -0.964843, -0.08998, 0.983424, -0.388218, -0.76225, 0.27328, -0.553921]
[-0.297254, 0.438545, -0.26947, -0.784013, 1.205075, -0.260051, -0.619396, -0.105904, 0.483794, -1.257096, -0.15747, 0.708748, -0.519352, -1.155663, -0.538061, -0.675924, -0.739285, -1.10602, -0.252417, -0.370768, -0.291306, 0.750567, -0.3516, -0.764787, 0.798722, -0.430277]
[-1.290223, -0.120453, -0.44676, -0.067172, -0.45532, -1.274799, -0.866166, -0.663351, -0.950402, -0.074301, 0.25235, -0.883539, 0.338091, 0.22852, 1.167874, 0.764125, 0.218437, 0.715529, 0.229015, -0.567643, -1.16391, -1.380882, 0.357541, 0.045108, 0.441628, -0.278885]
[0.399587, -0.655409, 0.918522, -0.017014, -0.88447, -0.159385, 0.173547, -0.52517, -0.434729, -0.680665, 0.429703, -0.865718, -0.891586, 0.27319, 0.200802, -0.139592, -0.11519, 0.014815, -1.093175, 0.408434, -0.678004, -0.996579, -0.118305, -0.294335, -0.98786, -0.10886]
[-0.256853, -0.394345, -0.136912, -0.181685, -0.183764, 0.716231, 0.419333, -0.260342, -0.936705, -0.181614, -0.258582, -0.14644, 0.656021, -0.298583, 0.244519, -0.056325, 0.437561, -0.109006, -0.187949, 0.519541, -0.146945, 0.181328, -0.34374, -0.429931, -0.425459, -0.276469]
[0.177719, -1.075493, -0.45344, -0.055839, -0.518841, -0.752477, 0.575283, 0.656965, -0.580045, -0.841943, -0.83655, -0.659987, 0.174306, 0.209662, 0.786166, -0.18773, 0.097186, -0.562077, -1.038063, -0.322343, 0.617459, -0.943079, 0.438701, -1.070191, -0.66752, -0.264998]
[-0.406045, -0.031567, -0.62289, -0.434644, 0.049786, 0.083702, -0.0349, 0.682308, -0.029696, -0.806786, -0.416367, -0.879165, 0.482117, -0.567525, -0.511118, 0.189759, -0.696796, -0.673389, -0.341131, -1.035131, -0.646087, -0.076375, -0.1037, -0.337461, 0.961625, -0.521158]
[-0.489908, -0.730083, -1.141936, 0.567778, -1.154511, -1.027755, -0.97345, 0.820079, -0.182273, -0.210705, 0.012531, -0.239451, -1.159972, 0.088444, -1.090124, -0.64966, -0.155946, -1.583698, -0.565395, 0.647787, 0.41166, -0.405887, 0.235351, 0.559847, 0.342716, 0.528089]
[0.661858, -0.415343, -0.775063, -0.058169, -0.726857, 0.233428, 0.38449, -0.632017, -0.638807, 0.688232, 0.457898, -0.689151, -0.048656, 0.400478, -1.088435, -0.573479, -0.3799, 0.954812, -0.282631, -0.395092, -0.658085, -0.21207, -0.117838, -0.159043, -0.731579, -0.798565]
[0.305617, -0.848738, -1.182916, -0.146213, -0.583504, -0.362342, 0.6519, 0.048695, 0.080882, -0.210794, -0.349167, -0.643073, -0.52896, 0.532534, 0.432843, -0.647848, 0.65435, -0.60233, -0.726575, 0.426549, 0.822794, -0.931051, -0.731376, -0.631374, -0.704895, -0.558266]
[-0.911397, -1.180786, 0.735539, -0.664848, 1.082297, 0.550141, -1.06849, -0.861862, 0.159534, 0.801009, -1.537216, -1.179441, -0.575997, -0.782617, -0.196125, 0.587487, -1.148976, -0.856039, -0.620576, 0.491183, -0.870021, -0.112927, -0.392687, 0.298356, 0.867752, 0.771597]
[0.378202, 0.355122, -0.908492, 0.497454, 0.879617, 0.462822, 0.187147, 0.264975, -0.844081, 0.174755, -1.282293, -0.891037, -0.502158, -1.250603, -1.387347, 0.012791, -1.139585, 0.692338, 0.002939, 0.53023, -0.653522, 0.643035, -0.715113, -1.12211, -0.199957, 0.050396]
[-0.9081, 0.015395, -0.872936, -0.90614, 0.061653, -0.556384, -0.853233, 0.348933, -1.710164, -0.536775, 0.752433, -0.263164, -0.621364, 0.09711, -1.280126, -0.643958, -0.036395, -0.347584, -0.323492, 0.664624, 1.027337, 0.059459, -0.278586, 0.221625, 0.175515, 0.245872]
[-0.85527, -1.150069, 0.75263, -0.159735, 0.636185, 0.48638, -0.6364, -1.015006, -1.020924, -1.315796, 0.748259, 0.170521, -0.313966, -0.053519, -0.671861, -1.114114, -0.553643, -0.997853, 0.112581, 0.294195, 0.044218, 0.402638, -0.843315, -0.63087, 0.319862, -1.303299]
[-0.467239, -0.385734, 0.200654, -1.085225, -0.087742, 1.553306, 0.510402, -0.436827, -0.960099, 0.653112, -1.041153, -0.873287, -0.697172, -0.813792, 1.038614, 0.707716, -0.460149, -0.094091, -0.236803, -0.4705, -0.62229, -0.607131, -0.255073, -0.679588, -0.530082, -0.701138]
[0.448953, -0.661141, -0.438763, -0.696275, -0.74247, -0.190287, -0.822117, -0.207104, 0.284734, 0.800455, -1.10548, 0.742261, 0.202219, -0.766588, -1.086932, -0.312376, 0.838624, -0.827993, -0.06665, -0.924169, -0.383431, 0.640841, 0.575982, 1.110286, -0.779899, -0.295504]
[0.311882, -0.889355, 0.721201, -1.030287, -1.083931, -0.075314, 0.243752, -0.573357, 0.19361, 0.37129, -0.112526, 0.770654, -0.004907, -0.978868, -0.450612, -0.768614, 0.948809, 0.479218, -0.569904, -1.276113, -0.470664, 0.576999, -0.428954, -0.229732, -1.239891, -0.25713]
[0.145665, -1.362608, 0.267574, 1.029951, -1.125208, -1.192348, -0.992226, -0.23426, -1.249916, 0.280967, 0.352852, 0.339889, 0.894997, -0.777205, -0.53782, -0.036538, -0.217668, -0.597125, -0.989585, -1.061525, -0.582241, -0.037168, -0.339634, 0.495515, -1.045791, 0.657156]
[-0.686891, -0.12097, -0.681817, 1.0714, -0.399944, -0.548173, -0.824546, -0.129218, -0.412278, -0.578825, -0.579434, 0.433355, -0.099107, -0.306777, -1.024136, 0.816917, 0.453844, 1.619678, -0.523542, -0.522527, -0.206658, 0.763272, -0.293635, -0.59042, -1.305365, -0.128543]
[-0.485919, 0.077262, 0.336045, -0.816814, 0.655731, -0.231075, -1.190113, -0.429814, 0.058678, -1.247007, 0.772226, -0.036319, 0.028889, -1.051694, -0.728816, 0.244191, -1.055314, -1.155729, -0.828032, 0.46259, -0.007685, -0.26779, -0.692063, -0.720563, -0.01556, -0.423952]
[-0.647369, 0.538228, -0.570616, -0.596714, -0.358972, -0.195606, 0.41755, -0.425528, -0.225159, -0.581724, -0.47707, 0.018788, -0.567383, 0.275576, -0.324418, -0.682641, -0.196733, 0.454125, 0.531402, -0.128496, -0.557169, -0.63914, 0.528017, 0.552427, -0.777266, 0.042758]
[-0.316267, 1.052829, 0.185313, 0.097718, -1.018742, -1.171253, -0.119872, 0.062989, -0.617309, -0.481376, -0.168902, -0.927959, 0.503498, -0.39186, 0.038678, 0.91364, 0.183006, 0.720624, -0.884749, -0.586268, 0.185333, 0.259116, -0.343801, -1.075837, -1.280908, -0.385655]
[0.710342, -1.107747, 0.333382, -0.644549, -0.079744, 1.431934, 1.156306, 0.140574, 0.920273, -0.691836, -0.360617, 0.377689, -0.722228, -0.925706, -1.045205, -0.710526, -0.879438, -1.281588, -0.839019, -0.370981, -0.824727, -0.714206, 0.069731, -0.699372, -1.138038, 0.233759]
[-0.344643, 0.701252, -0.771031, -0.341806, -0.670528, -0.658378, 0.096921, -0.855057, -0.218624, -0.311033, 0.307571, -0.306658, 1.132371, -0.15158, 0.792938, -0.39183, 0.244666, -0.619877, -0.192144, -0.326911, 0.001883, -0.601252, 0.643847, 0.230819, -0.264661, -0.187267]
[-0.399247, -0.804246, -0.530858, -0.063197, -0.514201, -0.839348, -0.798901, -0.404185, 0.615628, 0.376902, -1.083674, -0.483002, -0.275069, -0.348847, -0.922981, -0.717751, 0.919025, -0.659769, -0.871759, 0.264434, -0.24296, -0.027055, -0.77276, 0.41681, 0.12259, 0.565131]
[-0.941306, -1.085671, -0.037383, -0.837516, 0.112703, 0.328727, -0.23849, 0.019863, 0.13744, -0.295682, -0.509145, -0.573669, -1.165713, 0.048211, 0.287753, -0.634192, -0.59368, -0.015821, 0.32316, 0.217686, -0.490554, -0.815345, 0.287414, -0.074898, -0.672859, 0.36338]
[-0.580307, -0.907864, -0.21137, 0.965023, -1.684314, -0.047797, -1.325822, -1.038768, -0.199738, 0.032363, -0.948529, -0.325836, 0.081927, 0.111785, 1.005127, 0.78531, -1.517805, -1.678467, -0.799702, 0.279781, 0.505483, 0.137602, -1.003269, 0.039816, 0.210029, -0.338081]
[0.428161, 0.689932, -0.921651, -0.334434, -0.499087, 0.404055, -1.267846, 0.600757, -1.021479, -1.079531, -0.320917, -0.240663, 0.298606, 0.435279, -0.853813, 0.584573, -1.037088, 0.298345, -0.229017, -1.024569, -1.293942, -1.120874, -0.00964, 0.601026, 0.403025, -0.695747]
[-0.42775, -0.143149, -0.056811, -0.026932, -0.27097, -0.148065, -0.199726, -0.545412, 0.896868, 0.331775, -0.043672, -0.434086, -0.284925, -0.586149, -0.384887, -0.201219, -0.012049, -0.612797, 0.989733, 0.631564, -0.711033, -0.273702, -0.071357, -0.504398, -0.309752, -0.810629]
[-0.517219, -0.999513, -0.453857, -0.432693, -0.345737, 0.257253, -0.043628, 0.319768, -1.110329, -0.627619, 0.203326, -0.335259, 0.330847, -0.733785, -0.391959, -0.215646, -0.399493, 0.927789, -0.348716, 0.546012, -0.118752, -0.011336, -0.452485, -0.127337, -0.145014, 0.117294]
[1.286461, -0.535559, -0.473394, -0.167254, -0.30732, 0.157262, -0.545068, -0.733554, 0.907772, 0.418531, -0.690454, 0.118236, 1.000382, -0.546885, -0.139741, 0.103481, -0.38962, -0.888713, -0.412973, -0.883779, -0.282747, -0.694158, 0.469303, -0.01187, -0.349341, -0.472264]
[0.069158, -0.721525, -0.635499, -0.993629, 0.590199, -0.574105, -0.967711, -0.772194, -0.235608, 0.379419, 0.463618, 0.643736, -0.194982, -0.295771, -0.646523, -0.871412, -0.862499, 0.490111, -0.74662, -0.609515, -1.167408, 0.819268, 0.235734, 0.117454, 0.04282, -0.329788]
[-1.018966, -0.829465, -0.800797, -0.324647, -2.082799, 1.911469, -0.739763, 0.638744, -0.857054, -0.121945, -1.276855, -0.767671, -0.254214, 0.57926, 0.449236, 0.762289, -0.665585, -0.042582, -0.236668, 0.161869, -0.877736, 0.026597, 0.668622, 0.783734, -0.660042, -0.663516]
[-0.41329, -0.065852, -0.283003, 0.410644, -0.85739, -0.664112, 0.349191, -1.195534, -0.690894, 0.995662, -0.623111, -0.314415, -0.038295, -0.224675, 0.802853, -0.555728, 0.447068, -0.956918, -0.40897, -0.117124, 0.279822, 0.207825, 0.633333, -0.449162, -0.280363, -0.537922]
[-0.066886, -0.99615, -0.733541, -0.249297, -0.350171, -0.213258, -0.650643, 0.192365, -0.596042, -0.267943, 0.611908, -0.317025, -0.66416, 0.192627, -0.796092, 0.09359, 0.290073, 0.314303, -0.390725, -0.198766, -0.153558, 1.275355, 0.21764, -0.077649, -0.923916, 0.004961]
[-0.269077, -0.240786, -0.676986, 0.337827, 0.241189, -0.345397, -0.586609, 1.042773, 0.385133, 0.204001, 0.004239, -0.26403, -0.818438, -0.699183, -1.069946, -0.064894, 0.123257, -0.601615, -0.441784, -0.414041, 0.510485, -0.440826, 0.512217, -0.251735, -0.521452, 0.242593]
[-0.803718, -0.770539, 0.035232, 0.332352, -0.063718, -0.557511, 0.056429, -0.460067, -1.075401, 0.864553, -0.690187, -0.269045, -0.756516, -0.011597, -0.065529, -0.687136, -0.553394, 0.938755, 0.502567, -0.456794, 0.437603, -0.475349, 0.493964, -0.778962, -0.574294, -0.980905]
[-0.571641, 0.17321, -0.063615, -0.22607, -1.122197, -0.677507, -0.654127, -0.577051, -0.74048, 0.927542, -0.287815, -0.67108, -0.030004, -0.516286, 0.434859, 0.309555, -0.222939, 0.008037, -0.80768, -0.773772, -0.457811, -0.373629, -0.285587, -0.165259, 0.143129, 0.456475]
[-0.782448, -0.636887, 0.010357, -0.426031, 0.062903, -0.177601, -0.192896, -0.311023, 0.067058, -0.462764, -0.423267, 0.619276, -0.035158, -0.705174, -0.168879, 0.297189, -1.342996, -1.156574, 0.000937, -0.340954, 0.187156, -1.115158, -0.482446, 0.179394, 0.615187, 0.680202]
[-0.964976, -0.747715, -0.615151, -0.904407, -0.351035, -0.573992, -0.50695, -0.688377, 0.210634, 0.895291, -0.447434, -0.142589, -0.323357, -0.902262, 0.819312, -0.474647, 0.485222, -1.004996, -0.158197, -0.35644, 0.465073, 0.383777, -0.302498, -1.038988, 1.127569, 0.319048]
[-0.137005, -0.124442, 0.261673, -0.112575, -0.224616, -0.293265, -0.9254, -0.446597, 0.04005, -0.303604, -0.596927, 0.212789, 0.279231, 0.443531, -0.382942, -0.282062, 0.769067, -0.478664, -0.040753, -0.498025, -0.354712, 0.002424, 0.834665, 0.692638, -0.638998, -0.161002]
[-0.829827, 0.669397, -0.737752, 0.201922, -0.055307, -1.740893, -1.066931, 0.043577, -0.237977, -1.131289, 0.270215, 0.822524, -0.869842, -0.012734, 0.006732, -0.189797, -0.259206, 0.682379, -0.401963, -0.797579, -0.109051, -1.26007, -0.221723, -0.141739, -0.62654, 0.480613]
[-0.439766, -0.50529, 0.175877, 0.04371, -0.597404, 0.125267, -0.38177, -0.490944, -0.341677, -0.106861, -0.460016, -0.636361, -0.495525, -0.558878, 0.584549, 0.93414, -0.526168, -0.855496, -0.870163, 0.703943, -0.674491, -0.502829, 0.163468, -0.580597, -0.769282, 0.41133]
[-0.978418, 0.013541, -0.542297, -1.068369, -0.41384, 0.0517, 0.683376, 0.30682, -1.434747, -0.653978, -0.57321, 0.949226, 0.283356, 0.303938, 0.215706, -0.539495, -0.04655, 0.085564, -0.590205, -0.526812, 0.317473, 0.197445, -0.370869, -0.741512, -1.021279, -0.540334]
[-0.267824, 0.276967, -0.811145, -0.000909, -0.435059, -0.506389, -0.560958, -0.429832, -0.771326, 0.242139, -0.445969, 0.087295, -1.097493, -0.784307, -0.324417, 0.361082, -0.459559, -0.00493, 0.374888, -0.574902, -0.301822, -0.623258, -0.178804, 0.307191, -0.683433, 0.652292]
[-0.679752, 0.006641, 0.817054, 0.930691, -1.111243, -1.227736, 0.023508, -1.109795, 0.10393, -0.402898, -0.2152, 0.077607, -0.79283, 0.547447, 0.232613, -0.492154, 0.038564, -0.449217, 1.263062, -0.351912, 0.423726, -0.743917, -0.173558, -0.590102, -0.26839, -0.505671]
[0.12507, -1.61305, -0.240342, -1.043323, -1.302691, 0.416077, -0.878877, 0.640883, -0.763896, -0.377329, 0.840399, -0.808915, -0.095271, 0.248181, -0.414315, 0.055569, -1.112413, -0.770673, -0.740587, -0.612328, 0.57572, -0.225925, 0.284894, 0.474347, -0.048915, -0.999881]
[-0.942316, 0.233473, -0.478831, -0.501005, -0.330672, -0.306506, -0.685275, 0.465971, -0.991726, -0.83756, 0.300952, 0.699158, -0.443847, -0.886872, -0.541796, -0.287899, 0.206655, -0.777638, -0.835769, -0.136618, 0.061997, 0.318883, 0.441405, 0.214027, -0.433398, 0.174506]
[-0.360562, -0.103974, -0.536447, -0.522113, -0.054135, -0.095203, -0.833033, 0.610571, -0.53019, -0.219088, 0.338188, -0.692775, 0.904507, 0.484986, 0.64722, -0.09054, 0.891524, -0.441793, -0.157969, -0.522405, -0.296139, -0.732262, -0.497982, -0.657155, -0.025869, -0.564724]
[-0.47026, -0.618123, 0.49563, -0.925514, -0.52708, -0.306992, -0.620057, -0.736326, 0.462413, 0.983707, -0.594905, -0.959879, -0.459911, -0.748199, -0.241567, 0.249504, -0.1062, -0.012313, -0.504077, 0.627923, -0.528145, 0.218295, 0.386501, 0.132782, -1.149011, 0.845967]
[0.747739, -0.222725, -0.5726, -0.119626, -0.499999, 0.778551, -0.143677, -0.636656, -0.670634, -0.548337, -0.101586, 0.232435, -0.362643, 0.559077, -0.832569, -0.836596, -0.51522, 0.046981, 1.158236, -0.213811, -0.70134, 0.468784, 0.309932, 0.132748, -0.691525, -0.620689]
[0.33505, -1.084474, 1.161155, 0.414656, -1.525815, -0.749502, 0.943828, -1.195642, 0.642058, -0.738319, -0.484746, 0.639231, -0.726462, 0.619022, 0.258975, -0.636558, 0.244633, -0.705562, -0.198616, -0.585609, 0.293557, -0.82337, -0.373654, -0.93855, -0.334728, -0.600106]
[0.577076, 0.343434, -1.327852, 0.723769, 0.271199, -0.077357, -0.213321, 0.911753, -0.032341, -1.118471, -0.953927, -0.295083, -0.624391, -0.12585, -0.180112, -0.681992, -0.136264, -0.292109, -0.433229, -0.859873, -0.616812, -0.749591, -0.047789, -0.935509, -0.777469, -0.128073]
[-0.559989, -0.366038, -0.333564, -0.5647, -0.438053, 0.310082, -0.65822, -0.405206, -0.010935, -0.071655, 1.210669, -0.559921, 0.562661, -0.412066, -0.541279, -0.079962, -0.337361, -0.645851, -0.541433, -0.831223, -0.526979, -0.571742, 0.70837, 0.393702, 0.740386, -0.688023]
[-0.183997, 0.728319, -1.003306, -0.489012, 0.18109, -0.830583, 0.023878, -0.147749, 1.052428, -0.383689, -0.119476, 0.102546, 0.307443, -0.42293, 0.299362, -0.584126, -0.313425, -1.26451, 0.045152, -1.658331, -0.270853, -0.502599, 0.255987, -0.604602, -0.438822, -0.300625]
[0.638555, 0.414944, 0.073796, -0.590369, 0.335055, -0.143723, -0.540687, -0.091827, 0.929274, -0.275962, 0.645032, -0.264721, -0.619043, -0.423907, -0.098757, -0.24093, -0.388214, -1.2849, 0.455635, -0.850521, -0.730343, -0.969518, -0.273754, -1.105571, -0.740845, -0.272874]
[-0.777574, -0.644862, 0.638534, -0.021767, 0.061861, -1.089241, -0.404779, -0.69357, -0.537114, -1.098988, -0.788587, 0.174037, -0.913036, -0.52336, -0.862525, -0.763961, 0.59711, -0.022797, 0.878843, 0.633675, -0.5964, -0.347889, -0.651613, 0.487705, 0.365893, 0.449945]
[0.099102, -0.481071, -0.34975, 0.586094, -0.044246, 0.348345, -0.273972, -0.231454, -1.609563, 0.199812, -0.384789, -0.880972, -0.218705, 0.473687, -0.001524, -0.077833, -1.091774, 0.018222, 0.542633, -0.918175, -0.99346, -0.682446, -0.247287, 0.285224, -0.740312, -0.869771]
[-0.031894, -0.481119, 0.112248, -1.055834, -0.003825, -0.796286, -0.899731, -0.675658, 0.747094, -0.524491, -0.550045, 0.340658, -0.41863, -0.528012, -1.148688, -0.451752, 1.115394, -0.205386, -0.544374, -0.667702, -0.965766, 0.088242, -0.357422, 0.071168, -0.030797, 0.050233]
[0.446373, -1.50506, -0.556415, -0.46817, -0.945172, -0.830105, -0.900652, -0.603308, -0.659479, 0.250269, -0.163751, -0.729088, -0.086638, -0.497374, -0.479629, 0.727454, -0.122145, 1.056667, -0.635292, -0.261462, -0.716697, 0.160662, 0.16681, 0.483323, 0.061722, -0.017361]
[0.379537, 0.231386, -0.860459, 0.846427, -1.098319, -1.098571, -0.397877, -0.278761, -0.326486, 0.409752, -0.964966, -0.227685, -0.15682, -0.623761, -1.148746, -0.298949, -0.745605, 0.624006, 0.10248, -0.709779, -1.070093, -0.762178, -0.026706, 0.076024, -0.452577, 0.878078]
[-0.390587, -1.554517, 0.28466, -0.554861, -1.29829, -0.760186, 0.157893, 0.088407, 0.079895, 0.598905, 0.408312, -0.670594, -1.137057, 0.466436, -0.91185, -1.14916, -0.068718, -0.515746, 1.078974, -0.001925, 0.697315, -0.184707, -0.819828, -0.43607, 0.23962, -0.590161]
[0.288045, -1.174626, -0.733831, -0.565751, -1.111208, 0.35338, -0.479179, -0.998722, -0.417908, 0.00463, -0.351964, -0.573853, 0.234939, -0.591023, -0.529052, 0.327832, -0.032777, -0.491935, -0.144306, -0.835324, -0.791958, 0.2418, -0.73301, 0.241457, -0.317275, -0.198131]
[-0.456858, -0.601949, -0.672138, 0.285828, -0.464242, -0.229885, -0.634532, -0.586803, 1.23886, -0.48342, -0.079055, -0.458527, 0.172526, 0.532719, 0.461828, -0.426623, 0.550207, 0.195315, 0.106386, 0.884179, -0.700847, -0.587783, -0.511804, -0.344917, -0.68952, -0.511604]
[0.228007, -0.36907, -0.577408, -0.513708, -0.365642, 0.126577, 0.519184, 0.607543, -0.961828, -0.475731, -0.596443, -0.294449, 0.761125, 0.207473, -0.825077, -0.626296, 0.123283, -0.522647, -0.796669, 0.412775, -0.862763, -0.562607, 0.228054, 0.657027, -0.220753, -0.165005]
[-0.313312, 0.654062, -0.005039, -0.308576, 0.017972, 0.811077, 0.443237, -0.300661, -0.901, 0.563852, -0.569172, 0.273753, -0.096961, -0.61347, 0.010851, 0.169937, -0.396785, -0.21162, -0.678424, -0.795298, 0.0096, 0.980667, 0.289693, -0.80766, -1.41613, -0.956344]
[-0.884416, -0.051422, -0.281908, 0.156978, 0.621841, -0.496869, -1.361102, -0.646567, 0.001655, 0.400414, 0.405135, -1.776631, -0.24383, -0.974453, 0.236814, 0.242599, -0.398652, 0.128515, -0.24689, 0.10561, -0.782227, -0.362772, -0.244322, -0.822251, 0.147983, 0.189489]
[-0.691338, 0.314548, -0.633581, -0.893759, 0.492575, -0.265122, 0.308243, -0.678331, 0.146767, 0.703438, -1.088848, -0.445392, 0.434207, -0.877369, -0.295214, -0.493258, -1.241647, -0.772572, 0.882529, 0.033181, -0.477772, -0.037727, -0.03861, -0.853992, 0.29957, -0.83975]
[0.077796, 0.652808, 0.354495, 0.293899, -0.548904, -1.431403, -0.777795, 0.027777, -0.601587, -0.593082, -1.220865, -0.691876, -0.335387, -0.844737, 0.068186, 0.786871, -0.296315, -0.185741, -0.711977, 0.347683, -0.088859, 0.013731, -0.850845, -0.937823, -0.752485, -0.400607]
[-0.119128, -0.761466, -0.410217, -0.509147, -0.842455, 0.093589, -0.464743, -1.572865, 0.207065, -0.278328, 0.26524, -0.3981, -0.304197, 0.644365, -0.661104, -0.990861, -0.366866, 0.416156, 0.258132, -0.082419, -0.828657, 0.341888, -0.646664, -0.010264, 0.180218, -1.41673]
[-0.688477, 1.105236, -0.767613, 0.604614, -1.119128, -1.328962, 0.336538, 0.164769, -0.840201, 0.281959, -0.652757, -0.765167, 0.621596, 0.270109, 0.518983, -0.183774, 0.418933, 0.471612, -0.759378, -0.616402, 0.264061, -0.128057, 0.056688, -0.781883, -0.528951, -0.774162]
[-0.930442, -1.229916, 0.300435, -0.411734, 0.733894, 0.121629, 0.011951, 0.103857, -0.740876, -0.963993, 0.670819, -0.173477, -0.559779, -0.633107, -0.454708, -1.012846, -0.492835, -0.613527, 0.247813, -0.571882, 0.078771, -0.188577, -0.988284, -0.975914, 0.47054, -0.882367]
[-0.143001, -0.587986, 0.68166, 0.186283, 0.98154, 0.147506, -0.353208, -0.316, -0.902221, -0.746208, 0.949213, 0.444699, -0.344819, -0.888276, -0.958508, -0.354716, 1.075835, 0.110336, -0.660927, 0.025919, -0.692724, -0.889482, -0.656252, -0.914089, -0.801556, -0.155737]
[-0.500474, -0.322479, -0.14092, -0.041903, -0.22775, -0.704085, -0.836746, -0.415058, -0.28493, -0.335346, -0.409443, -0.225812, 0.580306, 0.347307, 0.829494, -0.056124, -0.344509, 0.772266, -0.381114, -0.303913, -0.413473, -0.302401, 0.999353, -0.382196, -0.170349, -0.161845]
[-0.293976, -0.854766, -0.049248, -0.062598, -0.366304, -0.606965, -0.194823, -0.819686, -0.554758, -0.423293, 0.697716, -0.859181, -0.009902, -0.246953, -0.965884, -0.25406, 0.642432, -0.315549, -0.389038, 0.410377, -0.323698, 0.657206, -0.783653, 0.141619, 0.152314, -0.098144]
[-0.833519, -0.264485, -0.542922, 0.02712, -0.446716, 0.201415, -0.639735, -0.746999, 0.168025, -0.310568, -0.871942, 0.548038, 0.123659, -0.301539, 0.74297, -0.411779, -0.728006, -0.484797, -0.005296, -0.34305, 0.245657, -1.437935, 0.383866, -0.655187, 0.822044, -0.642576]
[0.358726, 0.584797, 0.057032, -0.953778, 0.233775, -0.276047, 0.320252, -0.562033, -1.054932, -0.888276, 0.325384, -0.633491, -0.811348, -0.14871, -1.3717, -0.601203, -0.849573, 0.418121, -0.012757, 0.204991, -1.135293, -0.78436, -0.762496, -0.501168, 0.082804, 0.061185]
[-0.548212, 0.05339, -0.44606, -0.078092, -0.731967, -0.505429, 0.17662, 0.157568, -0.307204, -0.404304, -0.115334, -0.48327, 0.807171, 0.786113, -0.584388, -0.517663, 0.077034, 0.31201, -0.505392, -0.15337, -0.219525, -1.06236, 0.530362, -0.592375, -0.517477, -0.291451]
[0.395615, 0.049729, -1.058226, -1.085636, 0.837636, -0.371831, -0.014721, 0.577579, -0.227273, 0.357165, 0.053633, 0.598811, -1.050966, -0.464182, -0.652318, -1.296628, -0.761273, 0.55553, 0.098233, -0.751085, 0.147662, -0.70522, -0.389369, 0.360858, -0.824267, 0.553762]
[0.268011, -0.469508, -0.147355, -0.087436, 1.092317, -1.434677, -0.020675, -0.891346, 1.025768, -0.789165, -0.827657, 0.60233, -0.874422, -0.847849, -0.249527, -0.574386, 0.367704, -0.549318, -0.846638, -0.88921, -0.481341, -0.901066, 0.379912, -0.688159, -0.557257, 0.762801]
[0.222327, -0.151895, -0.868703, -0.394686, -0.519101, -0.605491, 0.993489, -0.472466, -0.371763, -0.354482, -0.936824, -0.778132, 0.493082, 0.826733, -0.394539, -0.636139, 0.906104, 0.349986, 0.883315, -0.013333, -0.962788, -0.795499, -0.241306, 0.35667, 0.240205, -0.016989]
[-0.509424, -0.70301, -0.424426, -0.668489, -0.057298, -0.247548, -0.67967, 1.176396, -0.021281, -0.127161, 0.159083, -0.253213, 1.050899, 0.766517, -0.50747, -0.261639, -0.924841, -0.816524, -0.539101, -0.297519, 1.979186, -0.117676, -0.607531, -0.401128, -0.544392, -0.233129]
[-0.710219, 0.707972, 0.537448, 0.167357, -0.097846, -0.152339, 0.497787, -0.389677, -0.957642, 0.506914, 0.257891, -0.565134, -0.936141, -0.937642, 0.174997, -0.144365, -0.926576, -0.373391, -1.061715, -0.375767, 0.78265, -0.390919, -0.43765, -1.335112, -0.786816, 0.739768]
[-0.175732, -1.406085, 0.673814, -0.273327, -0.970831, -0.292954, 0.154602, -0.506662, 0.437297, -1.134727, -0.137506, 0.24148, 0.104203, 0.22108, -0.190184, -0.782227, -0.028507, 0.2056, -0.212553, -0.837957, 0.230802, 0.517813, -0.746469, -0.550002, -0.842448, -0.67454]
[-0.923053, -0.060309, 0.521775, -1.82533, -0.139092, 0.109265, 0.594928, -0.824479, -0.462625, -1.21139, -0.625574, -0.536866, -0.155719, -0.107003, 0.613472, -0.432448, 0.099316, -0.537402, -0.047394, -0.110221, 0.250871, 0.533112, -0.439721, -0.889519, 0.103214, -0.638193]

BIAS DA CAMADA DE SAÍDA (b0)
[0.17742, -0.810455, -0.670449, -0.008374, -1.377503, 0.221441, 0.097368, 0.406265, -1.231359, -1.258546, -0.577446, -0.721467, -0.366553, -1.450888, -1.080798, -0.737237, -0.87158, -1.194921, -0.274505, -0.562683, -1.071775, -1.324703, -1.387883, -0.22682, -0.136502, -1.208134]
